runId,experimentId,variant,trial,httpStatus,errorCode,transactionId,finalState,failurePhase,idempotentReplay,endToEndMs,sagaMs,providerOps,compensationsSucceeded,compensationsFailed,paymentAuthorized,paymentCaptured,paymentReversal,locksConfirmed,locksReleased,unresolvedLocks,riskLevel,riskScore,riskDecision,recoveryRecommendation,extra
20260924_215150_n6lu,E01-baseline-success,baseline,0,201,,80d9151f-8f16-4800-8711-b259d6a81ff0,COMPLETED,,false,811.878,659,"[{""itemType"":""hotel"",""operation"":""RESERVE"",""outcome"":""SUCCEEDED"",""latencyMs"":23},{""itemType"":""flight"",""operation"":""RESERVE"",""outcome"":""SUCCEEDED"",""latencyMs"":14},{""itemType"":""transport"",""operation"":""RESERVE"",""outcome"":""SUCCEEDED"",""latencyMs"":17},{""itemType"":""hotel"",""operation"":""CONFIRM"",""outcome"":""SUCCEEDED"",""latencyMs"":24},{""itemType"":""flight"",""operation"":""CONFIRM"",""outcome"":""SUCCEEDED"",""latencyMs"":16},{""itemType"":""transport"",""operation"":""CONFIRM"",""outcome"":""SUCCEEDED"",""latencyMs"":17}]",0,0,true,true,,3,0,0,LOW,30,PROCEED,,
20260924_215150_n6lu,E01-baseline-success,baseline,1,201,,50846bba-1625-4d98-8f04-5d8d0e663fa9,COMPLETED,,false,472.336,401,"[{""itemType"":""hotel"",""operation"":""RESERVE"",""outcome"":""SUCCEEDED"",""latencyMs"":5},{""itemType"":""flight"",""operation"":""RESERVE"",""outcome"":""SUCCEEDED"",""latencyMs"":12},{""itemType"":""transport"",""operation"":""RESERVE"",""outcome"":""SUCCEEDED"",""latencyMs"":13},{""itemType"":""hotel"",""operation"":""CONFIRM"",""outcome"":""SUCCEEDED"",""latencyMs"":13},{""itemType"":""flight"",""operation"":""CONFIRM"",""outcome"":""SUCCEEDED"",""latencyMs"":16},{""itemType"":""transport"",""operation"":""CONFIRM"",""outcome"":""SUCCEEDED"",""latencyMs"":12}]",0,0,true,true,,3,0,0,LOW,30,PROCEED,,
20260924_215150_n6lu,E01-baseline-success,baseline,2,201,,3f4a8032-2941-41a4-a7bc-75c0ccb8bd71,COMPLETED,,false,329.211,294,"[{""itemType"":""hotel"",""operation"":""RESERVE"",""outcome"":""SUCCEEDED"",""latencyMs"":8},{""itemType"":""flight"",""operation"":""RESERVE"",""outcome"":""SUCCEEDED"",""latencyMs"":5},{""itemType"":""transport"",""operation"":""RESERVE"",""outcome"":""SUCCEEDED"",""latencyMs"":12},{""itemType"":""hotel"",""operation"":""CONFIRM"",""outcome"":""SUCCEEDED"",""latencyMs"":18},{""itemType"":""flight"",""operation"":""CONFIRM"",""outcome"":""SUCCEEDED"",""latencyMs"":13},{""itemType"":""transport"",""operation"":""CONFIRM"",""outcome"":""SUCCEEDED"",""latencyMs"":11}]",0,0,true,true,,3,0,0,LOW,30,PROCEED,,
20260924_215150_n6lu,E01-baseline-success,baseline,3,201,,380b55a8-c232-4269-9c08-e4b3f4b7b640,COMPLETED,,false,374.56,330,"[{""itemType"":""hotel"",""operation"":""RESERVE"",""outcome"":""SUCCEEDED"",""latencyMs"":11},{""itemType"":""flight"",""operation"":""RESERVE"",""outcome"":""SUCCEEDED"",""latencyMs"":6},{""itemType"":""transport"",""operation"":""RESERVE"",""outcome"":""SUCCEEDED"",""latencyMs"":7},{""itemType"":""hotel"",""operation"":""CONFIRM"",""outcome"":""SUCCEEDED"",""latencyMs"":12},{""itemType"":""flight"",""operation"":""CONFIRM"",""outcome"":""SUCCEEDED"",""latencyMs"":12},{""itemType"":""transport"",""operation"":""CONFIRM"",""outcome"":""SUCCEEDED"",""latencyMs"":15}]",0,0,true,true,,3,0,0,LOW,30,PROCEED,,
20260924_215150_n6lu,E01-baseline-success,baseline,4,201,,ee76ceff-5a04-4cff-89f6-6f8a7b430a08,COMPLETED,,false,500.281,453,"[{""itemType"":""hotel"",""operation"":""RESERVE"",""outcome"":""SUCCEEDED"",""latencyMs"":12},{""itemType"":""flight"",""operation"":""RESERVE"",""outcome"":""SUCCEEDED"",""latencyMs"":17},{""itemType"":""transport"",""operation"":""RESERVE"",""outcome"":""SUCCEEDED"",""latencyMs"":15},{""itemType"":""hotel"",""operation"":""CONFIRM"",""outcome"":""SUCCEEDED"",""latencyMs"":15},{""itemType"":""flight"",""operation"":""CONFIRM"",""outcome"":""SUCCEEDED"",""latencyMs"":14},{""itemType"":""transport"",""operation"":""CONFIRM"",""outcome"":""SUCCEEDED"",""latencyMs"":18}]",0,0,true,true,,3,0,0,LOW,30,PROCEED,,
20260924_215150_n6lu,E01-baseline-success,baseline,5,201,,614a26f0-ed6c-42a7-bbea-f6bfbabb409e,COMPLETED,,false,401.591,368,"[{""itemType"":""hotel"",""operation"":""RESERVE"",""outcome"":""SUCCEEDED"",""latencyMs"":13},{""itemType"":""flight"",""operation"":""RESERVE"",""outcome"":""SUCCEEDED"",""latencyMs"":12},{""itemType"":""transport"",""operation"":""RESERVE"",""outcome"":""SUCCEEDED"",""latencyMs"":12},{""itemType"":""hotel"",""operation"":""CONFIRM"",""outcome"":""SUCCEEDED"",""latencyMs"":14},{""itemType"":""flight"",""operation"":""CONFIRM"",""outcome"":""SUCCEEDED"",""latencyMs"":15},{""itemType"":""transport"",""operation"":""CONFIRM"",""outcome"":""SUCCEEDED"",""latencyMs"":10}]",0,0,true,true,,3,0,0,LOW,30,PROCEED,,
20260924_215150_n6lu,E01-baseline-success,baseline,6,201,,8bf7c0ff-c522-4647-a957-c4007bf30994,COMPLETED,,false,487.724,429,"[{""itemType"":""hotel"",""operation"":""RESERVE"",""outcome"":""SUCCEEDED"",""latencyMs"":15},{""itemType"":""flight"",""operation"":""RESERVE"",""outcome"":""SUCCEEDED"",""latencyMs"":12},{""itemType"":""transport"",""operation"":""RESERVE"",""outcome"":""SUCCEEDED"",""latencyMs"":15},{""itemType"":""hotel"",""operation"":""CONFIRM"",""outcome"":""SUCCEEDED"",""latencyMs"":11},{""itemType"":""flight"",""operation"":""CONFIRM"",""outcome"":""SUCCEEDED"",""latencyMs"":15},{""itemType"":""transport"",""operation"":""CONFIRM"",""outcome"":""SUCCEEDED"",""latencyMs"":17}]",0,0,true,true,,3,0,0,LOW,30,PROCEED,,
20260924_215150_n6lu,E01-baseline-success,baseline,7,201,,3194a893-9184-4559-9434-e2dcadef0ad6,COMPLETED,,false,496.054,425,"[{""itemType"":""hotel"",""operation"":""RESERVE"",""outcome"":""SUCCEEDED"",""latencyMs"":16},{""itemType"":""flight"",""operation"":""RESERVE"",""outcome"":""SUCCEEDED"",""latencyMs"":13},{""itemType"":""transport"",""operation"":""RESERVE"",""outcome"":""SUCCEEDED"",""latencyMs"":10},{""itemType"":""hotel"",""operation"":""CONFIRM"",""outcome"":""SUCCEEDED"",""latencyMs"":14},{""itemType"":""flight"",""operation"":""CONFIRM"",""outcome"":""SUCCEEDED"",""latencyMs"":14},{""itemType"":""transport"",""operation"":""CONFIRM"",""outcome"":""SUCCEEDED"",""latencyMs"":17}]",0,0,true,true,,3,0,0,LOW,30,PROCEED,,
20260924_215150_n6lu,E01-baseline-success,baseline,8,201,,c0f443d5-a7af-4a40-a733-ac31acffadde,COMPLETED,,false,427.53,399,"[{""itemType"":""hotel"",""operation"":""RESERVE"",""outcome"":""SUCCEEDED"",""latencyMs"":9},{""itemType"":""flight"",""operation"":""RESERVE"",""outcome"":""SUCCEEDED"",""latencyMs"":11},{""itemType"":""transport"",""operation"":""RESERVE"",""outcome"":""SUCCEEDED"",""latencyMs"":18},{""itemType"":""hotel"",""operation"":""CONFIRM"",""outcome"":""SUCCEEDED"",""latencyMs"":12},{""itemType"":""flight"",""operation"":""CONFIRM"",""outcome"":""SUCCEEDED"",""latencyMs"":9},{""itemType"":""transport"",""operation"":""CONFIRM"",""outcome"":""SUCCEEDED"",""latencyMs"":12}]",0,0,true,true,,3,0,0,LOW,30,PROCEED,,
20260924_215150_n6lu,E01-baseline-success,baseline,9,201,,848e834d-715f-47ea-b738-ea26dbba8ff1,COMPLETED,,false,373.466,334,"[{""itemType"":""hotel"",""operation"":""RESERVE"",""outcome"":""SUCCEEDED"",""latencyMs"":14},{""itemType"":""flight"",""operation"":""RESERVE"",""outcome"":""SUCCEEDED"",""latencyMs"":8},{""itemType"":""transport"",""operation"":""RESERVE"",""outcome"":""SUCCEEDED"",""latencyMs"":6},{""itemType"":""hotel"",""operation"":""CONFIRM"",""outcome"":""SUCCEEDED"",""latencyMs"":11},{""itemType"":""flight"",""operation"":""CONFIRM"",""outcome"":""SUCCEEDED"",""latencyMs"":14},{""itemType"":""transport"",""operation"":""CONFIRM"",""outcome"":""SUCCEEDED"",""latencyMs"":12}]",0,0,true,true,,3,0,0,LOW,30,PROCEED,,
20260924_215150_n6lu,E01-baseline-success,baseline,10,201,,e1b8d0a4-1e57-40c4-a935-c1e40a111243,COMPLETED,,false,400.917,365,"[{""itemType"":""hotel"",""operation"":""RESERVE"",""outcome"":""SUCCEEDED"",""latencyMs"":15},{""itemType"":""flight"",""operation"":""RESERVE"",""outcome"":""SUCCEEDED"",""latencyMs"":14},{""itemType"":""transport"",""operation"":""RESERVE"",""outcome"":""SUCCEEDED"",""latencyMs"":11},{""itemType"":""hotel"",""operation"":""CONFIRM"",""outcome"":""SUCCEEDED"",""latencyMs"":8},{""itemType"":""flight"",""operation"":""CONFIRM"",""outcome"":""SUCCEEDED"",""latencyMs"":11},{""itemType"":""transport"",""operation"":""CONFIRM"",""outcome"":""SUCCEEDED"",""latencyMs"":8}]",0,0,true,true,,3,0,0,LOW,30,PROCEED,,
20260924_215150_n6lu,E01-baseline-success,baseline,11,201,,afa464a8-ca5c-478f-8cb9-4b1cb284b2df,COMPLETED,,false,349.074,308,"[{""itemType"":""hotel"",""operation"":""RESERVE"",""outcome"":""SUCCEEDED"",""latencyMs"":11},{""itemType"":""flight"",""operation"":""RESERVE"",""outcome"":""SUCCEEDED"",""latencyMs"":6},{""itemType"":""transport"",""operation"":""RESERVE"",""outcome"":""SUCCEEDED"",""latencyMs"":4},{""itemType"":""hotel"",""operation"":""CONFIRM"",""outcome"":""SUCCEEDED"",""latencyMs"":13},{""itemType"":""flight"",""operation"":""CONFIRM"",""outcome"":""SUCCEEDED"",""latencyMs"":13},{""itemType"":""transport"",""operation"":""CONFIRM"",""outcome"":""SUCCEEDED"",""latencyMs"":10}]",0,0,true,true,,3,0,0,LOW,30,PROCEED,,
20260924_215150_n6lu,E01-baseline-success,baseline,12,201,,14187b38-37d7-46d7-a055-a6f78fd102fa,COMPLETED,,false,356.883,319,"[{""itemType"":""hotel"",""operation"":""RESERVE"",""outcome"":""SUCCEEDED"",""latencyMs"":9},{""itemType"":""flight"",""operation"":""RESERVE"",""outcome"":""SUCCEEDED"",""latencyMs"":12},{""itemType"":""transport"",""operation"":""RESERVE"",""outcome"":""SUCCEEDED"",""latencyMs"":17},{""itemType"":""hotel"",""operation"":""CONFIRM"",""outcome"":""SUCCEEDED"",""latencyMs"":11},{""itemType"":""flight"",""operation"":""CONFIRM"",""outcome"":""SUCCEEDED"",""latencyMs"":12},{""itemType"":""transport"",""operation"":""CONFIRM"",""outcome"":""SUCCEEDED"",""latencyMs"":9}]",0,0,true,true,,3,0,0,LOW,30,PROCEED,,
20260924_215150_n6lu,E01-baseline-success,baseline,13,201,,2c613bb5-c60f-478e-96a7-5d8cf5dcb01e,COMPLETED,,false,289.301,268,"[{""itemType"":""hotel"",""operation"":""RESERVE"",""outcome"":""SUCCEEDED"",""latencyMs"":9},{""itemType"":""flight"",""operation"":""RESERVE"",""outcome"":""SUCCEEDED"",""latencyMs"":7},{""itemType"":""transport"",""operation"":""RESERVE"",""outcome"":""SUCCEEDED"",""latencyMs"":8},{""itemType"":""hotel"",""operation"":""CONFIRM"",""outcome"":""SUCCEEDED"",""latencyMs"":5},{""itemType"":""flight"",""operation"":""CONFIRM"",""outcome"":""SUCCEEDED"",""latencyMs"":5},{""itemType"":""transport"",""operation"":""CONFIRM"",""outcome"":""SUCCEEDED"",""latencyMs"":4}]",0,0,true,true,,3,0,0,LOW,30,PROCEED,,
20260924_215150_n6lu,E01-baseline-success,baseline,14,201,,c93d5682-ff99-49d2-b479-c6cf8a224ff7,COMPLETED,,false,220.592,198,"[{""itemType"":""hotel"",""operation"":""RESERVE"",""outcome"":""SUCCEEDED"",""latencyMs"":5},{""itemType"":""flight"",""operation"":""RESERVE"",""outcome"":""SUCCEEDED"",""latencyMs"":7},{""itemType"":""transport"",""operation"":""RESERVE"",""outcome"":""SUCCEEDED"",""latencyMs"":8},{""itemType"":""hotel"",""operation"":""CONFIRM"",""outcome"":""SUCCEEDED"",""latencyMs"":11},{""itemType"":""flight"",""operation"":""CONFIRM"",""outcome"":""SUCCEEDED"",""latencyMs"":9},{""itemType"":""transport"",""operation"":""CONFIRM"",""outcome"":""SUCCEEDED"",""latencyMs"":7}]",0,0,true,true,,3,0,0,LOW,30,PROCEED,,
20260924_215150_n6lu,E01-baseline-success,baseline,15,201,,90c7c991-cf00-46b0-a619-1980bf857cef,COMPLETED,,false,370.96,321,"[{""itemType"":""hotel"",""operation"":""RESERVE"",""outcome"":""SUCCEEDED"",""latencyMs"":12},{""itemType"":""flight"",""operation"":""RESERVE"",""outcome"":""SUCCEEDED"",""latencyMs"":13},{""itemType"":""transport"",""operation"":""RESERVE"",""outcome"":""SUCCEEDED"",""latencyMs"":13},{""itemType"":""hotel"",""operation"":""CONFIRM"",""outcome"":""SUCCEEDED"",""latencyMs"":7},{""itemType"":""flight"",""operation"":""CONFIRM"",""outcome"":""SUCCEEDED"",""latencyMs"":12},{""itemType"":""transport"",""operation"":""CONFIRM"",""outcome"":""SUCCEEDED"",""latencyMs"":13}]",0,0,true,true,,3,0,0,LOW,30,PROCEED,,
20260924_215150_n6lu,E01-baseline-success,baseline,16,201,,f0590699-df80-4d2f-9eb0-b528fb59641e,COMPLETED,,false,372.22,335,"[{""itemType"":""hotel"",""operation"":""RESERVE"",""outcome"":""SUCCEEDED"",""latencyMs"":14},{""itemType"":""flight"",""operation"":""RESERVE"",""outcome"":""SUCCEEDED"",""latencyMs"":12},{""itemType"":""transport"",""operation"":""RESERVE"",""outcome"":""SUCCEEDED"",""latencyMs"":11},{""itemType"":""hotel"",""operation"":""CONFIRM"",""outcome"":""SUCCEEDED"",""latencyMs"":11},{""itemType"":""flight"",""operation"":""CONFIRM"",""outcome"":""SUCCEEDED"",""latencyMs"":12},{""itemType"":""transport"",""operation"":""CONFIRM"",""outcome"":""SUCCEEDED"",""latencyMs"":9}]",0,0,true,true,,3,0,0,LOW,30,PROCEED,,
20260924_215150_n6lu,E01-baseline-success,baseline,17,201,,02d87bef-fa41-4b8a-9981-ed558e58e257,COMPLETED,,false,310.03,267,"[{""itemType"":""hotel"",""operation"":""RESERVE"",""outcome"":""SUCCEEDED"",""latencyMs"":4},{""itemType"":""flight"",""operation"":""RESERVE"",""outcome"":""SUCCEEDED"",""latencyMs"":7},{""itemType"":""transport"",""operation"":""RESERVE"",""outcome"":""SUCCEEDED"",""latencyMs"":10},{""itemType"":""hotel"",""operation"":""CONFIRM"",""outcome"":""SUCCEEDED"",""latencyMs"":10},{""itemType"":""flight"",""operation"":""CONFIRM"",""outcome"":""SUCCEEDED"",""latencyMs"":7},{""itemType"":""transport"",""operation"":""CONFIRM"",""outcome"":""SUCCEEDED"",""latencyMs"":11}]",0,0,true,true,,3,0,0,LOW,30,PROCEED,,
20260924_215150_n6lu,E01-baseline-success,baseline,18,201,,bad3f1d3-20cc-40cd-95bb-e52f0e84dfdc,COMPLETED,,false,366.998,337,"[{""itemType"":""hotel"",""operation"":""RESERVE"",""outcome"":""SUCCEEDED"",""latencyMs"":11},{""itemType"":""flight"",""operation"":""RESERVE"",""outcome"":""SUCCEEDED"",""latencyMs"":8},{""itemType"":""transport"",""operation"":""RESERVE"",""outcome"":""SUCCEEDED"",""latencyMs"":12},{""itemType"":""hotel"",""operation"":""CONFIRM"",""outcome"":""SUCCEEDED"",""latencyMs"":12},{""itemType"":""flight"",""operation"":""CONFIRM"",""outcome"":""SUCCEEDED"",""latencyMs"":15},{""itemType"":""transport"",""operation"":""CONFIRM"",""outcome"":""SUCCEEDED"",""latencyMs"":7}]",0,0,true,true,,3,0,0,LOW,30,PROCEED,,
20260924_215150_n6lu,E01-baseline-success,baseline,19,201,,cac51d30-a232-476d-a0be-95ba4250868d,COMPLETED,,false,397.884,362,"[{""itemType"":""hotel"",""operation"":""RESERVE"",""outcome"":""SUCCEEDED"",""latencyMs"":15},{""itemType"":""flight"",""operation"":""RESERVE"",""outcome"":""SUCCEEDED"",""latencyMs"":15},{""itemType"":""transport"",""operation"":""RESERVE"",""outcome"":""SUCCEEDED"",""latencyMs"":9},{""itemType"":""hotel"",""operation"":""CONFIRM"",""outcome"":""SUCCEEDED"",""latencyMs"":7},{""itemType"":""flight"",""operation"":""CONFIRM"",""outcome"":""SUCCEEDED"",""latencyMs"":6},{""itemType"":""transport"",""operation"":""CONFIRM"",""outcome"":""SUCCEEDED"",""latencyMs"":3}]",0,0,true,true,,3,0,0,LOW,30,PROCEED,,
20260924_215150_n6lu,E02-first-provider-failure,reserve@hotel,0,409,,8493ef27-6f04-4e0c-a696-72565022c915,ROLLED_BACK,PROVIDER_RESERVE,false,251.725,196,"[{""itemType"":""hotel"",""operation"":""RESERVE"",""outcome"":""FAILED"",""latencyMs"":14}]",0,0,true,false,VOIDED,0,3,0,LOW,30,PROCEED,,
20260924_215150_n6lu,E02-first-provider-failure,reserve@hotel,1,409,,cb18c9a3-1c2a-49ed-90ff-023fa5d8a129,ROLLED_BACK,PROVIDER_RESERVE,false,212.69,164,"[{""itemType"":""hotel"",""operation"":""RESERVE"",""outcome"":""FAILED"",""latencyMs"":16}]",0,0,true,false,VOIDED,0,3,0,LOW,30,PROCEED,,
20260924_215150_n6lu,E02-first-provider-failure,reserve@hotel,2,409,,aeee27d9-85df-48e5-8a7d-74dbddbcedac,ROLLED_BACK,PROVIDER_RESERVE,false,274.394,213,"[{""itemType"":""hotel"",""operation"":""RESERVE"",""outcome"":""FAILED"",""latencyMs"":9}]",0,0,true,false,VOIDED,0,3,0,LOW,30,PROCEED,,
20260924_215150_n6lu,E02-first-provider-failure,reserve@hotel,3,409,,8242d08e-4a2f-4401-91fc-ca5544c7beb9,ROLLED_BACK,PROVIDER_RESERVE,false,134.591,94,"[{""itemType"":""hotel"",""operation"":""RESERVE"",""outcome"":""FAILED"",""latencyMs"":4}]",0,0,true,false,VOIDED,0,3,0,LOW,30,PROCEED,,
20260924_215150_n6lu,E02-first-provider-failure,reserve@hotel,4,409,,551f9c62-4d09-4171-a548-36d49998155f,ROLLED_BACK,PROVIDER_RESERVE,false,291.142,218,"[{""itemType"":""hotel"",""operation"":""RESERVE"",""outcome"":""FAILED"",""latencyMs"":9}]",0,0,true,false,VOIDED,0,3,0,LOW,30,PROCEED,,
20260924_215150_n6lu,E02-first-provider-failure,reserve@hotel,5,409,,ee972786-de6b-467f-836a-3bb74c259fc5,ROLLED_BACK,PROVIDER_RESERVE,false,243.647,183,"[{""itemType"":""hotel"",""operation"":""RESERVE"",""outcome"":""FAILED"",""latencyMs"":9}]",0,0,true,false,VOIDED,0,3,0,LOW,30,PROCEED,,
20260924_215150_n6lu,E02-first-provider-failure,reserve@hotel,6,409,,799219ba-fc83-490e-95fa-c5b8bedfa70d,ROLLED_BACK,PROVIDER_RESERVE,false,179.118,136,"[{""itemType"":""hotel"",""operation"":""RESERVE"",""outcome"":""FAILED"",""latencyMs"":8}]",0,0,true,false,VOIDED,0,3,0,LOW,30,PROCEED,,
20260924_215150_n6lu,E02-first-provider-failure,reserve@hotel,7,409,,f51febbf-3a01-4246-b412-67f7e5c4e1c5,ROLLED_BACK,PROVIDER_RESERVE,false,224.068,179,"[{""itemType"":""hotel"",""operation"":""RESERVE"",""outcome"":""FAILED"",""latencyMs"":13}]",0,0,true,false,VOIDED,0,3,0,LOW,30,PROCEED,,
20260924_215150_n6lu,E02-first-provider-failure,reserve@hotel,8,409,,133c1bab-780d-4a93-a2ed-fd5ca9cd0010,ROLLED_BACK,PROVIDER_RESERVE,false,225.422,177,"[{""itemType"":""hotel"",""operation"":""RESERVE"",""outcome"":""FAILED"",""latencyMs"":13}]",0,0,true,false,VOIDED,0,3,0,LOW,30,PROCEED,,
20260924_215150_n6lu,E02-first-provider-failure,reserve@hotel,9,409,,0fb3fddd-929b-4c50-b401-e53a83d5ed96,ROLLED_BACK,PROVIDER_RESERVE,false,195.202,148,"[{""itemType"":""hotel"",""operation"":""RESERVE"",""outcome"":""FAILED"",""latencyMs"":6}]",0,0,true,false,VOIDED,0,3,0,LOW,30,PROCEED,,
20260924_215150_n6lu,E03-failure-after-multiple-reservations,reserve@transport,0,409,,77389686-fa50-4c5f-a3c7-bdb17a99b237,ROLLED_BACK,PROVIDER_RESERVE,false,375.669,332,"[{""itemType"":""hotel"",""operation"":""RESERVE"",""outcome"":""SUCCEEDED"",""latencyMs"":14},{""itemType"":""flight"",""operation"":""RESERVE"",""outcome"":""SUCCEEDED"",""latencyMs"":11},{""itemType"":""transport"",""operation"":""RESERVE"",""outcome"":""FAILED"",""latencyMs"":12},{""itemType"":""flight"",""operation"":""CANCEL"",""outcome"":""SUCCEEDED"",""latencyMs"":11},{""itemType"":""hotel"",""operation"":""CANCEL"",""outcome"":""SUCCEEDED"",""latencyMs"":6}]",2,0,true,false,VOIDED,0,3,0,LOW,30,PROCEED,,
20260924_215150_n6lu,E03-failure-after-multiple-reservations,reserve@transport,1,409,,091595cf-eaa7-40f7-a7e4-7dd13fc44068,ROLLED_BACK,PROVIDER_RESERVE,false,283.99,243,"[{""itemType"":""hotel"",""operation"":""RESERVE"",""outcome"":""SUCCEEDED"",""latencyMs"":11},{""itemType"":""flight"",""operation"":""RESERVE"",""outcome"":""SUCCEEDED"",""latencyMs"":9},{""itemType"":""transport"",""operation"":""RESERVE"",""outcome"":""FAILED"",""latencyMs"":8},{""itemType"":""flight"",""operation"":""CANCEL"",""outcome"":""SUCCEEDED"",""latencyMs"":6},{""itemType"":""hotel"",""operation"":""CANCEL"",""outcome"":""SUCCEEDED"",""latencyMs"":13}]",2,0,true,false,VOIDED,0,3,0,LOW,30,PROCEED,,
20260924_215150_n6lu,E03-failure-after-multiple-reservations,reserve@transport,2,409,,b7ebfa22-1242-45d7-a4ba-c42eef589c48,ROLLED_BACK,PROVIDER_RESERVE,false,342.234,305,"[{""itemType"":""hotel"",""operation"":""RESERVE"",""outcome"":""SUCCEEDED"",""latencyMs"":11},{""itemType"":""flight"",""operation"":""RESERVE"",""outcome"":""SUCCEEDED"",""latencyMs"":13},{""itemType"":""transport"",""operation"":""RESERVE"",""outcome"":""FAILED"",""latencyMs"":13},{""itemType"":""flight"",""operation"":""CANCEL"",""outcome"":""SUCCEEDED"",""latencyMs"":14},{""itemType"":""hotel"",""operation"":""CANCEL"",""outcome"":""SUCCEEDED"",""latencyMs"":9}]",2,0,true,false,VOIDED,0,3,0,LOW,30,PROCEED,,
20260924_215150_n6lu,E03-failure-after-multiple-reservations,reserve@transport,3,409,,33367cad-4f66-4638-9be8-9096e604b006,ROLLED_BACK,PROVIDER_RESERVE,false,346.314,312,"[{""itemType"":""hotel"",""operation"":""RESERVE"",""outcome"":""SUCCEEDED"",""latencyMs"":12},{""itemType"":""flight"",""operation"":""RESERVE"",""outcome"":""SUCCEEDED"",""latencyMs"":10},{""itemType"":""transport"",""operation"":""RESERVE"",""outcome"":""FAILED"",""latencyMs"":14},{""itemType"":""flight"",""operation"":""CANCEL"",""outcome"":""SUCCEEDED"",""latencyMs"":8},{""itemType"":""hotel"",""operation"":""CANCEL"",""outcome"":""SUCCEEDED"",""latencyMs"":15}]",2,0,true,false,VOIDED,0,3,0,LOW,30,PROCEED,,
20260924_215150_n6lu,E03-failure-after-multiple-reservations,reserve@transport,4,409,,b043409d-f3ce-48e6-b667-6c7b6f1d0acd,ROLLED_BACK,PROVIDER_RESERVE,false,312.46,272,"[{""itemType"":""hotel"",""operation"":""RESERVE"",""outcome"":""SUCCEEDED"",""latencyMs"":6},{""itemType"":""flight"",""operation"":""RESERVE"",""outcome"":""SUCCEEDED"",""latencyMs"":10},{""itemType"":""transport"",""operation"":""RESERVE"",""outcome"":""FAILED"",""latencyMs"":14},{""itemType"":""flight"",""operation"":""CANCEL"",""outcome"":""SUCCEEDED"",""latencyMs"":12},{""itemType"":""hotel"",""operation"":""CANCEL"",""outcome"":""SUCCEEDED"",""latencyMs"":14}]",2,0,true,false,VOIDED,0,3,0,LOW,30,PROCEED,,
20260924_215150_n6lu,E03-failure-after-multiple-reservations,reserve@transport,5,409,,d03cf71a-b1d7-4313-8cb6-3536b5b5d6bf,ROLLED_BACK,PROVIDER_RESERVE,false,382.264,331,"[{""itemType"":""hotel"",""operation"":""RESERVE"",""outcome"":""SUCCEEDED"",""latencyMs"":13},{""itemType"":""flight"",""operation"":""RESERVE"",""outcome"":""SUCCEEDED"",""latencyMs"":12},{""itemType"":""transport"",""operation"":""RESERVE"",""outcome"":""FAILED"",""latencyMs"":11},{""itemType"":""flight"",""operation"":""CANCEL"",""outcome"":""SUCCEEDED"",""latencyMs"":13},{""itemType"":""hotel"",""operation"":""CANCEL"",""outcome"":""SUCCEEDED"",""latencyMs"":14}]",2,0,true,false,VOIDED,0,3,0,LOW,30,PROCEED,,
20260924_215150_n6lu,E03-failure-after-multiple-reservations,reserve@transport,6,409,,39dcc730-36d6-4b65-b459-63a8d672c5d8,ROLLED_BACK,PROVIDER_RESERVE,false,413.014,364,"[{""itemType"":""hotel"",""operation"":""RESERVE"",""outcome"":""SUCCEEDED"",""latencyMs"":8},{""itemType"":""flight"",""operation"":""RESERVE"",""outcome"":""SUCCEEDED"",""latencyMs"":13},{""itemType"":""transport"",""operation"":""RESERVE"",""outcome"":""FAILED"",""latencyMs"":18},{""itemType"":""flight"",""operation"":""CANCEL"",""outcome"":""SUCCEEDED"",""latencyMs"":12},{""itemType"":""hotel"",""operation"":""CANCEL"",""outcome"":""SUCCEEDED"",""latencyMs"":19}]",2,0,true,false,VOIDED,0,3,0,LOW,30,PROCEED,,
20260924_215150_n6lu,E03-failure-after-multiple-reservations,reserve@transport,7,409,,09f3a6dd-0687-46cf-b650-bada36fe75a6,ROLLED_BACK,PROVIDER_RESERVE,false,377.526,335,"[{""itemType"":""hotel"",""operation"":""RESERVE"",""outcome"":""SUCCEEDED"",""latencyMs"":15},{""itemType"":""flight"",""operation"":""RESERVE"",""outcome"":""SUCCEEDED"",""latencyMs"":11},{""itemType"":""transport"",""operation"":""RESERVE"",""outcome"":""FAILED"",""latencyMs"":12},{""itemType"":""flight"",""operation"":""CANCEL"",""outcome"":""SUCCEEDED"",""latencyMs"":10},{""itemType"":""hotel"",""operation"":""CANCEL"",""outcome"":""SUCCEEDED"",""latencyMs"":6}]",2,0,true,false,VOIDED,0,3,0,LOW,30,PROCEED,,
20260924_215150_n6lu,E03-failure-after-multiple-reservations,reserve@transport,8,409,,804dd467-5366-4973-a914-3ffd94f54c6d,ROLLED_BACK,PROVIDER_RESERVE,false,482.375,423,"[{""itemType"":""hotel"",""operation"":""RESERVE"",""outcome"":""SUCCEEDED"",""latencyMs"":13},{""itemType"":""flight"",""operation"":""RESERVE"",""outcome"":""SUCCEEDED"",""latencyMs"":17},{""itemType"":""transport"",""operation"":""RESERVE"",""outcome"":""FAILED"",""latencyMs"":24},{""itemType"":""flight"",""operation"":""CANCEL"",""outcome"":""SUCCEEDED"",""latencyMs"":20},{""itemType"":""hotel"",""operation"":""CANCEL"",""outcome"":""SUCCEEDED"",""latencyMs"":10}]",2,0,true,false,VOIDED,0,3,0,LOW,30,PROCEED,,
20260924_215150_n6lu,E03-failure-after-multiple-reservations,reserve@transport,9,409,,8bf7a428-b55c-47ba-a8c1-2a141d6004ad,ROLLED_BACK,PROVIDER_RESERVE,false,351.178,324,"[{""itemType"":""hotel"",""operation"":""RESERVE"",""outcome"":""SUCCEEDED"",""latencyMs"":19},{""itemType"":""flight"",""operation"":""RESERVE"",""outcome"":""SUCCEEDED"",""latencyMs"":4},{""itemType"":""transport"",""operation"":""RESERVE"",""outcome"":""FAILED"",""latencyMs"":8},{""itemType"":""flight"",""operation"":""CANCEL"",""outcome"":""SUCCEEDED"",""latencyMs"":15},{""itemType"":""hotel"",""operation"":""CANCEL"",""outcome"":""SUCCEEDED"",""latencyMs"":5}]",2,0,true,false,VOIDED,0,3,0,LOW,30,PROCEED,,
20260924_215150_n6lu,E04-successful-compensation,confirm@transport,0,409,,2efd4251-3303-4525-b927-32cdce66b112,ROLLED_BACK,PROVIDER_CONFIRM,false,294.746,256,"[{""itemType"":""hotel"",""operation"":""RESERVE"",""outcome"":""SUCCEEDED"",""latencyMs"":3},{""itemType"":""flight"",""operation"":""RESERVE"",""outcome"":""SUCCEEDED"",""latencyMs"":4},{""itemType"":""transport"",""operation"":""RESERVE"",""outcome"":""SUCCEEDED"",""latencyMs"":3},{""itemType"":""hotel"",""operation"":""CONFIRM"",""outcome"":""SUCCEEDED"",""latencyMs"":4},{""itemType"":""flight"",""operation"":""CONFIRM"",""outcome"":""SUCCEEDED"",""latencyMs"":3},{""itemType"":""transport"",""operation"":""CONFIRM"",""outcome"":""FAILED"",""latencyMs"":5},{""itemType"":""transport"",""operation"":""CANCEL"",""outcome"":""SUCCEEDED"",""latencyMs"":8},{""itemType"":""flight"",""operation"":""CANCEL"",""outcome"":""SUCCEEDED"",""latencyMs"":9},{""itemType"":""hotel"",""operation"":""CANCEL"",""outcome"":""SUCCEEDED"",""latencyMs"":12}]",3,0,true,true,REFUNDED,0,3,0,LOW,30,PROCEED,,
20260924_215150_n6lu,E04-successful-compensation,confirm@transport,1,409,,d6564fb9-6803-4c05-a812-63daa59dcb19,ROLLED_BACK,PROVIDER_CONFIRM,false,416.339,377,"[{""itemType"":""hotel"",""operation"":""RESERVE"",""outcome"":""SUCCEEDED"",""latencyMs"":9},{""itemType"":""flight"",""operation"":""RESERVE"",""outcome"":""SUCCEEDED"",""latencyMs"":7},{""itemType"":""transport"",""operation"":""RESERVE"",""outcome"":""SUCCEEDED"",""latencyMs"":12},{""itemType"":""hotel"",""operation"":""CONFIRM"",""outcome"":""SUCCEEDED"",""latencyMs"":8},{""itemType"":""flight"",""operation"":""CONFIRM"",""outcome"":""SUCCEEDED"",""latencyMs"":12},{""itemType"":""transport"",""operation"":""CONFIRM"",""outcome"":""FAILED"",""latencyMs"":13},{""itemType"":""transport"",""operation"":""CANCEL"",""outcome"":""SUCCEEDED"",""latencyMs"":8},{""itemType"":""flight"",""operation"":""CANCEL"",""outcome"":""SUCCEEDED"",""latencyMs"":12},{""itemType"":""hotel"",""operation"":""CANCEL"",""outcome"":""SUCCEEDED"",""latencyMs"":12}]",3,0,true,true,REFUNDED,0,3,0,LOW,30,PROCEED,,
20260924_215150_n6lu,E04-successful-compensation,confirm@transport,2,409,,3dc082ec-384e-4d28-b584-99677168b286,ROLLED_BACK,PROVIDER_CONFIRM,false,389.651,370,"[{""itemType"":""hotel"",""operation"":""RESERVE"",""outcome"":""SUCCEEDED"",""latencyMs"":8},{""itemType"":""flight"",""operation"":""RESERVE"",""outcome"":""SUCCEEDED"",""latencyMs"":7},{""itemType"":""transport"",""operation"":""RESERVE"",""outcome"":""SUCCEEDED"",""latencyMs"":5},{""itemType"":""hotel"",""operation"":""CONFIRM"",""outcome"":""SUCCEEDED"",""latencyMs"":5},{""itemType"":""flight"",""operation"":""CONFIRM"",""outcome"":""SUCCEEDED"",""latencyMs"":5},{""itemType"":""transport"",""operation"":""CONFIRM"",""outcome"":""FAILED"",""latencyMs"":10},{""itemType"":""transport"",""operation"":""CANCEL"",""outcome"":""SUCCEEDED"",""latencyMs"":10},{""itemType"":""flight"",""operation"":""CANCEL"",""outcome"":""SUCCEEDED"",""latencyMs"":6},{""itemType"":""hotel"",""operation"":""CANCEL"",""outcome"":""SUCCEEDED"",""latencyMs"":4}]",3,0,true,true,REFUNDED,0,3,0,LOW,30,PROCEED,,
20260924_215150_n6lu,E04-successful-compensation,confirm@transport,3,409,,8fef38c0-f144-4f95-b242-61043bf1f940,ROLLED_BACK,PROVIDER_CONFIRM,false,488.164,461,"[{""itemType"":""hotel"",""operation"":""RESERVE"",""outcome"":""SUCCEEDED"",""latencyMs"":12},{""itemType"":""flight"",""operation"":""RESERVE"",""outcome"":""SUCCEEDED"",""latencyMs"":11},{""itemType"":""transport"",""operation"":""RESERVE"",""outcome"":""SUCCEEDED"",""latencyMs"":9},{""itemType"":""hotel"",""operation"":""CONFIRM"",""outcome"":""SUCCEEDED"",""latencyMs"":9},{""itemType"":""flight"",""operation"":""CONFIRM"",""outcome"":""SUCCEEDED"",""latencyMs"":9},{""itemType"":""transport"",""operation"":""CONFIRM"",""outcome"":""FAILED"",""latencyMs"":15},{""itemType"":""transport"",""operation"":""CANCEL"",""outcome"":""SUCCEEDED"",""latencyMs"":14},{""itemType"":""flight"",""operation"":""CANCEL"",""outcome"":""SUCCEEDED"",""latencyMs"":15},{""itemType"":""hotel"",""operation"":""CANCEL"",""outcome"":""SUCCEEDED"",""latencyMs"":10}]",3,0,true,true,REFUNDED,0,3,0,LOW,30,PROCEED,,
20260924_215150_n6lu,E04-successful-compensation,confirm@transport,4,409,,b1283c5a-7fe0-4070-9492-4f61ae617dfb,ROLLED_BACK,PROVIDER_CONFIRM,false,472.253,454,"[{""itemType"":""hotel"",""operation"":""RESERVE"",""outcome"":""SUCCEEDED"",""latencyMs"":14},{""itemType"":""flight"",""operation"":""RESERVE"",""outcome"":""SUCCEEDED"",""latencyMs"":14},{""itemType"":""transport"",""operation"":""RESERVE"",""outcome"":""SUCCEEDED"",""latencyMs"":9},{""itemType"":""hotel"",""operation"":""CONFIRM"",""outcome"":""SUCCEEDED"",""latencyMs"":13},{""itemType"":""flight"",""operation"":""CONFIRM"",""outcome"":""SUCCEEDED"",""latencyMs"":17},{""itemType"":""transport"",""operation"":""CONFIRM"",""outcome"":""FAILED"",""latencyMs"":13},{""itemType"":""transport"",""operation"":""CANCEL"",""outcome"":""SUCCEEDED"",""latencyMs"":14},{""itemType"":""flight"",""operation"":""CANCEL"",""outcome"":""SUCCEEDED"",""latencyMs"":15},{""itemType"":""hotel"",""operation"":""CANCEL"",""outcome"":""SUCCEEDED"",""latencyMs"":10}]",3,0,true,true,REFUNDED,0,3,0,LOW,30,PROCEED,,
20260924_215150_n6lu,E04-successful-compensation,confirm@transport,5,409,,6d6e5697-34fe-427b-96ea-f0298fc4e066,ROLLED_BACK,PROVIDER_CONFIRM,false,463.461,431,"[{""itemType"":""hotel"",""operation"":""RESERVE"",""outcome"":""SUCCEEDED"",""latencyMs"":13},{""itemType"":""flight"",""operation"":""RESERVE"",""outcome"":""SUCCEEDED"",""latencyMs"":11},{""itemType"":""transport"",""operation"":""RESERVE"",""outcome"":""SUCCEEDED"",""latencyMs"":11},{""itemType"":""hotel"",""operation"":""CONFIRM"",""outcome"":""SUCCEEDED"",""latencyMs"":9},{""itemType"":""flight"",""operation"":""CONFIRM"",""outcome"":""SUCCEEDED"",""latencyMs"":13},{""itemType"":""transport"",""operation"":""CONFIRM"",""outcome"":""FAILED"",""latencyMs"":15},{""itemType"":""transport"",""operation"":""CANCEL"",""outcome"":""SUCCEEDED"",""latencyMs"":7},{""itemType"":""flight"",""operation"":""CANCEL"",""outcome"":""SUCCEEDED"",""latencyMs"":9},{""itemType"":""hotel"",""operation"":""CANCEL"",""outcome"":""SUCCEEDED"",""latencyMs"":11}]",3,0,true,true,REFUNDED,0,3,0,LOW,30,PROCEED,,
20260924_215150_n6lu,E04-successful-compensation,confirm@transport,6,409,,6107d287-b4b1-42a7-b2c9-7c7c52c666fa,ROLLED_BACK,PROVIDER_CONFIRM,false,482.248,461,"[{""itemType"":""hotel"",""operation"":""RESERVE"",""outcome"":""SUCCEEDED"",""latencyMs"":7},{""itemType"":""flight"",""operation"":""RESERVE"",""outcome"":""SUCCEEDED"",""latencyMs"":8},{""itemType"":""transport"",""operation"":""RESERVE"",""outcome"":""SUCCEEDED"",""latencyMs"":9},{""itemType"":""hotel"",""operation"":""CONFIRM"",""outcome"":""SUCCEEDED"",""latencyMs"":11},{""itemType"":""flight"",""operation"":""CONFIRM"",""outcome"":""SUCCEEDED"",""latencyMs"":13},{""itemType"":""transport"",""operation"":""CONFIRM"",""outcome"":""FAILED"",""latencyMs"":18},{""itemType"":""transport"",""operation"":""CANCEL"",""outcome"":""SUCCEEDED"",""latencyMs"":16},{""itemType"":""flight"",""operation"":""CANCEL"",""outcome"":""SUCCEEDED"",""latencyMs"":17},{""itemType"":""hotel"",""operation"":""CANCEL"",""outcome"":""SUCCEEDED"",""latencyMs"":18}]",3,0,true,true,REFUNDED,0,3,0,LOW,30,PROCEED,,
20260924_215150_n6lu,E04-successful-compensation,confirm@transport,7,409,,f9451669-f7da-45a0-9737-1e3473f8d4f7,ROLLED_BACK,PROVIDER_CONFIRM,false,367.875,343,"[{""itemType"":""hotel"",""operation"":""RESERVE"",""outcome"":""SUCCEEDED"",""latencyMs"":10},{""itemType"":""flight"",""operation"":""RESERVE"",""outcome"":""SUCCEEDED"",""latencyMs"":11},{""itemType"":""transport"",""operation"":""RESERVE"",""outcome"":""SUCCEEDED"",""latencyMs"":17},{""itemType"":""hotel"",""operation"":""CONFIRM"",""outcome"":""SUCCEEDED"",""latencyMs"":9},{""itemType"":""flight"",""operation"":""CONFIRM"",""outcome"":""SUCCEEDED"",""latencyMs"":7},{""itemType"":""transport"",""operation"":""CONFIRM"",""outcome"":""FAILED"",""latencyMs"":11},{""itemType"":""transport"",""operation"":""CANCEL"",""outcome"":""SUCCEEDED"",""latencyMs"":13},{""itemType"":""flight"",""operation"":""CANCEL"",""outcome"":""SUCCEEDED"",""latencyMs"":9},{""itemType"":""hotel"",""operation"":""CANCEL"",""outcome"":""SUCCEEDED"",""latencyMs"":9}]",3,0,true,true,REFUNDED,0,3,0,LOW,30,PROCEED,,
20260924_215150_n6lu,E04-successful-compensation,confirm@transport,8,409,,a7fddbeb-6224-4bac-ab40-e9c3e5018e45,ROLLED_BACK,PROVIDER_CONFIRM,false,481.279,434,"[{""itemType"":""hotel"",""operation"":""RESERVE"",""outcome"":""SUCCEEDED"",""latencyMs"":13},{""itemType"":""flight"",""operation"":""RESERVE"",""outcome"":""SUCCEEDED"",""latencyMs"":12},{""itemType"":""transport"",""operation"":""RESERVE"",""outcome"":""SUCCEEDED"",""latencyMs"":15},{""itemType"":""hotel"",""operation"":""CONFIRM"",""outcome"":""SUCCEEDED"",""latencyMs"":10},{""itemType"":""flight"",""operation"":""CONFIRM"",""outcome"":""SUCCEEDED"",""latencyMs"":20},{""itemType"":""transport"",""operation"":""CONFIRM"",""outcome"":""FAILED"",""latencyMs"":21},{""itemType"":""transport"",""operation"":""CANCEL"",""outcome"":""SUCCEEDED"",""latencyMs"":10},{""itemType"":""flight"",""operation"":""CANCEL"",""outcome"":""SUCCEEDED"",""latencyMs"":5},{""itemType"":""hotel"",""operation"":""CANCEL"",""outcome"":""SUCCEEDED"",""latencyMs"":5}]",3,0,true,true,REFUNDED,0,3,0,LOW,30,PROCEED,,
20260924_215150_n6lu,E04-successful-compensation,confirm@transport,9,409,,072c61fb-75fb-4d5e-809b-1e882e6600dc,ROLLED_BACK,PROVIDER_CONFIRM,false,620.383,566,"[{""itemType"":""hotel"",""operation"":""RESERVE"",""outcome"":""SUCCEEDED"",""latencyMs"":12},{""itemType"":""flight"",""operation"":""RESERVE"",""outcome"":""SUCCEEDED"",""latencyMs"":28},{""itemType"":""transport"",""operation"":""RESERVE"",""outcome"":""SUCCEEDED"",""latencyMs"":37},{""itemType"":""hotel"",""operation"":""CONFIRM"",""outcome"":""SUCCEEDED"",""latencyMs"":9},{""itemType"":""flight"",""operation"":""CONFIRM"",""outcome"":""SUCCEEDED"",""latencyMs"":11},{""itemType"":""transport"",""operation"":""CONFIRM"",""outcome"":""FAILED"",""latencyMs"":13},{""itemType"":""transport"",""operation"":""CANCEL"",""outcome"":""SUCCEEDED"",""latencyMs"":11},{""itemType"":""flight"",""operation"":""CANCEL"",""outcome"":""SUCCEEDED"",""latencyMs"":21},{""itemType"":""hotel"",""operation"":""CANCEL"",""outcome"":""SUCCEEDED"",""latencyMs"":16}]",3,0,true,true,REFUNDED,0,3,0,LOW,30,PROCEED,,
20260924_215150_n6lu,E05-compensation-failure,cancel-flight-fails,0,409,,8c2cae8c-ee4e-4eb1-914a-3fbd012b2153,ROLLBACK_FAILED,PROVIDER_RESERVE,false,332.696,240,"[{""itemType"":""hotel"",""operation"":""RESERVE"",""outcome"":""SUCCEEDED"",""latencyMs"":6},{""itemType"":""flight"",""operation"":""RESERVE"",""outcome"":""SUCCEEDED"",""latencyMs"":7},{""itemType"":""transport"",""operation"":""RESERVE"",""outcome"":""FAILED"",""latencyMs"":10},{""itemType"":""flight"",""operation"":""CANCEL"",""outcome"":""FAILED"",""latencyMs"":7},{""itemType"":""hotel"",""operation"":""CANCEL"",""outcome"":""SUCCEEDED"",""latencyMs"":7}]",1,1,true,false,VOIDED,1,2,1,LOW,30,PROCEED,MANUAL_OPERATOR_REVIEW,
20260924_215150_n6lu,E05-compensation-failure,cancel-flight-fails,1,409,,f5e189c6-8203-455a-8af4-8d24cce71b53,ROLLBACK_FAILED,PROVIDER_RESERVE,false,280.76,201,"[{""itemType"":""hotel"",""operation"":""RESERVE"",""outcome"":""SUCCEEDED"",""latencyMs"":6},{""itemType"":""flight"",""operation"":""RESERVE"",""outcome"":""SUCCEEDED"",""latencyMs"":5},{""itemType"":""transport"",""operation"":""RESERVE"",""outcome"":""FAILED"",""latencyMs"":4},{""itemType"":""flight"",""operation"":""CANCEL"",""outcome"":""FAILED"",""latencyMs"":4},{""itemType"":""hotel"",""operation"":""CANCEL"",""outcome"":""SUCCEEDED"",""latencyMs"":10}]",1,1,true,false,VOIDED,1,2,1,LOW,30,PROCEED,MANUAL_OPERATOR_REVIEW,
20260924_215150_n6lu,E05-compensation-failure,cancel-flight-fails,2,409,,09870eeb-b923-40e8-8f71-9ec801f9c46a,ROLLBACK_FAILED,PROVIDER_RESERVE,false,315.547,258,"[{""itemType"":""hotel"",""operation"":""RESERVE"",""outcome"":""SUCCEEDED"",""latencyMs"":8},{""itemType"":""flight"",""operation"":""RESERVE"",""outcome"":""SUCCEEDED"",""latencyMs"":12},{""itemType"":""transport"",""operation"":""RESERVE"",""outcome"":""FAILED"",""latencyMs"":11},{""itemType"":""flight"",""operation"":""CANCEL"",""outcome"":""FAILED"",""latencyMs"":6},{""itemType"":""hotel"",""operation"":""CANCEL"",""outcome"":""SUCCEEDED"",""latencyMs"":10}]",1,1,true,false,VOIDED,1,2,1,LOW,30,PROCEED,MANUAL_OPERATOR_REVIEW,
20260924_215150_n6lu,E05-compensation-failure,cancel-flight-fails,3,409,,5d732ea5-4e70-49de-adca-52a43792846f,ROLLBACK_FAILED,PROVIDER_RESERVE,false,351.072,267,"[{""itemType"":""hotel"",""operation"":""RESERVE"",""outcome"":""SUCCEEDED"",""latencyMs"":10},{""itemType"":""flight"",""operation"":""RESERVE"",""outcome"":""SUCCEEDED"",""latencyMs"":9},{""itemType"":""transport"",""operation"":""RESERVE"",""outcome"":""FAILED"",""latencyMs"":11},{""itemType"":""flight"",""operation"":""CANCEL"",""outcome"":""FAILED"",""latencyMs"":12},{""itemType"":""hotel"",""operation"":""CANCEL"",""outcome"":""SUCCEEDED"",""latencyMs"":17}]",1,1,true,false,VOIDED,1,2,1,LOW,30,PROCEED,MANUAL_OPERATOR_REVIEW,
20260924_215150_n6lu,E05-compensation-failure,cancel-flight-fails,4,409,,a24be664-e334-4a74-938f-ab88cf8256ed,ROLLBACK_FAILED,PROVIDER_RESERVE,false,309.691,222,"[{""itemType"":""hotel"",""operation"":""RESERVE"",""outcome"":""SUCCEEDED"",""latencyMs"":5},{""itemType"":""flight"",""operation"":""RESERVE"",""outcome"":""SUCCEEDED"",""latencyMs"":4},{""itemType"":""transport"",""operation"":""RESERVE"",""outcome"":""FAILED"",""latencyMs"":7},{""itemType"":""flight"",""operation"":""CANCEL"",""outcome"":""FAILED"",""latencyMs"":18},{""itemType"":""hotel"",""operation"":""CANCEL"",""outcome"":""SUCCEEDED"",""latencyMs"":15}]",1,1,true,false,VOIDED,1,2,1,LOW,30,PROCEED,MANUAL_OPERATOR_REVIEW,
20260924_215150_n6lu,E05-compensation-failure,cancel-flight-fails,5,409,,106d47d7-2561-48af-b733-51191eb24861,ROLLBACK_FAILED,PROVIDER_RESERVE,false,336.73,246,"[{""itemType"":""hotel"",""operation"":""RESERVE"",""outcome"":""SUCCEEDED"",""latencyMs"":8},{""itemType"":""flight"",""operation"":""RESERVE"",""outcome"":""SUCCEEDED"",""latencyMs"":11},{""itemType"":""transport"",""operation"":""RESERVE"",""outcome"":""FAILED"",""latencyMs"":12},{""itemType"":""flight"",""operation"":""CANCEL"",""outcome"":""FAILED"",""latencyMs"":13},{""itemType"":""hotel"",""operation"":""CANCEL"",""outcome"":""SUCCEEDED"",""latencyMs"":12}]",1,1,true,false,VOIDED,1,2,1,LOW,30,PROCEED,MANUAL_OPERATOR_REVIEW,
20260924_215150_n6lu,E05-compensation-failure,cancel-flight-fails,6,409,,8d1d7bf1-6c74-4299-aa92-c54383dc3db1,ROLLBACK_FAILED,PROVIDER_RESERVE,false,328.37,283,"[{""itemType"":""hotel"",""operation"":""RESERVE"",""outcome"":""SUCCEEDED"",""latencyMs"":8},{""itemType"":""flight"",""operation"":""RESERVE"",""outcome"":""SUCCEEDED"",""latencyMs"":11},{""itemType"":""transport"",""operation"":""RESERVE"",""outcome"":""FAILED"",""latencyMs"":14},{""itemType"":""flight"",""operation"":""CANCEL"",""outcome"":""FAILED"",""latencyMs"":16},{""itemType"":""hotel"",""operation"":""CANCEL"",""outcome"":""SUCCEEDED"",""latencyMs"":12}]",1,1,true,false,VOIDED,1,2,1,LOW,30,PROCEED,MANUAL_OPERATOR_REVIEW,
20260924_215150_n6lu,E05-compensation-failure,cancel-flight-fails,7,409,,e900fa93-3f2e-48a0-b5db-f9d9303ef55c,ROLLBACK_FAILED,PROVIDER_RESERVE,false,342.841,268,"[{""itemType"":""hotel"",""operation"":""RESERVE"",""outcome"":""SUCCEEDED"",""latencyMs"":5},{""itemType"":""flight"",""operation"":""RESERVE"",""outcome"":""SUCCEEDED"",""latencyMs"":4},{""itemType"":""transport"",""operation"":""RESERVE"",""outcome"":""FAILED"",""latencyMs"":14},{""itemType"":""flight"",""operation"":""CANCEL"",""outcome"":""FAILED"",""latencyMs"":14},{""itemType"":""hotel"",""operation"":""CANCEL"",""outcome"":""SUCCEEDED"",""latencyMs"":10}]",1,1,true,false,VOIDED,1,2,1,LOW,30,PROCEED,MANUAL_OPERATOR_REVIEW,
20260924_215150_n6lu,E05-compensation-failure,cancel-flight-fails,8,409,,e3c71594-8f27-45d6-afb9-7283be9337f1,ROLLBACK_FAILED,PROVIDER_RESERVE,false,433.735,324,"[{""itemType"":""hotel"",""operation"":""RESERVE"",""outcome"":""SUCCEEDED"",""latencyMs"":12},{""itemType"":""flight"",""operation"":""RESERVE"",""outcome"":""SUCCEEDED"",""latencyMs"":13},{""itemType"":""transport"",""operation"":""RESERVE"",""outcome"":""FAILED"",""latencyMs"":10},{""itemType"":""flight"",""operation"":""CANCEL"",""outcome"":""FAILED"",""latencyMs"":15},{""itemType"":""hotel"",""operation"":""CANCEL"",""outcome"":""SUCCEEDED"",""latencyMs"":9}]",1,1,true,false,VOIDED,1,2,1,LOW,30,PROCEED,MANUAL_OPERATOR_REVIEW,
20260924_215150_n6lu,E05-compensation-failure,cancel-flight-fails,9,409,,eca33fa8-82d4-466a-bf02-d804c9b7367f,ROLLBACK_FAILED,PROVIDER_RESERVE,false,363.724,323,"[{""itemType"":""hotel"",""operation"":""RESERVE"",""outcome"":""SUCCEEDED"",""latencyMs"":14},{""itemType"":""flight"",""operation"":""RESERVE"",""outcome"":""SUCCEEDED"",""latencyMs"":13},{""itemType"":""transport"",""operation"":""RESERVE"",""outcome"":""FAILED"",""latencyMs"":12},{""itemType"":""flight"",""operation"":""CANCEL"",""outcome"":""FAILED"",""latencyMs"":10},{""itemType"":""hotel"",""operation"":""CANCEL"",""outcome"":""SUCCEEDED"",""latencyMs"":16}]",1,1,true,false,VOIDED,1,2,1,LOW,30,PROCEED,MANUAL_OPERATOR_REVIEW,
20260924_215150_n6lu,E05-compensation-failure,cancel-flight-and-hotel-fail,0,409,,4163c5e0-4a0c-4b2c-b466-cff99ab40322,ROLLBACK_FAILED,PROVIDER_RESERVE,false,493.225,411,"[{""itemType"":""hotel"",""operation"":""RESERVE"",""outcome"":""SUCCEEDED"",""latencyMs"":10},{""itemType"":""flight"",""operation"":""RESERVE"",""outcome"":""SUCCEEDED"",""latencyMs"":13},{""itemType"":""transport"",""operation"":""RESERVE"",""outcome"":""FAILED"",""latencyMs"":36},{""itemType"":""flight"",""operation"":""CANCEL"",""outcome"":""FAILED"",""latencyMs"":20},{""itemType"":""hotel"",""operation"":""CANCEL"",""outcome"":""FAILED"",""latencyMs"":17}]",0,2,true,false,VOIDED,2,1,2,LOW,30,PROCEED,MANUAL_OPERATOR_REVIEW,
20260924_215150_n6lu,E05-compensation-failure,cancel-flight-and-hotel-fail,1,409,,bd4782b8-d965-4505-8efb-c2d1d23f7c24,ROLLBACK_FAILED,PROVIDER_RESERVE,false,470.753,377,"[{""itemType"":""hotel"",""operation"":""RESERVE"",""outcome"":""SUCCEEDED"",""latencyMs"":12},{""itemType"":""flight"",""operation"":""RESERVE"",""outcome"":""SUCCEEDED"",""latencyMs"":24},{""itemType"":""transport"",""operation"":""RESERVE"",""outcome"":""FAILED"",""latencyMs"":24},{""itemType"":""flight"",""operation"":""CANCEL"",""outcome"":""FAILED"",""latencyMs"":30},{""itemType"":""hotel"",""operation"":""CANCEL"",""outcome"":""FAILED"",""latencyMs"":7}]",0,2,true,false,VOIDED,2,1,2,LOW,30,PROCEED,MANUAL_OPERATOR_REVIEW,
20260924_215150_n6lu,E05-compensation-failure,cancel-flight-and-hotel-fail,2,409,,627f79c9-46d1-4cde-946c-7aaa4f3fc03d,ROLLBACK_FAILED,PROVIDER_RESERVE,false,345.569,254,"[{""itemType"":""hotel"",""operation"":""RESERVE"",""outcome"":""SUCCEEDED"",""latencyMs"":9},{""itemType"":""flight"",""operation"":""RESERVE"",""outcome"":""SUCCEEDED"",""latencyMs"":12},{""itemType"":""transport"",""operation"":""RESERVE"",""outcome"":""FAILED"",""latencyMs"":14},{""itemType"":""flight"",""operation"":""CANCEL"",""outcome"":""FAILED"",""latencyMs"":8},{""itemType"":""hotel"",""operation"":""CANCEL"",""outcome"":""FAILED"",""latencyMs"":8}]",0,2,true,false,VOIDED,2,1,2,LOW,30,PROCEED,MANUAL_OPERATOR_REVIEW,
20260924_215150_n6lu,E05-compensation-failure,cancel-flight-and-hotel-fail,3,409,,1033c79d-f243-491f-9611-3747079ece23,ROLLBACK_FAILED,PROVIDER_RESERVE,false,363.838,278,"[{""itemType"":""hotel"",""operation"":""RESERVE"",""outcome"":""SUCCEEDED"",""latencyMs"":11},{""itemType"":""flight"",""operation"":""RESERVE"",""outcome"":""SUCCEEDED"",""latencyMs"":12},{""itemType"":""transport"",""operation"":""RESERVE"",""outcome"":""FAILED"",""latencyMs"":11},{""itemType"":""flight"",""operation"":""CANCEL"",""outcome"":""FAILED"",""latencyMs"":14},{""itemType"":""hotel"",""operation"":""CANCEL"",""outcome"":""FAILED"",""latencyMs"":11}]",0,2,true,false,VOIDED,2,1,2,LOW,30,PROCEED,MANUAL_OPERATOR_REVIEW,
20260924_215150_n6lu,E05-compensation-failure,cancel-flight-and-hotel-fail,4,409,,9cf760b2-d2dd-4c00-8529-a201ebf61182,ROLLBACK_FAILED,PROVIDER_RESERVE,false,308.909,211,"[{""itemType"":""hotel"",""operation"":""RESERVE"",""outcome"":""SUCCEEDED"",""latencyMs"":5},{""itemType"":""flight"",""operation"":""RESERVE"",""outcome"":""SUCCEEDED"",""latencyMs"":6},{""itemType"":""transport"",""operation"":""RESERVE"",""outcome"":""FAILED"",""latencyMs"":5},{""itemType"":""flight"",""operation"":""CANCEL"",""outcome"":""FAILED"",""latencyMs"":16},{""itemType"":""hotel"",""operation"":""CANCEL"",""outcome"":""FAILED"",""latencyMs"":21}]",0,2,true,false,VOIDED,2,1,2,LOW,30,PROCEED,MANUAL_OPERATOR_REVIEW,
20260924_215150_n6lu,E05-compensation-failure,cancel-flight-and-hotel-fail,5,409,,8d8592e8-26a8-4311-9e3d-23e05094c4e1,ROLLBACK_FAILED,PROVIDER_RESERVE,false,366.02,270,"[{""itemType"":""hotel"",""operation"":""RESERVE"",""outcome"":""SUCCEEDED"",""latencyMs"":12},{""itemType"":""flight"",""operation"":""RESERVE"",""outcome"":""SUCCEEDED"",""latencyMs"":11},{""itemType"":""transport"",""operation"":""RESERVE"",""outcome"":""FAILED"",""latencyMs"":15},{""itemType"":""flight"",""operation"":""CANCEL"",""outcome"":""FAILED"",""latencyMs"":16},{""itemType"":""hotel"",""operation"":""CANCEL"",""outcome"":""FAILED"",""latencyMs"":15}]",0,2,true,false,VOIDED,2,1,2,LOW,30,PROCEED,MANUAL_OPERATOR_REVIEW,
20260924_215150_n6lu,E05-compensation-failure,cancel-flight-and-hotel-fail,6,409,,39a5b639-e9b5-41a8-a7b5-1c8e99bbfae4,ROLLBACK_FAILED,PROVIDER_RESERVE,false,511.569,401,"[{""itemType"":""hotel"",""operation"":""RESERVE"",""outcome"":""SUCCEEDED"",""latencyMs"":13},{""itemType"":""flight"",""operation"":""RESERVE"",""outcome"":""SUCCEEDED"",""latencyMs"":13},{""itemType"":""transport"",""operation"":""RESERVE"",""outcome"":""FAILED"",""latencyMs"":18},{""itemType"":""flight"",""operation"":""CANCEL"",""outcome"":""FAILED"",""latencyMs"":18},{""itemType"":""hotel"",""operation"":""CANCEL"",""outcome"":""FAILED"",""latencyMs"":20}]",0,2,true,false,VOIDED,2,1,2,LOW,30,PROCEED,MANUAL_OPERATOR_REVIEW,
20260924_215150_n6lu,E05-compensation-failure,cancel-flight-and-hotel-fail,7,409,,4224e317-a1d6-486b-b87b-f27adf64f914,ROLLBACK_FAILED,PROVIDER_RESERVE,false,384.541,284,"[{""itemType"":""hotel"",""operation"":""RESERVE"",""outcome"":""SUCCEEDED"",""latencyMs"":6},{""itemType"":""flight"",""operation"":""RESERVE"",""outcome"":""SUCCEEDED"",""latencyMs"":13},{""itemType"":""transport"",""operation"":""RESERVE"",""outcome"":""FAILED"",""latencyMs"":15},{""itemType"":""flight"",""operation"":""CANCEL"",""outcome"":""FAILED"",""latencyMs"":18},{""itemType"":""hotel"",""operation"":""CANCEL"",""outcome"":""FAILED"",""latencyMs"":16}]",0,2,true,false,VOIDED,2,1,2,LOW,30,PROCEED,MANUAL_OPERATOR_REVIEW,
20260924_215150_n6lu,E05-compensation-failure,cancel-flight-and-hotel-fail,8,409,,37532336-9160-446c-9137-136e0789b7eb,ROLLBACK_FAILED,PROVIDER_RESERVE,false,367.398,320,"[{""itemType"":""hotel"",""operation"":""RESERVE"",""outcome"":""SUCCEEDED"",""latencyMs"":12},{""itemType"":""flight"",""operation"":""RESERVE"",""outcome"":""SUCCEEDED"",""latencyMs"":13},{""itemType"":""transport"",""operation"":""RESERVE"",""outcome"":""FAILED"",""latencyMs"":15},{""itemType"":""flight"",""operation"":""CANCEL"",""outcome"":""FAILED"",""latencyMs"":13},{""itemType"":""hotel"",""operation"":""CANCEL"",""outcome"":""FAILED"",""latencyMs"":9}]",0,2,true,false,VOIDED,2,1,2,LOW,30,PROCEED,MANUAL_OPERATOR_REVIEW,
20260924_215150_n6lu,E05-compensation-failure,cancel-flight-and-hotel-fail,9,409,,6fb712af-802b-4f81-9632-2d5750e90745,ROLLBACK_FAILED,PROVIDER_RESERVE,false,351.383,257,"[{""itemType"":""hotel"",""operation"":""RESERVE"",""outcome"":""SUCCEEDED"",""latencyMs"":11},{""itemType"":""flight"",""operation"":""RESERVE"",""outcome"":""SUCCEEDED"",""latencyMs"":10},{""itemType"":""transport"",""operation"":""RESERVE"",""outcome"":""FAILED"",""latencyMs"":21},{""itemType"":""flight"",""operation"":""CANCEL"",""outcome"":""FAILED"",""latencyMs"":16},{""itemType"":""hotel"",""operation"":""CANCEL"",""outcome"":""FAILED"",""latencyMs"":9}]",0,2,true,false,VOIDED,2,1,2,LOW,30,PROCEED,MANUAL_OPERATOR_REVIEW,
20260924_215150_n6lu,E06-payment-authorization-failure,authorize-declined,0,409,,56312a74-7d3d-4d67-b686-b0d8af7c5706,ROLLED_BACK,PAYMENT_AUTHORIZATION,false,213.684,160,[],0,0,false,false,,0,3,0,LOW,30,PROCEED,,
20260924_215150_n6lu,E06-payment-authorization-failure,authorize-declined,1,409,,34b517a5-3199-4dde-be05-00b9b2c3d22b,ROLLED_BACK,PAYMENT_AUTHORIZATION,false,168.106,120,[],0,0,false,false,,0,3,0,LOW,30,PROCEED,,
20260924_215150_n6lu,E06-payment-authorization-failure,authorize-declined,2,409,,003cc41f-38c3-4ff4-bbf4-c8b57820e6ff,ROLLED_BACK,PAYMENT_AUTHORIZATION,false,167.322,119,[],0,0,false,false,,0,3,0,LOW,30,PROCEED,,
20260924_215150_n6lu,E06-payment-authorization-failure,authorize-declined,3,409,,a5a05c23-f5df-4a20-9178-56f826663121,ROLLED_BACK,PAYMENT_AUTHORIZATION,false,252.719,175,[],0,0,false,false,,0,3,0,LOW,30,PROCEED,,
20260924_215150_n6lu,E06-payment-authorization-failure,authorize-declined,4,409,,2d7ffbd1-905e-4f71-9cf1-6aad0f9fa278,ROLLED_BACK,PAYMENT_AUTHORIZATION,false,244.985,173,[],0,0,false,false,,0,3,0,LOW,30,PROCEED,,
20260924_215150_n6lu,E06-payment-authorization-failure,authorize-declined,5,409,,59dbd33c-e10a-4355-b8f0-477c75ca8b05,ROLLED_BACK,PAYMENT_AUTHORIZATION,false,185.673,119,[],0,0,false,false,,0,3,0,LOW,30,PROCEED,,
20260924_215150_n6lu,E06-payment-authorization-failure,authorize-declined,6,409,,f8e9e530-35a1-440c-8250-477ded2d10e8,ROLLED_BACK,PAYMENT_AUTHORIZATION,false,189.882,118,[],0,0,false,false,,0,3,0,LOW,30,PROCEED,,
20260924_215150_n6lu,E06-payment-authorization-failure,authorize-declined,7,409,,01ed1f33-54d0-4f86-ae6c-a7eb872f5c61,ROLLED_BACK,PAYMENT_AUTHORIZATION,false,300.241,207,[],0,0,false,false,,0,3,0,LOW,30,PROCEED,,
20260924_215150_n6lu,E06-payment-authorization-failure,authorize-declined,8,409,,6484be8f-67bd-46e5-8f86-50e3161fcedd,ROLLED_BACK,PAYMENT_AUTHORIZATION,false,262.414,194,[],0,0,false,false,,0,3,0,LOW,30,PROCEED,,
20260924_215150_n6lu,E06-payment-authorization-failure,authorize-declined,9,409,,9dd56d69-3cca-46ad-96b2-18290aeb42d8,ROLLED_BACK,PAYMENT_AUTHORIZATION,false,198.443,136,[],0,0,false,false,,0,3,0,LOW,30,PROCEED,,
20260924_215150_n6lu,E07-payment-capture-failure,capture-failed,0,409,,d1131bb7-cacc-4039-b992-3fe98b47cc5f,ROLLED_BACK,PAYMENT_CAPTURE,false,449.202,402,"[{""itemType"":""hotel"",""operation"":""RESERVE"",""outcome"":""SUCCEEDED"",""latencyMs"":13},{""itemType"":""flight"",""operation"":""RESERVE"",""outcome"":""SUCCEEDED"",""latencyMs"":10},{""itemType"":""transport"",""operation"":""RESERVE"",""outcome"":""SUCCEEDED"",""latencyMs"":10},{""itemType"":""transport"",""operation"":""CANCEL"",""outcome"":""SUCCEEDED"",""latencyMs"":15},{""itemType"":""flight"",""operation"":""CANCEL"",""outcome"":""SUCCEEDED"",""latencyMs"":15},{""itemType"":""hotel"",""operation"":""CANCEL"",""outcome"":""SUCCEEDED"",""latencyMs"":15}]",3,0,true,false,REFUNDED,0,3,0,LOW,30,PROCEED,,
20260924_215150_n6lu,E07-payment-capture-failure,capture-failed,1,409,,332a6a2f-fb47-417e-af88-9c28355e8e14,ROLLED_BACK,PAYMENT_CAPTURE,false,455.651,416,"[{""itemType"":""hotel"",""operation"":""RESERVE"",""outcome"":""SUCCEEDED"",""latencyMs"":15},{""itemType"":""flight"",""operation"":""RESERVE"",""outcome"":""SUCCEEDED"",""latencyMs"":11},{""itemType"":""transport"",""operation"":""RESERVE"",""outcome"":""SUCCEEDED"",""latencyMs"":16},{""itemType"":""transport"",""operation"":""CANCEL"",""outcome"":""SUCCEEDED"",""latencyMs"":16},{""itemType"":""flight"",""operation"":""CANCEL"",""outcome"":""SUCCEEDED"",""latencyMs"":16},{""itemType"":""hotel"",""operation"":""CANCEL"",""outcome"":""SUCCEEDED"",""latencyMs"":14}]",3,0,true,false,REFUNDED,0,3,0,LOW,30,PROCEED,,
20260924_215150_n6lu,E07-payment-capture-failure,capture-failed,2,409,,e101dd2f-a7f0-4c95-84ea-58ac7fe18cba,ROLLED_BACK,PAYMENT_CAPTURE,false,367.368,325,"[{""itemType"":""hotel"",""operation"":""RESERVE"",""outcome"":""SUCCEEDED"",""latencyMs"":7},{""itemType"":""flight"",""operation"":""RESERVE"",""outcome"":""SUCCEEDED"",""latencyMs"":5},{""itemType"":""transport"",""operation"":""RESERVE"",""outcome"":""SUCCEEDED"",""latencyMs"":11},{""itemType"":""transport"",""operation"":""CANCEL"",""outcome"":""SUCCEEDED"",""latencyMs"":10},{""itemType"":""flight"",""operation"":""CANCEL"",""outcome"":""SUCCEEDED"",""latencyMs"":6},{""itemType"":""hotel"",""operation"":""CANCEL"",""outcome"":""SUCCEEDED"",""latencyMs"":10}]",3,0,true,false,REFUNDED,0,3,0,LOW,30,PROCEED,,
20260924_215150_n6lu,E07-payment-capture-failure,capture-failed,3,409,,ce573230-4ff1-482e-9064-29f85ba7c9ee,ROLLED_BACK,PAYMENT_CAPTURE,false,399.463,368,"[{""itemType"":""hotel"",""operation"":""RESERVE"",""outcome"":""SUCCEEDED"",""latencyMs"":9},{""itemType"":""flight"",""operation"":""RESERVE"",""outcome"":""SUCCEEDED"",""latencyMs"":12},{""itemType"":""transport"",""operation"":""RESERVE"",""outcome"":""SUCCEEDED"",""latencyMs"":15},{""itemType"":""transport"",""operation"":""CANCEL"",""outcome"":""SUCCEEDED"",""latencyMs"":14},{""itemType"":""flight"",""operation"":""CANCEL"",""outcome"":""SUCCEEDED"",""latencyMs"":14},{""itemType"":""hotel"",""operation"":""CANCEL"",""outcome"":""SUCCEEDED"",""latencyMs"":18}]",3,0,true,false,REFUNDED,0,3,0,LOW,30,PROCEED,,
20260924_215150_n6lu,E07-payment-capture-failure,capture-failed,4,409,,4a0cd6da-2870-4f0e-8ca6-0469c464bf08,ROLLED_BACK,PAYMENT_CAPTURE,false,458.245,404,"[{""itemType"":""hotel"",""operation"":""RESERVE"",""outcome"":""SUCCEEDED"",""latencyMs"":8},{""itemType"":""flight"",""operation"":""RESERVE"",""outcome"":""SUCCEEDED"",""latencyMs"":8},{""itemType"":""transport"",""operation"":""RESERVE"",""outcome"":""SUCCEEDED"",""latencyMs"":8},{""itemType"":""transport"",""operation"":""CANCEL"",""outcome"":""SUCCEEDED"",""latencyMs"":25},{""itemType"":""flight"",""operation"":""CANCEL"",""outcome"":""SUCCEEDED"",""latencyMs"":20},{""itemType"":""hotel"",""operation"":""CANCEL"",""outcome"":""SUCCEEDED"",""latencyMs"":25}]",3,0,true,false,REFUNDED,0,3,0,LOW,30,PROCEED,,
20260924_215150_n6lu,E07-payment-capture-failure,capture-failed,5,409,,5f0826a9-c8f9-4ef5-9025-3b0cbc047204,ROLLED_BACK,PAYMENT_CAPTURE,false,502.851,437,"[{""itemType"":""hotel"",""operation"":""RESERVE"",""outcome"":""SUCCEEDED"",""latencyMs"":21},{""itemType"":""flight"",""operation"":""RESERVE"",""outcome"":""SUCCEEDED"",""latencyMs"":10},{""itemType"":""transport"",""operation"":""RESERVE"",""outcome"":""SUCCEEDED"",""latencyMs"":13},{""itemType"":""transport"",""operation"":""CANCEL"",""outcome"":""SUCCEEDED"",""latencyMs"":20},{""itemType"":""flight"",""operation"":""CANCEL"",""outcome"":""SUCCEEDED"",""latencyMs"":17},{""itemType"":""hotel"",""operation"":""CANCEL"",""outcome"":""SUCCEEDED"",""latencyMs"":15}]",3,0,true,false,REFUNDED,0,3,0,LOW,30,PROCEED,,
20260924_215150_n6lu,E07-payment-capture-failure,capture-failed,6,409,,de29ec26-4511-4e7f-b66e-0757482970a7,ROLLED_BACK,PAYMENT_CAPTURE,false,426.276,388,"[{""itemType"":""hotel"",""operation"":""RESERVE"",""outcome"":""SUCCEEDED"",""latencyMs"":3},{""itemType"":""flight"",""operation"":""RESERVE"",""outcome"":""SUCCEEDED"",""latencyMs"":14},{""itemType"":""transport"",""operation"":""RESERVE"",""outcome"":""SUCCEEDED"",""latencyMs"":11},{""itemType"":""transport"",""operation"":""CANCEL"",""outcome"":""SUCCEEDED"",""latencyMs"":11},{""itemType"":""flight"",""operation"":""CANCEL"",""outcome"":""SUCCEEDED"",""latencyMs"":15},{""itemType"":""hotel"",""operation"":""CANCEL"",""outcome"":""SUCCEEDED"",""latencyMs"":18}]",3,0,true,false,REFUNDED,0,3,0,LOW,30,PROCEED,,
20260924_215150_n6lu,E07-payment-capture-failure,capture-failed,7,409,,19cfb67b-e01c-48b2-9bac-fd3e0ed20199,ROLLED_BACK,PAYMENT_CAPTURE,false,468.193,435,"[{""itemType"":""hotel"",""operation"":""RESERVE"",""outcome"":""SUCCEEDED"",""latencyMs"":20},{""itemType"":""flight"",""operation"":""RESERVE"",""outcome"":""SUCCEEDED"",""latencyMs"":19},{""itemType"":""transport"",""operation"":""RESERVE"",""outcome"":""SUCCEEDED"",""latencyMs"":16},{""itemType"":""transport"",""operation"":""CANCEL"",""outcome"":""SUCCEEDED"",""latencyMs"":18},{""itemType"":""flight"",""operation"":""CANCEL"",""outcome"":""SUCCEEDED"",""latencyMs"":10},{""itemType"":""hotel"",""operation"":""CANCEL"",""outcome"":""SUCCEEDED"",""latencyMs"":16}]",3,0,true,false,REFUNDED,0,3,0,LOW,30,PROCEED,,
20260924_215150_n6lu,E07-payment-capture-failure,capture-failed,8,409,,d8681fa1-390b-423c-8b6b-95531663e741,ROLLED_BACK,PAYMENT_CAPTURE,false,322.136,282,"[{""itemType"":""hotel"",""operation"":""RESERVE"",""outcome"":""SUCCEEDED"",""latencyMs"":10},{""itemType"":""flight"",""operation"":""RESERVE"",""outcome"":""SUCCEEDED"",""latencyMs"":7},{""itemType"":""transport"",""operation"":""RESERVE"",""outcome"":""SUCCEEDED"",""latencyMs"":4},{""itemType"":""transport"",""operation"":""CANCEL"",""outcome"":""SUCCEEDED"",""latencyMs"":4},{""itemType"":""flight"",""operation"":""CANCEL"",""outcome"":""SUCCEEDED"",""latencyMs"":5},{""itemType"":""hotel"",""operation"":""CANCEL"",""outcome"":""SUCCEEDED"",""latencyMs"":10}]",3,0,true,false,REFUNDED,0,3,0,LOW,30,PROCEED,,
20260924_215150_n6lu,E07-payment-capture-failure,capture-failed,9,409,,1fd5680b-7840-49e0-a0a0-a867376775c4,ROLLED_BACK,PAYMENT_CAPTURE,false,458.392,423,"[{""itemType"":""hotel"",""operation"":""RESERVE"",""outcome"":""SUCCEEDED"",""latencyMs"":13},{""itemType"":""flight"",""operation"":""RESERVE"",""outcome"":""SUCCEEDED"",""latencyMs"":11},{""itemType"":""transport"",""operation"":""RESERVE"",""outcome"":""SUCCEEDED"",""latencyMs"":11},{""itemType"":""transport"",""operation"":""CANCEL"",""outcome"":""SUCCEEDED"",""latencyMs"":30},{""itemType"":""flight"",""operation"":""CANCEL"",""outcome"":""SUCCEEDED"",""latencyMs"":19},{""itemType"":""hotel"",""operation"":""CANCEL"",""outcome"":""SUCCEEDED"",""latencyMs"":16}]",3,0,true,false,REFUNDED,0,3,0,LOW,30,PROCEED,,
20260924_215150_n6lu,E08-duplicate-idempotency,duplicate-success,0,201,,d5e6dc7e-139c-4e8e-a0af-eaec02949f25,COMPLETED,,false,268.359,238,"[{""itemType"":""hotel"",""operation"":""RESERVE"",""outcome"":""SUCCEEDED"",""latencyMs"":5},{""itemType"":""flight"",""operation"":""RESERVE"",""outcome"":""SUCCEEDED"",""latencyMs"":10},{""itemType"":""transport"",""operation"":""RESERVE"",""outcome"":""SUCCEEDED"",""latencyMs"":12},{""itemType"":""hotel"",""operation"":""CONFIRM"",""outcome"":""SUCCEEDED"",""latencyMs"":6},{""itemType"":""flight"",""operation"":""CONFIRM"",""outcome"":""SUCCEEDED"",""latencyMs"":9},{""itemType"":""transport"",""operation"":""CONFIRM"",""outcome"":""SUCCEEDED"",""latencyMs"":9}]",0,0,true,true,,3,0,0,LOW,30,PROCEED,,
20260924_215150_n6lu,E08-duplicate-idempotency,duplicate-success,1,201,,d5e6dc7e-139c-4e8e-a0af-eaec02949f25,COMPLETED,,true,8.014,238,"[{""itemType"":""hotel"",""operation"":""RESERVE"",""outcome"":""SUCCEEDED"",""latencyMs"":5},{""itemType"":""flight"",""operation"":""RESERVE"",""outcome"":""SUCCEEDED"",""latencyMs"":10},{""itemType"":""transport"",""operation"":""RESERVE"",""outcome"":""SUCCEEDED"",""latencyMs"":12},{""itemType"":""hotel"",""operation"":""CONFIRM"",""outcome"":""SUCCEEDED"",""latencyMs"":6},{""itemType"":""flight"",""operation"":""CONFIRM"",""outcome"":""SUCCEEDED"",""latencyMs"":9},{""itemType"":""transport"",""operation"":""CONFIRM"",""outcome"":""SUCCEEDED"",""latencyMs"":9}]",0,0,true,true,,3,0,0,LOW,30,PROCEED,,
20260924_215150_n6lu,E08-duplicate-idempotency,duplicate-success,2,201,,d5e6dc7e-139c-4e8e-a0af-eaec02949f25,COMPLETED,,true,6.58,238,"[{""itemType"":""hotel"",""operation"":""RESERVE"",""outcome"":""SUCCEEDED"",""latencyMs"":5},{""itemType"":""flight"",""operation"":""RESERVE"",""outcome"":""SUCCEEDED"",""latencyMs"":10},{""itemType"":""transport"",""operation"":""RESERVE"",""outcome"":""SUCCEEDED"",""latencyMs"":12},{""itemType"":""hotel"",""operation"":""CONFIRM"",""outcome"":""SUCCEEDED"",""latencyMs"":6},{""itemType"":""flight"",""operation"":""CONFIRM"",""outcome"":""SUCCEEDED"",""latencyMs"":9},{""itemType"":""transport"",""operation"":""CONFIRM"",""outcome"":""SUCCEEDED"",""latencyMs"":9}]",0,0,true,true,,3,0,0,LOW,30,PROCEED,,
20260924_215150_n6lu,E08-duplicate-idempotency,duplicate-success,3,201,,d5e6dc7e-139c-4e8e-a0af-eaec02949f25,COMPLETED,,true,4.479,238,"[{""itemType"":""hotel"",""operation"":""RESERVE"",""outcome"":""SUCCEEDED"",""latencyMs"":5},{""itemType"":""flight"",""operation"":""RESERVE"",""outcome"":""SUCCEEDED"",""latencyMs"":10},{""itemType"":""transport"",""operation"":""RESERVE"",""outcome"":""SUCCEEDED"",""latencyMs"":12},{""itemType"":""hotel"",""operation"":""CONFIRM"",""outcome"":""SUCCEEDED"",""latencyMs"":6},{""itemType"":""flight"",""operation"":""CONFIRM"",""outcome"":""SUCCEEDED"",""latencyMs"":9},{""itemType"":""transport"",""operation"":""CONFIRM"",""outcome"":""SUCCEEDED"",""latencyMs"":9}]",0,0,true,true,,3,0,0,LOW,30,PROCEED,,
20260924_215150_n6lu,E08-duplicate-idempotency,duplicate-success,4,201,,ebddaad3-d968-4e54-a440-987699e0e970,COMPLETED,,false,322.331,300,"[{""itemType"":""hotel"",""operation"":""RESERVE"",""outcome"":""SUCCEEDED"",""latencyMs"":11},{""itemType"":""flight"",""operation"":""RESERVE"",""outcome"":""SUCCEEDED"",""latencyMs"":9},{""itemType"":""transport"",""operation"":""RESERVE"",""outcome"":""SUCCEEDED"",""latencyMs"":13},{""itemType"":""hotel"",""operation"":""CONFIRM"",""outcome"":""SUCCEEDED"",""latencyMs"":7},{""itemType"":""flight"",""operation"":""CONFIRM"",""outcome"":""SUCCEEDED"",""latencyMs"":5},{""itemType"":""transport"",""operation"":""CONFIRM"",""outcome"":""SUCCEEDED"",""latencyMs"":5}]",0,0,true,true,,3,0,0,LOW,30,PROCEED,,
20260924_215150_n6lu,E08-duplicate-idempotency,duplicate-success,5,201,,ebddaad3-d968-4e54-a440-987699e0e970,COMPLETED,,true,9.702,300,"[{""itemType"":""hotel"",""operation"":""RESERVE"",""outcome"":""SUCCEEDED"",""latencyMs"":11},{""itemType"":""flight"",""operation"":""RESERVE"",""outcome"":""SUCCEEDED"",""latencyMs"":9},{""itemType"":""transport"",""operation"":""RESERVE"",""outcome"":""SUCCEEDED"",""latencyMs"":13},{""itemType"":""hotel"",""operation"":""CONFIRM"",""outcome"":""SUCCEEDED"",""latencyMs"":7},{""itemType"":""flight"",""operation"":""CONFIRM"",""outcome"":""SUCCEEDED"",""latencyMs"":5},{""itemType"":""transport"",""operation"":""CONFIRM"",""outcome"":""SUCCEEDED"",""latencyMs"":5}]",0,0,true,true,,3,0,0,LOW,30,PROCEED,,
20260924_215150_n6lu,E08-duplicate-idempotency,duplicate-success,6,201,,ebddaad3-d968-4e54-a440-987699e0e970,COMPLETED,,true,8.643,300,"[{""itemType"":""hotel"",""operation"":""RESERVE"",""outcome"":""SUCCEEDED"",""latencyMs"":11},{""itemType"":""flight"",""operation"":""RESERVE"",""outcome"":""SUCCEEDED"",""latencyMs"":9},{""itemType"":""transport"",""operation"":""RESERVE"",""outcome"":""SUCCEEDED"",""latencyMs"":13},{""itemType"":""hotel"",""operation"":""CONFIRM"",""outcome"":""SUCCEEDED"",""latencyMs"":7},{""itemType"":""flight"",""operation"":""CONFIRM"",""outcome"":""SUCCEEDED"",""latencyMs"":5},{""itemType"":""transport"",""operation"":""CONFIRM"",""outcome"":""SUCCEEDED"",""latencyMs"":5}]",0,0,true,true,,3,0,0,LOW,30,PROCEED,,
20260924_215150_n6lu,E08-duplicate-idempotency,duplicate-success,7,201,,ebddaad3-d968-4e54-a440-987699e0e970,COMPLETED,,true,6.8,300,"[{""itemType"":""hotel"",""operation"":""RESERVE"",""outcome"":""SUCCEEDED"",""latencyMs"":11},{""itemType"":""flight"",""operation"":""RESERVE"",""outcome"":""SUCCEEDED"",""latencyMs"":9},{""itemType"":""transport"",""operation"":""RESERVE"",""outcome"":""SUCCEEDED"",""latencyMs"":13},{""itemType"":""hotel"",""operation"":""CONFIRM"",""outcome"":""SUCCEEDED"",""latencyMs"":7},{""itemType"":""flight"",""operation"":""CONFIRM"",""outcome"":""SUCCEEDED"",""latencyMs"":5},{""itemType"":""transport"",""operation"":""CONFIRM"",""outcome"":""SUCCEEDED"",""latencyMs"":5}]",0,0,true,true,,3,0,0,LOW,30,PROCEED,,
20260924_215150_n6lu,E08-duplicate-idempotency,duplicate-success,8,201,,525454b0-d7c8-4a6f-89ec-bf4f57cee294,COMPLETED,,false,331.44,285,"[{""itemType"":""hotel"",""operation"":""RESERVE"",""outcome"":""SUCCEEDED"",""latencyMs"":7},{""itemType"":""flight"",""operation"":""RESERVE"",""outcome"":""SUCCEEDED"",""latencyMs"":11},{""itemType"":""transport"",""operation"":""RESERVE"",""outcome"":""SUCCEEDED"",""latencyMs"":16},{""itemType"":""hotel"",""operation"":""CONFIRM"",""outcome"":""SUCCEEDED"",""latencyMs"":13},{""itemType"":""flight"",""operation"":""CONFIRM"",""outcome"":""SUCCEEDED"",""latencyMs"":12},{""itemType"":""transport"",""operation"":""CONFIRM"",""outcome"":""SUCCEEDED"",""latencyMs"":12}]",0,0,true,true,,3,0,0,LOW,30,PROCEED,,
20260924_215150_n6lu,E08-duplicate-idempotency,duplicate-success,9,201,,525454b0-d7c8-4a6f-89ec-bf4f57cee294,COMPLETED,,true,9.236,285,"[{""itemType"":""hotel"",""operation"":""RESERVE"",""outcome"":""SUCCEEDED"",""latencyMs"":7},{""itemType"":""flight"",""operation"":""RESERVE"",""outcome"":""SUCCEEDED"",""latencyMs"":11},{""itemType"":""transport"",""operation"":""RESERVE"",""outcome"":""SUCCEEDED"",""latencyMs"":16},{""itemType"":""hotel"",""operation"":""CONFIRM"",""outcome"":""SUCCEEDED"",""latencyMs"":13},{""itemType"":""flight"",""operation"":""CONFIRM"",""outcome"":""SUCCEEDED"",""latencyMs"":12},{""itemType"":""transport"",""operation"":""CONFIRM"",""outcome"":""SUCCEEDED"",""latencyMs"":12}]",0,0,true,true,,3,0,0,LOW,30,PROCEED,,
20260924_215150_n6lu,E08-duplicate-idempotency,duplicate-success,10,201,,525454b0-d7c8-4a6f-89ec-bf4f57cee294,COMPLETED,,true,6.525,285,"[{""itemType"":""hotel"",""operation"":""RESERVE"",""outcome"":""SUCCEEDED"",""latencyMs"":7},{""itemType"":""flight"",""operation"":""RESERVE"",""outcome"":""SUCCEEDED"",""latencyMs"":11},{""itemType"":""transport"",""operation"":""RESERVE"",""outcome"":""SUCCEEDED"",""latencyMs"":16},{""itemType"":""hotel"",""operation"":""CONFIRM"",""outcome"":""SUCCEEDED"",""latencyMs"":13},{""itemType"":""flight"",""operation"":""CONFIRM"",""outcome"":""SUCCEEDED"",""latencyMs"":12},{""itemType"":""transport"",""operation"":""CONFIRM"",""outcome"":""SUCCEEDED"",""latencyMs"":12}]",0,0,true,true,,3,0,0,LOW,30,PROCEED,,
20260924_215150_n6lu,E08-duplicate-idempotency,duplicate-success,11,201,,525454b0-d7c8-4a6f-89ec-bf4f57cee294,COMPLETED,,true,5.253,285,"[{""itemType"":""hotel"",""operation"":""RESERVE"",""outcome"":""SUCCEEDED"",""latencyMs"":7},{""itemType"":""flight"",""operation"":""RESERVE"",""outcome"":""SUCCEEDED"",""latencyMs"":11},{""itemType"":""transport"",""operation"":""RESERVE"",""outcome"":""SUCCEEDED"",""latencyMs"":16},{""itemType"":""hotel"",""operation"":""CONFIRM"",""outcome"":""SUCCEEDED"",""latencyMs"":13},{""itemType"":""flight"",""operation"":""CONFIRM"",""outcome"":""SUCCEEDED"",""latencyMs"":12},{""itemType"":""transport"",""operation"":""CONFIRM"",""outcome"":""SUCCEEDED"",""latencyMs"":12}]",0,0,true,true,,3,0,0,LOW,30,PROCEED,,
20260924_215150_n6lu,E08-duplicate-idempotency,duplicate-success,12,201,,8252ff65-7894-4025-8c7f-ae011f958155,COMPLETED,,false,300.448,287,"[{""itemType"":""hotel"",""operation"":""RESERVE"",""outcome"":""SUCCEEDED"",""latencyMs"":9},{""itemType"":""flight"",""operation"":""RESERVE"",""outcome"":""SUCCEEDED"",""latencyMs"":11},{""itemType"":""transport"",""operation"":""RESERVE"",""outcome"":""SUCCEEDED"",""latencyMs"":13},{""itemType"":""hotel"",""operation"":""CONFIRM"",""outcome"":""SUCCEEDED"",""latencyMs"":13},{""itemType"":""flight"",""operation"":""CONFIRM"",""outcome"":""SUCCEEDED"",""latencyMs"":10},{""itemType"":""transport"",""operation"":""CONFIRM"",""outcome"":""SUCCEEDED"",""latencyMs"":6}]",0,0,true,true,,3,0,0,LOW,30,PROCEED,,
20260924_215150_n6lu,E08-duplicate-idempotency,duplicate-success,13,201,,8252ff65-7894-4025-8c7f-ae011f958155,COMPLETED,,true,5.72,287,"[{""itemType"":""hotel"",""operation"":""RESERVE"",""outcome"":""SUCCEEDED"",""latencyMs"":9},{""itemType"":""flight"",""operation"":""RESERVE"",""outcome"":""SUCCEEDED"",""latencyMs"":11},{""itemType"":""transport"",""operation"":""RESERVE"",""outcome"":""SUCCEEDED"",""latencyMs"":13},{""itemType"":""hotel"",""operation"":""CONFIRM"",""outcome"":""SUCCEEDED"",""latencyMs"":13},{""itemType"":""flight"",""operation"":""CONFIRM"",""outcome"":""SUCCEEDED"",""latencyMs"":10},{""itemType"":""transport"",""operation"":""CONFIRM"",""outcome"":""SUCCEEDED"",""latencyMs"":6}]",0,0,true,true,,3,0,0,LOW,30,PROCEED,,
20260924_215150_n6lu,E08-duplicate-idempotency,duplicate-success,14,201,,8252ff65-7894-4025-8c7f-ae011f958155,COMPLETED,,true,7.293,287,"[{""itemType"":""hotel"",""operation"":""RESERVE"",""outcome"":""SUCCEEDED"",""latencyMs"":9},{""itemType"":""flight"",""operation"":""RESERVE"",""outcome"":""SUCCEEDED"",""latencyMs"":11},{""itemType"":""transport"",""operation"":""RESERVE"",""outcome"":""SUCCEEDED"",""latencyMs"":13},{""itemType"":""hotel"",""operation"":""CONFIRM"",""outcome"":""SUCCEEDED"",""latencyMs"":13},{""itemType"":""flight"",""operation"":""CONFIRM"",""outcome"":""SUCCEEDED"",""latencyMs"":10},{""itemType"":""transport"",""operation"":""CONFIRM"",""outcome"":""SUCCEEDED"",""latencyMs"":6}]",0,0,true,true,,3,0,0,LOW,30,PROCEED,,
20260924_215150_n6lu,E08-duplicate-idempotency,duplicate-success,15,201,,8252ff65-7894-4025-8c7f-ae011f958155,COMPLETED,,true,6.205,287,"[{""itemType"":""hotel"",""operation"":""RESERVE"",""outcome"":""SUCCEEDED"",""latencyMs"":9},{""itemType"":""flight"",""operation"":""RESERVE"",""outcome"":""SUCCEEDED"",""latencyMs"":11},{""itemType"":""transport"",""operation"":""RESERVE"",""outcome"":""SUCCEEDED"",""latencyMs"":13},{""itemType"":""hotel"",""operation"":""CONFIRM"",""outcome"":""SUCCEEDED"",""latencyMs"":13},{""itemType"":""flight"",""operation"":""CONFIRM"",""outcome"":""SUCCEEDED"",""latencyMs"":10},{""itemType"":""transport"",""operation"":""CONFIRM"",""outcome"":""SUCCEEDED"",""latencyMs"":6}]",0,0,true,true,,3,0,0,LOW,30,PROCEED,,
20260924_215150_n6lu,E08-duplicate-idempotency,duplicate-success,16,201,,0ad06594-3af1-41ce-b638-cdf2b1d15ed2,COMPLETED,,false,305.928,266,"[{""itemType"":""hotel"",""operation"":""RESERVE"",""outcome"":""SUCCEEDED"",""latencyMs"":10},{""itemType"":""flight"",""operation"":""RESERVE"",""outcome"":""SUCCEEDED"",""latencyMs"":10},{""itemType"":""transport"",""operation"":""RESERVE"",""outcome"":""SUCCEEDED"",""latencyMs"":8},{""itemType"":""hotel"",""operation"":""CONFIRM"",""outcome"":""SUCCEEDED"",""latencyMs"":9},{""itemType"":""flight"",""operation"":""CONFIRM"",""outcome"":""SUCCEEDED"",""latencyMs"":9},{""itemType"":""transport"",""operation"":""CONFIRM"",""outcome"":""SUCCEEDED"",""latencyMs"":8}]",0,0,true,true,,3,0,0,LOW,30,PROCEED,,
20260924_215150_n6lu,E08-duplicate-idempotency,duplicate-success,17,201,,0ad06594-3af1-41ce-b638-cdf2b1d15ed2,COMPLETED,,true,10.374,266,"[{""itemType"":""hotel"",""operation"":""RESERVE"",""outcome"":""SUCCEEDED"",""latencyMs"":10},{""itemType"":""flight"",""operation"":""RESERVE"",""outcome"":""SUCCEEDED"",""latencyMs"":10},{""itemType"":""transport"",""operation"":""RESERVE"",""outcome"":""SUCCEEDED"",""latencyMs"":8},{""itemType"":""hotel"",""operation"":""CONFIRM"",""outcome"":""SUCCEEDED"",""latencyMs"":9},{""itemType"":""flight"",""operation"":""CONFIRM"",""outcome"":""SUCCEEDED"",""latencyMs"":9},{""itemType"":""transport"",""operation"":""CONFIRM"",""outcome"":""SUCCEEDED"",""latencyMs"":8}]",0,0,true,true,,3,0,0,LOW,30,PROCEED,,
20260924_215150_n6lu,E08-duplicate-idempotency,duplicate-success,18,201,,0ad06594-3af1-41ce-b638-cdf2b1d15ed2,COMPLETED,,true,4.916,266,"[{""itemType"":""hotel"",""operation"":""RESERVE"",""outcome"":""SUCCEEDED"",""latencyMs"":10},{""itemType"":""flight"",""operation"":""RESERVE"",""outcome"":""SUCCEEDED"",""latencyMs"":10},{""itemType"":""transport"",""operation"":""RESERVE"",""outcome"":""SUCCEEDED"",""latencyMs"":8},{""itemType"":""hotel"",""operation"":""CONFIRM"",""outcome"":""SUCCEEDED"",""latencyMs"":9},{""itemType"":""flight"",""operation"":""CONFIRM"",""outcome"":""SUCCEEDED"",""latencyMs"":9},{""itemType"":""transport"",""operation"":""CONFIRM"",""outcome"":""SUCCEEDED"",""latencyMs"":8}]",0,0,true,true,,3,0,0,LOW,30,PROCEED,,
20260924_215150_n6lu,E08-duplicate-idempotency,duplicate-success,19,201,,0ad06594-3af1-41ce-b638-cdf2b1d15ed2,COMPLETED,,true,6.533,266,"[{""itemType"":""hotel"",""operation"":""RESERVE"",""outcome"":""SUCCEEDED"",""latencyMs"":10},{""itemType"":""flight"",""operation"":""RESERVE"",""outcome"":""SUCCEEDED"",""latencyMs"":10},{""itemType"":""transport"",""operation"":""RESERVE"",""outcome"":""SUCCEEDED"",""latencyMs"":8},{""itemType"":""hotel"",""operation"":""CONFIRM"",""outcome"":""SUCCEEDED"",""latencyMs"":9},{""itemType"":""flight"",""operation"":""CONFIRM"",""outcome"":""SUCCEEDED"",""latencyMs"":9},{""itemType"":""transport"",""operation"":""CONFIRM"",""outcome"":""SUCCEEDED"",""latencyMs"":8}]",0,0,true,true,,3,0,0,LOW,30,PROCEED,,
20260924_215150_n6lu,E08-duplicate-idempotency,duplicate-after-rollback,0,409,,614576ba-ce6b-4efe-9d12-f1279792bcb2,ROLLED_BACK,PROVIDER_RESERVE,false,355.466,317,"[{""itemType"":""hotel"",""operation"":""RESERVE"",""outcome"":""SUCCEEDED"",""latencyMs"":10},{""itemType"":""flight"",""operation"":""RESERVE"",""outcome"":""SUCCEEDED"",""latencyMs"":12},{""itemType"":""transport"",""operation"":""RESERVE"",""outcome"":""FAILED"",""latencyMs"":14},{""itemType"":""flight"",""operation"":""CANCEL"",""outcome"":""SUCCEEDED"",""latencyMs"":10},{""itemType"":""hotel"",""operation"":""CANCEL"",""outcome"":""SUCCEEDED"",""latencyMs"":14}]",2,0,true,false,VOIDED,0,3,0,LOW,30,PROCEED,,
20260924_215150_n6lu,E08-duplicate-idempotency,duplicate-after-rollback,1,409,,614576ba-ce6b-4efe-9d12-f1279792bcb2,ROLLED_BACK,PROVIDER_RESERVE,true,8.523,317,"[{""itemType"":""hotel"",""operation"":""RESERVE"",""outcome"":""SUCCEEDED"",""latencyMs"":10},{""itemType"":""flight"",""operation"":""RESERVE"",""outcome"":""SUCCEEDED"",""latencyMs"":12},{""itemType"":""transport"",""operation"":""RESERVE"",""outcome"":""FAILED"",""latencyMs"":14},{""itemType"":""flight"",""operation"":""CANCEL"",""outcome"":""SUCCEEDED"",""latencyMs"":10},{""itemType"":""hotel"",""operation"":""CANCEL"",""outcome"":""SUCCEEDED"",""latencyMs"":14}]",2,0,true,false,VOIDED,0,3,0,LOW,30,PROCEED,,
20260924_215150_n6lu,E08-duplicate-idempotency,duplicate-after-rollback,2,409,,614576ba-ce6b-4efe-9d12-f1279792bcb2,ROLLED_BACK,PROVIDER_RESERVE,true,6.506,317,"[{""itemType"":""hotel"",""operation"":""RESERVE"",""outcome"":""SUCCEEDED"",""latencyMs"":10},{""itemType"":""flight"",""operation"":""RESERVE"",""outcome"":""SUCCEEDED"",""latencyMs"":12},{""itemType"":""transport"",""operation"":""RESERVE"",""outcome"":""FAILED"",""latencyMs"":14},{""itemType"":""flight"",""operation"":""CANCEL"",""outcome"":""SUCCEEDED"",""latencyMs"":10},{""itemType"":""hotel"",""operation"":""CANCEL"",""outcome"":""SUCCEEDED"",""latencyMs"":14}]",2,0,true,false,VOIDED,0,3,0,LOW,30,PROCEED,,
20260924_215150_n6lu,E08-duplicate-idempotency,duplicate-after-rollback,3,409,,614576ba-ce6b-4efe-9d12-f1279792bcb2,ROLLED_BACK,PROVIDER_RESERVE,true,6.283,317,"[{""itemType"":""hotel"",""operation"":""RESERVE"",""outcome"":""SUCCEEDED"",""latencyMs"":10},{""itemType"":""flight"",""operation"":""RESERVE"",""outcome"":""SUCCEEDED"",""latencyMs"":12},{""itemType"":""transport"",""operation"":""RESERVE"",""outcome"":""FAILED"",""latencyMs"":14},{""itemType"":""flight"",""operation"":""CANCEL"",""outcome"":""SUCCEEDED"",""latencyMs"":10},{""itemType"":""hotel"",""operation"":""CANCEL"",""outcome"":""SUCCEEDED"",""latencyMs"":14}]",2,0,true,false,VOIDED,0,3,0,LOW,30,PROCEED,,
20260924_215150_n6lu,E08-duplicate-idempotency,duplicate-after-rollback,4,409,,bd6beb7e-4f25-4481-958f-8541e60a2766,ROLLED_BACK,PROVIDER_RESERVE,false,363.716,305,"[{""itemType"":""hotel"",""operation"":""RESERVE"",""outcome"":""SUCCEEDED"",""latencyMs"":12},{""itemType"":""flight"",""operation"":""RESERVE"",""outcome"":""SUCCEEDED"",""latencyMs"":14},{""itemType"":""transport"",""operation"":""RESERVE"",""outcome"":""FAILED"",""latencyMs"":15},{""itemType"":""flight"",""operation"":""CANCEL"",""outcome"":""SUCCEEDED"",""latencyMs"":15},{""itemType"":""hotel"",""operation"":""CANCEL"",""outcome"":""SUCCEEDED"",""latencyMs"":14}]",2,0,true,false,VOIDED,0,3,0,LOW,30,PROCEED,,
20260924_215150_n6lu,E08-duplicate-idempotency,duplicate-after-rollback,5,409,,bd6beb7e-4f25-4481-958f-8541e60a2766,ROLLED_BACK,PROVIDER_RESERVE,true,5.542,305,"[{""itemType"":""hotel"",""operation"":""RESERVE"",""outcome"":""SUCCEEDED"",""latencyMs"":12},{""itemType"":""flight"",""operation"":""RESERVE"",""outcome"":""SUCCEEDED"",""latencyMs"":14},{""itemType"":""transport"",""operation"":""RESERVE"",""outcome"":""FAILED"",""latencyMs"":15},{""itemType"":""flight"",""operation"":""CANCEL"",""outcome"":""SUCCEEDED"",""latencyMs"":15},{""itemType"":""hotel"",""operation"":""CANCEL"",""outcome"":""SUCCEEDED"",""latencyMs"":14}]",2,0,true,false,VOIDED,0,3,0,LOW,30,PROCEED,,
20260924_215150_n6lu,E08-duplicate-idempotency,duplicate-after-rollback,6,409,,bd6beb7e-4f25-4481-958f-8541e60a2766,ROLLED_BACK,PROVIDER_RESERVE,true,6.562,305,"[{""itemType"":""hotel"",""operation"":""RESERVE"",""outcome"":""SUCCEEDED"",""latencyMs"":12},{""itemType"":""flight"",""operation"":""RESERVE"",""outcome"":""SUCCEEDED"",""latencyMs"":14},{""itemType"":""transport"",""operation"":""RESERVE"",""outcome"":""FAILED"",""latencyMs"":15},{""itemType"":""flight"",""operation"":""CANCEL"",""outcome"":""SUCCEEDED"",""latencyMs"":15},{""itemType"":""hotel"",""operation"":""CANCEL"",""outcome"":""SUCCEEDED"",""latencyMs"":14}]",2,0,true,false,VOIDED,0,3,0,LOW,30,PROCEED,,
20260924_215150_n6lu,E08-duplicate-idempotency,duplicate-after-rollback,7,409,,bd6beb7e-4f25-4481-958f-8541e60a2766,ROLLED_BACK,PROVIDER_RESERVE,true,5.478,305,"[{""itemType"":""hotel"",""operation"":""RESERVE"",""outcome"":""SUCCEEDED"",""latencyMs"":12},{""itemType"":""flight"",""operation"":""RESERVE"",""outcome"":""SUCCEEDED"",""latencyMs"":14},{""itemType"":""transport"",""operation"":""RESERVE"",""outcome"":""FAILED"",""latencyMs"":15},{""itemType"":""flight"",""operation"":""CANCEL"",""outcome"":""SUCCEEDED"",""latencyMs"":15},{""itemType"":""hotel"",""operation"":""CANCEL"",""outcome"":""SUCCEEDED"",""latencyMs"":14}]",2,0,true,false,VOIDED,0,3,0,LOW,30,PROCEED,,
20260924_215150_n6lu,E08-duplicate-idempotency,duplicate-after-rollback,8,409,,8c79d589-2b3a-4e4a-84ef-603e68fce210,ROLLED_BACK,PROVIDER_RESERVE,false,345.377,322,"[{""itemType"":""hotel"",""operation"":""RESERVE"",""outcome"":""SUCCEEDED"",""latencyMs"":11},{""itemType"":""flight"",""operation"":""RESERVE"",""outcome"":""SUCCEEDED"",""latencyMs"":13},{""itemType"":""transport"",""operation"":""RESERVE"",""outcome"":""FAILED"",""latencyMs"":12},{""itemType"":""flight"",""operation"":""CANCEL"",""outcome"":""SUCCEEDED"",""latencyMs"":17},{""itemType"":""hotel"",""operation"":""CANCEL"",""outcome"":""SUCCEEDED"",""latencyMs"":6}]",2,0,true,false,VOIDED,0,3,0,LOW,30,PROCEED,,
20260924_215150_n6lu,E08-duplicate-idempotency,duplicate-after-rollback,9,409,,8c79d589-2b3a-4e4a-84ef-603e68fce210,ROLLED_BACK,PROVIDER_RESERVE,true,6.751,322,"[{""itemType"":""hotel"",""operation"":""RESERVE"",""outcome"":""SUCCEEDED"",""latencyMs"":11},{""itemType"":""flight"",""operation"":""RESERVE"",""outcome"":""SUCCEEDED"",""latencyMs"":13},{""itemType"":""transport"",""operation"":""RESERVE"",""outcome"":""FAILED"",""latencyMs"":12},{""itemType"":""flight"",""operation"":""CANCEL"",""outcome"":""SUCCEEDED"",""latencyMs"":17},{""itemType"":""hotel"",""operation"":""CANCEL"",""outcome"":""SUCCEEDED"",""latencyMs"":6}]",2,0,true,false,VOIDED,0,3,0,LOW,30,PROCEED,,
20260924_215150_n6lu,E08-duplicate-idempotency,duplicate-after-rollback,10,409,,8c79d589-2b3a-4e4a-84ef-603e68fce210,ROLLED_BACK,PROVIDER_RESERVE,true,3.76,322,"[{""itemType"":""hotel"",""operation"":""RESERVE"",""outcome"":""SUCCEEDED"",""latencyMs"":11},{""itemType"":""flight"",""operation"":""RESERVE"",""outcome"":""SUCCEEDED"",""latencyMs"":13},{""itemType"":""transport"",""operation"":""RESERVE"",""outcome"":""FAILED"",""latencyMs"":12},{""itemType"":""flight"",""operation"":""CANCEL"",""outcome"":""SUCCEEDED"",""latencyMs"":17},{""itemType"":""hotel"",""operation"":""CANCEL"",""outcome"":""SUCCEEDED"",""latencyMs"":6}]",2,0,true,false,VOIDED,0,3,0,LOW,30,PROCEED,,
20260924_215150_n6lu,E08-duplicate-idempotency,duplicate-after-rollback,11,409,,8c79d589-2b3a-4e4a-84ef-603e68fce210,ROLLED_BACK,PROVIDER_RESERVE,true,4.592,322,"[{""itemType"":""hotel"",""operation"":""RESERVE"",""outcome"":""SUCCEEDED"",""latencyMs"":11},{""itemType"":""flight"",""operation"":""RESERVE"",""outcome"":""SUCCEEDED"",""latencyMs"":13},{""itemType"":""transport"",""operation"":""RESERVE"",""outcome"":""FAILED"",""latencyMs"":12},{""itemType"":""flight"",""operation"":""CANCEL"",""outcome"":""SUCCEEDED"",""latencyMs"":17},{""itemType"":""hotel"",""operation"":""CANCEL"",""outcome"":""SUCCEEDED"",""latencyMs"":6}]",2,0,true,false,VOIDED,0,3,0,LOW,30,PROCEED,,
20260924_215150_n6lu,E08-duplicate-idempotency,duplicate-after-rollback,12,409,,12e994da-7129-493b-b3d8-31e7d78d56d2,ROLLED_BACK,PROVIDER_RESERVE,false,257.871,232,"[{""itemType"":""hotel"",""operation"":""RESERVE"",""outcome"":""SUCCEEDED"",""latencyMs"":11},{""itemType"":""flight"",""operation"":""RESERVE"",""outcome"":""SUCCEEDED"",""latencyMs"":17},{""itemType"":""transport"",""operation"":""RESERVE"",""outcome"":""FAILED"",""latencyMs"":16},{""itemType"":""flight"",""operation"":""CANCEL"",""outcome"":""SUCCEEDED"",""latencyMs"":7},{""itemType"":""hotel"",""operation"":""CANCEL"",""outcome"":""SUCCEEDED"",""latencyMs"":4}]",2,0,true,false,VOIDED,0,3,0,LOW,30,PROCEED,,
20260924_215150_n6lu,E08-duplicate-idempotency,duplicate-after-rollback,13,409,,12e994da-7129-493b-b3d8-31e7d78d56d2,ROLLED_BACK,PROVIDER_RESERVE,true,2.842,232,"[{""itemType"":""hotel"",""operation"":""RESERVE"",""outcome"":""SUCCEEDED"",""latencyMs"":11},{""itemType"":""flight"",""operation"":""RESERVE"",""outcome"":""SUCCEEDED"",""latencyMs"":17},{""itemType"":""transport"",""operation"":""RESERVE"",""outcome"":""FAILED"",""latencyMs"":16},{""itemType"":""flight"",""operation"":""CANCEL"",""outcome"":""SUCCEEDED"",""latencyMs"":7},{""itemType"":""hotel"",""operation"":""CANCEL"",""outcome"":""SUCCEEDED"",""latencyMs"":4}]",2,0,true,false,VOIDED,0,3,0,LOW,30,PROCEED,,
20260924_215150_n6lu,E08-duplicate-idempotency,duplicate-after-rollback,14,409,,12e994da-7129-493b-b3d8-31e7d78d56d2,ROLLED_BACK,PROVIDER_RESERVE,true,8.205,232,"[{""itemType"":""hotel"",""operation"":""RESERVE"",""outcome"":""SUCCEEDED"",""latencyMs"":11},{""itemType"":""flight"",""operation"":""RESERVE"",""outcome"":""SUCCEEDED"",""latencyMs"":17},{""itemType"":""transport"",""operation"":""RESERVE"",""outcome"":""FAILED"",""latencyMs"":16},{""itemType"":""flight"",""operation"":""CANCEL"",""outcome"":""SUCCEEDED"",""latencyMs"":7},{""itemType"":""hotel"",""operation"":""CANCEL"",""outcome"":""SUCCEEDED"",""latencyMs"":4}]",2,0,true,false,VOIDED,0,3,0,LOW,30,PROCEED,,
20260924_215150_n6lu,E08-duplicate-idempotency,duplicate-after-rollback,15,409,,12e994da-7129-493b-b3d8-31e7d78d56d2,ROLLED_BACK,PROVIDER_RESERVE,true,3.024,232,"[{""itemType"":""hotel"",""operation"":""RESERVE"",""outcome"":""SUCCEEDED"",""latencyMs"":11},{""itemType"":""flight"",""operation"":""RESERVE"",""outcome"":""SUCCEEDED"",""latencyMs"":17},{""itemType"":""transport"",""operation"":""RESERVE"",""outcome"":""FAILED"",""latencyMs"":16},{""itemType"":""flight"",""operation"":""CANCEL"",""outcome"":""SUCCEEDED"",""latencyMs"":7},{""itemType"":""hotel"",""operation"":""CANCEL"",""outcome"":""SUCCEEDED"",""latencyMs"":4}]",2,0,true,false,VOIDED,0,3,0,LOW,30,PROCEED,,
20260924_215150_n6lu,E08-duplicate-idempotency,duplicate-after-rollback,16,409,,114e3889-c426-42f6-bd6d-a237a5686b83,ROLLED_BACK,PROVIDER_RESERVE,false,270.673,232,"[{""itemType"":""hotel"",""operation"":""RESERVE"",""outcome"":""SUCCEEDED"",""latencyMs"":11},{""itemType"":""flight"",""operation"":""RESERVE"",""outcome"":""SUCCEEDED"",""latencyMs"":9},{""itemType"":""transport"",""operation"":""RESERVE"",""outcome"":""FAILED"",""latencyMs"":12},{""itemType"":""flight"",""operation"":""CANCEL"",""outcome"":""SUCCEEDED"",""latencyMs"":14},{""itemType"":""hotel"",""operation"":""CANCEL"",""outcome"":""SUCCEEDED"",""latencyMs"":19}]",2,0,true,false,VOIDED,0,3,0,LOW,30,PROCEED,,
20260924_215150_n6lu,E08-duplicate-idempotency,duplicate-after-rollback,17,409,,114e3889-c426-42f6-bd6d-a237a5686b83,ROLLED_BACK,PROVIDER_RESERVE,true,9.842,232,"[{""itemType"":""hotel"",""operation"":""RESERVE"",""outcome"":""SUCCEEDED"",""latencyMs"":11},{""itemType"":""flight"",""operation"":""RESERVE"",""outcome"":""SUCCEEDED"",""latencyMs"":9},{""itemType"":""transport"",""operation"":""RESERVE"",""outcome"":""FAILED"",""latencyMs"":12},{""itemType"":""flight"",""operation"":""CANCEL"",""outcome"":""SUCCEEDED"",""latencyMs"":14},{""itemType"":""hotel"",""operation"":""CANCEL"",""outcome"":""SUCCEEDED"",""latencyMs"":19}]",2,0,true,false,VOIDED,0,3,0,LOW,30,PROCEED,,
20260924_215150_n6lu,E08-duplicate-idempotency,duplicate-after-rollback,18,409,,114e3889-c426-42f6-bd6d-a237a5686b83,ROLLED_BACK,PROVIDER_RESERVE,true,9.317,232,"[{""itemType"":""hotel"",""operation"":""RESERVE"",""outcome"":""SUCCEEDED"",""latencyMs"":11},{""itemType"":""flight"",""operation"":""RESERVE"",""outcome"":""SUCCEEDED"",""latencyMs"":9},{""itemType"":""transport"",""operation"":""RESERVE"",""outcome"":""FAILED"",""latencyMs"":12},{""itemType"":""flight"",""operation"":""CANCEL"",""outcome"":""SUCCEEDED"",""latencyMs"":14},{""itemType"":""hotel"",""operation"":""CANCEL"",""outcome"":""SUCCEEDED"",""latencyMs"":19}]",2,0,true,false,VOIDED,0,3,0,LOW,30,PROCEED,,
20260924_215150_n6lu,E08-duplicate-idempotency,duplicate-after-rollback,19,409,,114e3889-c426-42f6-bd6d-a237a5686b83,ROLLED_BACK,PROVIDER_RESERVE,true,8.185,232,"[{""itemType"":""hotel"",""operation"":""RESERVE"",""outcome"":""SUCCEEDED"",""latencyMs"":11},{""itemType"":""flight"",""operation"":""RESERVE"",""outcome"":""SUCCEEDED"",""latencyMs"":9},{""itemType"":""transport"",""operation"":""RESERVE"",""outcome"":""FAILED"",""latencyMs"":12},{""itemType"":""flight"",""operation"":""CANCEL"",""outcome"":""SUCCEEDED"",""latencyMs"":14},{""itemType"":""hotel"",""operation"":""CANCEL"",""outcome"":""SUCCEEDED"",""latencyMs"":19}]",2,0,true,false,VOIDED,0,3,0,LOW,30,PROCEED,,
20260924_215150_n6lu,E08-duplicate-idempotency,payload-mismatch,0,422,IDEMPOTENCY_KEY_REUSED,,,,false,8.833,,[],0,0,false,false,,0,0,0,,,,,
20260924_215150_n6lu,E08-duplicate-idempotency,payload-mismatch,1,422,IDEMPOTENCY_KEY_REUSED,,,,false,6.692,,[],0,0,false,false,,0,0,0,,,,,
20260924_215150_n6lu,E08-duplicate-idempotency,payload-mismatch,2,422,IDEMPOTENCY_KEY_REUSED,,,,false,4.954,,[],0,0,false,false,,0,0,0,,,,,
20260924_215150_n6lu,E08-duplicate-idempotency,payload-mismatch,3,422,IDEMPOTENCY_KEY_REUSED,,,,false,6.644,,[],0,0,false,false,,0,0,0,,,,,
20260924_215150_n6lu,E08-duplicate-idempotency,payload-mismatch,4,422,IDEMPOTENCY_KEY_REUSED,,,,false,6.253,,[],0,0,false,false,,0,0,0,,,,,
20260924_215150_n6lu,E09-concurrent-same-idempotency-key,c2,0,201,,e8b4b82f-039c-4e4a-a16b-3510bd407506,COMPLETED,,false,277.91,260,"[{""itemType"":""hotel"",""operation"":""RESERVE"",""outcome"":""SUCCEEDED"",""latencyMs"":5},{""itemType"":""flight"",""operation"":""RESERVE"",""outcome"":""SUCCEEDED"",""latencyMs"":8},{""itemType"":""transport"",""operation"":""RESERVE"",""outcome"":""SUCCEEDED"",""latencyMs"":10},{""itemType"":""hotel"",""operation"":""CONFIRM"",""outcome"":""SUCCEEDED"",""latencyMs"":13},{""itemType"":""flight"",""operation"":""CONFIRM"",""outcome"":""SUCCEEDED"",""latencyMs"":7},{""itemType"":""transport"",""operation"":""CONFIRM"",""outcome"":""SUCCEEDED"",""latencyMs"":5}]",0,0,true,true,,3,0,0,LOW,30,PROCEED,,
20260924_215150_n6lu,E09-concurrent-same-idempotency-key,c2,1,201,,e8b4b82f-039c-4e4a-a16b-3510bd407506,COMPLETED,,true,296.868,260,"[{""itemType"":""hotel"",""operation"":""RESERVE"",""outcome"":""SUCCEEDED"",""latencyMs"":5},{""itemType"":""flight"",""operation"":""RESERVE"",""outcome"":""SUCCEEDED"",""latencyMs"":8},{""itemType"":""transport"",""operation"":""RESERVE"",""outcome"":""SUCCEEDED"",""latencyMs"":10},{""itemType"":""hotel"",""operation"":""CONFIRM"",""outcome"":""SUCCEEDED"",""latencyMs"":13},{""itemType"":""flight"",""operation"":""CONFIRM"",""outcome"":""SUCCEEDED"",""latencyMs"":7},{""itemType"":""transport"",""operation"":""CONFIRM"",""outcome"":""SUCCEEDED"",""latencyMs"":5}]",0,0,true,true,,3,0,0,LOW,30,PROCEED,,
20260924_215150_n6lu,E09-concurrent-same-idempotency-key,c2,2,201,,b9fa17b1-9b6d-42dc-8e63-e6d033bd897f,COMPLETED,,false,402.362,359,"[{""itemType"":""hotel"",""operation"":""RESERVE"",""outcome"":""SUCCEEDED"",""latencyMs"":12},{""itemType"":""flight"",""operation"":""RESERVE"",""outcome"":""SUCCEEDED"",""latencyMs"":11},{""itemType"":""transport"",""operation"":""RESERVE"",""outcome"":""SUCCEEDED"",""latencyMs"":8},{""itemType"":""hotel"",""operation"":""CONFIRM"",""outcome"":""SUCCEEDED"",""latencyMs"":13},{""itemType"":""flight"",""operation"":""CONFIRM"",""outcome"":""SUCCEEDED"",""latencyMs"":16},{""itemType"":""transport"",""operation"":""CONFIRM"",""outcome"":""SUCCEEDED"",""latencyMs"":18}]",0,0,true,true,,3,0,0,LOW,30,PROCEED,,
20260924_215150_n6lu,E09-concurrent-same-idempotency-key,c2,3,201,,b9fa17b1-9b6d-42dc-8e63-e6d033bd897f,COMPLETED,,true,430.55,359,"[{""itemType"":""hotel"",""operation"":""RESERVE"",""outcome"":""SUCCEEDED"",""latencyMs"":12},{""itemType"":""flight"",""operation"":""RESERVE"",""outcome"":""SUCCEEDED"",""latencyMs"":11},{""itemType"":""transport"",""operation"":""RESERVE"",""outcome"":""SUCCEEDED"",""latencyMs"":8},{""itemType"":""hotel"",""operation"":""CONFIRM"",""outcome"":""SUCCEEDED"",""latencyMs"":13},{""itemType"":""flight"",""operation"":""CONFIRM"",""outcome"":""SUCCEEDED"",""latencyMs"":16},{""itemType"":""transport"",""operation"":""CONFIRM"",""outcome"":""SUCCEEDED"",""latencyMs"":18}]",0,0,true,true,,3,0,0,LOW,30,PROCEED,,
20260924_215150_n6lu,E09-concurrent-same-idempotency-key,c2,4,201,,c6e29d6d-c99a-4409-b7f6-c7a94c1834aa,COMPLETED,,false,383.928,341,"[{""itemType"":""hotel"",""operation"":""RESERVE"",""outcome"":""SUCCEEDED"",""latencyMs"":10},{""itemType"":""flight"",""operation"":""RESERVE"",""outcome"":""SUCCEEDED"",""latencyMs"":11},{""itemType"":""transport"",""operation"":""RESERVE"",""outcome"":""SUCCEEDED"",""latencyMs"":20},{""itemType"":""hotel"",""operation"":""CONFIRM"",""outcome"":""SUCCEEDED"",""latencyMs"":17},{""itemType"":""flight"",""operation"":""CONFIRM"",""outcome"":""SUCCEEDED"",""latencyMs"":5},{""itemType"":""transport"",""operation"":""CONFIRM"",""outcome"":""SUCCEEDED"",""latencyMs"":12}]",0,0,true,true,,3,0,0,LOW,30,PROCEED,,
20260924_215150_n6lu,E09-concurrent-same-idempotency-key,c2,5,201,,c6e29d6d-c99a-4409-b7f6-c7a94c1834aa,COMPLETED,,true,421.92,341,"[{""itemType"":""hotel"",""operation"":""RESERVE"",""outcome"":""SUCCEEDED"",""latencyMs"":10},{""itemType"":""flight"",""operation"":""RESERVE"",""outcome"":""SUCCEEDED"",""latencyMs"":11},{""itemType"":""transport"",""operation"":""RESERVE"",""outcome"":""SUCCEEDED"",""latencyMs"":20},{""itemType"":""hotel"",""operation"":""CONFIRM"",""outcome"":""SUCCEEDED"",""latencyMs"":17},{""itemType"":""flight"",""operation"":""CONFIRM"",""outcome"":""SUCCEEDED"",""latencyMs"":5},{""itemType"":""transport"",""operation"":""CONFIRM"",""outcome"":""SUCCEEDED"",""latencyMs"":12}]",0,0,true,true,,3,0,0,LOW,30,PROCEED,,
20260924_215150_n6lu,E09-concurrent-same-idempotency-key,c4,0,201,,dcc8a900-bb30-493f-b920-98d6e1962722,COMPLETED,,false,288.353,245,"[{""itemType"":""hotel"",""operation"":""RESERVE"",""outcome"":""SUCCEEDED"",""latencyMs"":6},{""itemType"":""flight"",""operation"":""RESERVE"",""outcome"":""SUCCEEDED"",""latencyMs"":6},{""itemType"":""transport"",""operation"":""RESERVE"",""outcome"":""SUCCEEDED"",""latencyMs"":9},{""itemType"":""hotel"",""operation"":""CONFIRM"",""outcome"":""SUCCEEDED"",""latencyMs"":14},{""itemType"":""flight"",""operation"":""CONFIRM"",""outcome"":""SUCCEEDED"",""latencyMs"":11},{""itemType"":""transport"",""operation"":""CONFIRM"",""outcome"":""SUCCEEDED"",""latencyMs"":8}]",0,0,true,true,,3,0,0,LOW,30,PROCEED,,
20260924_215150_n6lu,E09-concurrent-same-idempotency-key,c4,1,201,,dcc8a900-bb30-493f-b920-98d6e1962722,COMPLETED,,true,324.365,245,"[{""itemType"":""hotel"",""operation"":""RESERVE"",""outcome"":""SUCCEEDED"",""latencyMs"":6},{""itemType"":""flight"",""operation"":""RESERVE"",""outcome"":""SUCCEEDED"",""latencyMs"":6},{""itemType"":""transport"",""operation"":""RESERVE"",""outcome"":""SUCCEEDED"",""latencyMs"":9},{""itemType"":""hotel"",""operation"":""CONFIRM"",""outcome"":""SUCCEEDED"",""latencyMs"":14},{""itemType"":""flight"",""operation"":""CONFIRM"",""outcome"":""SUCCEEDED"",""latencyMs"":11},{""itemType"":""transport"",""operation"":""CONFIRM"",""outcome"":""SUCCEEDED"",""latencyMs"":8}]",0,0,true,true,,3,0,0,LOW,30,PROCEED,,
20260924_215150_n6lu,E09-concurrent-same-idempotency-key,c4,2,201,,dcc8a900-bb30-493f-b920-98d6e1962722,COMPLETED,,true,355.859,245,"[{""itemType"":""hotel"",""operation"":""RESERVE"",""outcome"":""SUCCEEDED"",""latencyMs"":6},{""itemType"":""flight"",""operation"":""RESERVE"",""outcome"":""SUCCEEDED"",""latencyMs"":6},{""itemType"":""transport"",""operation"":""RESERVE"",""outcome"":""SUCCEEDED"",""latencyMs"":9},{""itemType"":""hotel"",""operation"":""CONFIRM"",""outcome"":""SUCCEEDED"",""latencyMs"":14},{""itemType"":""flight"",""operation"":""CONFIRM"",""outcome"":""SUCCEEDED"",""latencyMs"":11},{""itemType"":""transport"",""operation"":""CONFIRM"",""outcome"":""SUCCEEDED"",""latencyMs"":8}]",0,0,true,true,,3,0,0,LOW,30,PROCEED,,
20260924_215150_n6lu,E09-concurrent-same-idempotency-key,c4,3,201,,dcc8a900-bb30-493f-b920-98d6e1962722,COMPLETED,,true,383.198,245,"[{""itemType"":""hotel"",""operation"":""RESERVE"",""outcome"":""SUCCEEDED"",""latencyMs"":6},{""itemType"":""flight"",""operation"":""RESERVE"",""outcome"":""SUCCEEDED"",""latencyMs"":6},{""itemType"":""transport"",""operation"":""RESERVE"",""outcome"":""SUCCEEDED"",""latencyMs"":9},{""itemType"":""hotel"",""operation"":""CONFIRM"",""outcome"":""SUCCEEDED"",""latencyMs"":14},{""itemType"":""flight"",""operation"":""CONFIRM"",""outcome"":""SUCCEEDED"",""latencyMs"":11},{""itemType"":""transport"",""operation"":""CONFIRM"",""outcome"":""SUCCEEDED"",""latencyMs"":8}]",0,0,true,true,,3,0,0,LOW,30,PROCEED,,
20260924_215150_n6lu,E09-concurrent-same-idempotency-key,c4,4,201,,3c97580d-9a70-46fd-8559-6f49abb4e1df,COMPLETED,,false,328.785,300,"[{""itemType"":""hotel"",""operation"":""RESERVE"",""outcome"":""SUCCEEDED"",""latencyMs"":9},{""itemType"":""flight"",""operation"":""RESERVE"",""outcome"":""SUCCEEDED"",""latencyMs"":8},{""itemType"":""transport"",""operation"":""RESERVE"",""outcome"":""SUCCEEDED"",""latencyMs"":10},{""itemType"":""hotel"",""operation"":""CONFIRM"",""outcome"":""SUCCEEDED"",""latencyMs"":8},{""itemType"":""flight"",""operation"":""CONFIRM"",""outcome"":""SUCCEEDED"",""latencyMs"":11},{""itemType"":""transport"",""operation"":""CONFIRM"",""outcome"":""SUCCEEDED"",""latencyMs"":10}]",0,0,true,true,,3,0,0,LOW,30,PROCEED,,
20260924_215150_n6lu,E09-concurrent-same-idempotency-key,c4,5,201,,3c97580d-9a70-46fd-8559-6f49abb4e1df,COMPLETED,,true,367.128,300,"[{""itemType"":""hotel"",""operation"":""RESERVE"",""outcome"":""SUCCEEDED"",""latencyMs"":9},{""itemType"":""flight"",""operation"":""RESERVE"",""outcome"":""SUCCEEDED"",""latencyMs"":8},{""itemType"":""transport"",""operation"":""RESERVE"",""outcome"":""SUCCEEDED"",""latencyMs"":10},{""itemType"":""hotel"",""operation"":""CONFIRM"",""outcome"":""SUCCEEDED"",""latencyMs"":8},{""itemType"":""flight"",""operation"":""CONFIRM"",""outcome"":""SUCCEEDED"",""latencyMs"":11},{""itemType"":""transport"",""operation"":""CONFIRM"",""outcome"":""SUCCEEDED"",""latencyMs"":10}]",0,0,true,true,,3,0,0,LOW,30,PROCEED,,
20260924_215150_n6lu,E09-concurrent-same-idempotency-key,c4,6,201,,3c97580d-9a70-46fd-8559-6f49abb4e1df,COMPLETED,,true,397.363,300,"[{""itemType"":""hotel"",""operation"":""RESERVE"",""outcome"":""SUCCEEDED"",""latencyMs"":9},{""itemType"":""flight"",""operation"":""RESERVE"",""outcome"":""SUCCEEDED"",""latencyMs"":8},{""itemType"":""transport"",""operation"":""RESERVE"",""outcome"":""SUCCEEDED"",""latencyMs"":10},{""itemType"":""hotel"",""operation"":""CONFIRM"",""outcome"":""SUCCEEDED"",""latencyMs"":8},{""itemType"":""flight"",""operation"":""CONFIRM"",""outcome"":""SUCCEEDED"",""latencyMs"":11},{""itemType"":""transport"",""operation"":""CONFIRM"",""outcome"":""SUCCEEDED"",""latencyMs"":10}]",0,0,true,true,,3,0,0,LOW,30,PROCEED,,
20260924_215150_n6lu,E09-concurrent-same-idempotency-key,c4,7,201,,3c97580d-9a70-46fd-8559-6f49abb4e1df,COMPLETED,,true,426.978,300,"[{""itemType"":""hotel"",""operation"":""RESERVE"",""outcome"":""SUCCEEDED"",""latencyMs"":9},{""itemType"":""flight"",""operation"":""RESERVE"",""outcome"":""SUCCEEDED"",""latencyMs"":8},{""itemType"":""transport"",""operation"":""RESERVE"",""outcome"":""SUCCEEDED"",""latencyMs"":10},{""itemType"":""hotel"",""operation"":""CONFIRM"",""outcome"":""SUCCEEDED"",""latencyMs"":8},{""itemType"":""flight"",""operation"":""CONFIRM"",""outcome"":""SUCCEEDED"",""latencyMs"":11},{""itemType"":""transport"",""operation"":""CONFIRM"",""outcome"":""SUCCEEDED"",""latencyMs"":10}]",0,0,true,true,,3,0,0,LOW,30,PROCEED,,
20260924_215150_n6lu,E09-concurrent-same-idempotency-key,c4,8,201,,32e98243-d8fe-4599-b850-67fe1e583706,COMPLETED,,false,379.03,336,"[{""itemType"":""hotel"",""operation"":""RESERVE"",""outcome"":""SUCCEEDED"",""latencyMs"":11},{""itemType"":""flight"",""operation"":""RESERVE"",""outcome"":""SUCCEEDED"",""latencyMs"":14},{""itemType"":""transport"",""operation"":""RESERVE"",""outcome"":""SUCCEEDED"",""latencyMs"":12},{""itemType"":""hotel"",""operation"":""CONFIRM"",""outcome"":""SUCCEEDED"",""latencyMs"":8},{""itemType"":""flight"",""operation"":""CONFIRM"",""outcome"":""SUCCEEDED"",""latencyMs"":12},{""itemType"":""transport"",""operation"":""CONFIRM"",""outcome"":""SUCCEEDED"",""latencyMs"":11}]",0,0,true,true,,3,0,0,LOW,30,PROCEED,,
20260924_215150_n6lu,E09-concurrent-same-idempotency-key,c4,9,201,,32e98243-d8fe-4599-b850-67fe1e583706,COMPLETED,,true,410.803,336,"[{""itemType"":""hotel"",""operation"":""RESERVE"",""outcome"":""SUCCEEDED"",""latencyMs"":11},{""itemType"":""flight"",""operation"":""RESERVE"",""outcome"":""SUCCEEDED"",""latencyMs"":14},{""itemType"":""transport"",""operation"":""RESERVE"",""outcome"":""SUCCEEDED"",""latencyMs"":12},{""itemType"":""hotel"",""operation"":""CONFIRM"",""outcome"":""SUCCEEDED"",""latencyMs"":8},{""itemType"":""flight"",""operation"":""CONFIRM"",""outcome"":""SUCCEEDED"",""latencyMs"":12},{""itemType"":""transport"",""operation"":""CONFIRM"",""outcome"":""SUCCEEDED"",""latencyMs"":11}]",0,0,true,true,,3,0,0,LOW,30,PROCEED,,
20260924_215150_n6lu,E09-concurrent-same-idempotency-key,c4,10,201,,32e98243-d8fe-4599-b850-67fe1e583706,COMPLETED,,true,452.504,336,"[{""itemType"":""hotel"",""operation"":""RESERVE"",""outcome"":""SUCCEEDED"",""latencyMs"":11},{""itemType"":""flight"",""operation"":""RESERVE"",""outcome"":""SUCCEEDED"",""latencyMs"":14},{""itemType"":""transport"",""operation"":""RESERVE"",""outcome"":""SUCCEEDED"",""latencyMs"":12},{""itemType"":""hotel"",""operation"":""CONFIRM"",""outcome"":""SUCCEEDED"",""latencyMs"":8},{""itemType"":""flight"",""operation"":""CONFIRM"",""outcome"":""SUCCEEDED"",""latencyMs"":12},{""itemType"":""transport"",""operation"":""CONFIRM"",""outcome"":""SUCCEEDED"",""latencyMs"":11}]",0,0,true,true,,3,0,0,LOW,30,PROCEED,,
20260924_215150_n6lu,E09-concurrent-same-idempotency-key,c4,11,201,,32e98243-d8fe-4599-b850-67fe1e583706,COMPLETED,,true,515.04,336,"[{""itemType"":""hotel"",""operation"":""RESERVE"",""outcome"":""SUCCEEDED"",""latencyMs"":11},{""itemType"":""flight"",""operation"":""RESERVE"",""outcome"":""SUCCEEDED"",""latencyMs"":14},{""itemType"":""transport"",""operation"":""RESERVE"",""outcome"":""SUCCEEDED"",""latencyMs"":12},{""itemType"":""hotel"",""operation"":""CONFIRM"",""outcome"":""SUCCEEDED"",""latencyMs"":8},{""itemType"":""flight"",""operation"":""CONFIRM"",""outcome"":""SUCCEEDED"",""latencyMs"":12},{""itemType"":""transport"",""operation"":""CONFIRM"",""outcome"":""SUCCEEDED"",""latencyMs"":11}]",0,0,true,true,,3,0,0,LOW,30,PROCEED,,
20260924_215150_n6lu,E09-concurrent-same-idempotency-key,c8,0,201,,3aff0cef-a489-40d8-9e0c-58edbb5cbdac,COMPLETED,,false,472.354,407,"[{""itemType"":""hotel"",""operation"":""RESERVE"",""outcome"":""SUCCEEDED"",""latencyMs"":8},{""itemType"":""flight"",""operation"":""RESERVE"",""outcome"":""SUCCEEDED"",""latencyMs"":14},{""itemType"":""transport"",""operation"":""RESERVE"",""outcome"":""SUCCEEDED"",""latencyMs"":9},{""itemType"":""hotel"",""operation"":""CONFIRM"",""outcome"":""SUCCEEDED"",""latencyMs"":10},{""itemType"":""flight"",""operation"":""CONFIRM"",""outcome"":""SUCCEEDED"",""latencyMs"":12},{""itemType"":""transport"",""operation"":""CONFIRM"",""outcome"":""SUCCEEDED"",""latencyMs"":14}]",0,0,true,true,,3,0,0,LOW,30,PROCEED,,
20260924_215150_n6lu,E09-concurrent-same-idempotency-key,c8,1,201,,3aff0cef-a489-40d8-9e0c-58edbb5cbdac,COMPLETED,,true,524.579,407,"[{""itemType"":""hotel"",""operation"":""RESERVE"",""outcome"":""SUCCEEDED"",""latencyMs"":8},{""itemType"":""flight"",""operation"":""RESERVE"",""outcome"":""SUCCEEDED"",""latencyMs"":14},{""itemType"":""transport"",""operation"":""RESERVE"",""outcome"":""SUCCEEDED"",""latencyMs"":9},{""itemType"":""hotel"",""operation"":""CONFIRM"",""outcome"":""SUCCEEDED"",""latencyMs"":10},{""itemType"":""flight"",""operation"":""CONFIRM"",""outcome"":""SUCCEEDED"",""latencyMs"":12},{""itemType"":""transport"",""operation"":""CONFIRM"",""outcome"":""SUCCEEDED"",""latencyMs"":14}]",0,0,true,true,,3,0,0,LOW,30,PROCEED,,
20260924_215150_n6lu,E09-concurrent-same-idempotency-key,c8,2,201,,3aff0cef-a489-40d8-9e0c-58edbb5cbdac,COMPLETED,,true,573.592,407,"[{""itemType"":""hotel"",""operation"":""RESERVE"",""outcome"":""SUCCEEDED"",""latencyMs"":8},{""itemType"":""flight"",""operation"":""RESERVE"",""outcome"":""SUCCEEDED"",""latencyMs"":14},{""itemType"":""transport"",""operation"":""RESERVE"",""outcome"":""SUCCEEDED"",""latencyMs"":9},{""itemType"":""hotel"",""operation"":""CONFIRM"",""outcome"":""SUCCEEDED"",""latencyMs"":10},{""itemType"":""flight"",""operation"":""CONFIRM"",""outcome"":""SUCCEEDED"",""latencyMs"":12},{""itemType"":""transport"",""operation"":""CONFIRM"",""outcome"":""SUCCEEDED"",""latencyMs"":14}]",0,0,true,true,,3,0,0,LOW,30,PROCEED,,
20260924_215150_n6lu,E09-concurrent-same-idempotency-key,c8,3,201,,3aff0cef-a489-40d8-9e0c-58edbb5cbdac,COMPLETED,,true,648.053,407,"[{""itemType"":""hotel"",""operation"":""RESERVE"",""outcome"":""SUCCEEDED"",""latencyMs"":8},{""itemType"":""flight"",""operation"":""RESERVE"",""outcome"":""SUCCEEDED"",""latencyMs"":14},{""itemType"":""transport"",""operation"":""RESERVE"",""outcome"":""SUCCEEDED"",""latencyMs"":9},{""itemType"":""hotel"",""operation"":""CONFIRM"",""outcome"":""SUCCEEDED"",""latencyMs"":10},{""itemType"":""flight"",""operation"":""CONFIRM"",""outcome"":""SUCCEEDED"",""latencyMs"":12},{""itemType"":""transport"",""operation"":""CONFIRM"",""outcome"":""SUCCEEDED"",""latencyMs"":14}]",0,0,true,true,,3,0,0,LOW,30,PROCEED,,
20260924_215150_n6lu,E09-concurrent-same-idempotency-key,c8,4,201,,3aff0cef-a489-40d8-9e0c-58edbb5cbdac,COMPLETED,,true,700.09,407,"[{""itemType"":""hotel"",""operation"":""RESERVE"",""outcome"":""SUCCEEDED"",""latencyMs"":8},{""itemType"":""flight"",""operation"":""RESERVE"",""outcome"":""SUCCEEDED"",""latencyMs"":14},{""itemType"":""transport"",""operation"":""RESERVE"",""outcome"":""SUCCEEDED"",""latencyMs"":9},{""itemType"":""hotel"",""operation"":""CONFIRM"",""outcome"":""SUCCEEDED"",""latencyMs"":10},{""itemType"":""flight"",""operation"":""CONFIRM"",""outcome"":""SUCCEEDED"",""latencyMs"":12},{""itemType"":""transport"",""operation"":""CONFIRM"",""outcome"":""SUCCEEDED"",""latencyMs"":14}]",0,0,true,true,,3,0,0,LOW,30,PROCEED,,
20260924_215150_n6lu,E09-concurrent-same-idempotency-key,c8,5,201,,3aff0cef-a489-40d8-9e0c-58edbb5cbdac,COMPLETED,,true,759.765,407,"[{""itemType"":""hotel"",""operation"":""RESERVE"",""outcome"":""SUCCEEDED"",""latencyMs"":8},{""itemType"":""flight"",""operation"":""RESERVE"",""outcome"":""SUCCEEDED"",""latencyMs"":14},{""itemType"":""transport"",""operation"":""RESERVE"",""outcome"":""SUCCEEDED"",""latencyMs"":9},{""itemType"":""hotel"",""operation"":""CONFIRM"",""outcome"":""SUCCEEDED"",""latencyMs"":10},{""itemType"":""flight"",""operation"":""CONFIRM"",""outcome"":""SUCCEEDED"",""latencyMs"":12},{""itemType"":""transport"",""operation"":""CONFIRM"",""outcome"":""SUCCEEDED"",""latencyMs"":14}]",0,0,true,true,,3,0,0,LOW,30,PROCEED,,
20260924_215150_n6lu,E09-concurrent-same-idempotency-key,c8,6,201,,3aff0cef-a489-40d8-9e0c-58edbb5cbdac,COMPLETED,,true,827.418,407,"[{""itemType"":""hotel"",""operation"":""RESERVE"",""outcome"":""SUCCEEDED"",""latencyMs"":8},{""itemType"":""flight"",""operation"":""RESERVE"",""outcome"":""SUCCEEDED"",""latencyMs"":14},{""itemType"":""transport"",""operation"":""RESERVE"",""outcome"":""SUCCEEDED"",""latencyMs"":9},{""itemType"":""hotel"",""operation"":""CONFIRM"",""outcome"":""SUCCEEDED"",""latencyMs"":10},{""itemType"":""flight"",""operation"":""CONFIRM"",""outcome"":""SUCCEEDED"",""latencyMs"":12},{""itemType"":""transport"",""operation"":""CONFIRM"",""outcome"":""SUCCEEDED"",""latencyMs"":14}]",0,0,true,true,,3,0,0,LOW,30,PROCEED,,
20260924_215150_n6lu,E09-concurrent-same-idempotency-key,c8,7,201,,3aff0cef-a489-40d8-9e0c-58edbb5cbdac,COMPLETED,,true,873.953,407,"[{""itemType"":""hotel"",""operation"":""RESERVE"",""outcome"":""SUCCEEDED"",""latencyMs"":8},{""itemType"":""flight"",""operation"":""RESERVE"",""outcome"":""SUCCEEDED"",""latencyMs"":14},{""itemType"":""transport"",""operation"":""RESERVE"",""outcome"":""SUCCEEDED"",""latencyMs"":9},{""itemType"":""hotel"",""operation"":""CONFIRM"",""outcome"":""SUCCEEDED"",""latencyMs"":10},{""itemType"":""flight"",""operation"":""CONFIRM"",""outcome"":""SUCCEEDED"",""latencyMs"":12},{""itemType"":""transport"",""operation"":""CONFIRM"",""outcome"":""SUCCEEDED"",""latencyMs"":14}]",0,0,true,true,,3,0,0,LOW,30,PROCEED,,
20260924_215150_n6lu,E09-concurrent-same-idempotency-key,c8,8,201,,b12c3bb8-cc7f-4111-90ac-7370a7d3a240,COMPLETED,,false,461.797,432,"[{""itemType"":""hotel"",""operation"":""RESERVE"",""outcome"":""SUCCEEDED"",""latencyMs"":14},{""itemType"":""flight"",""operation"":""RESERVE"",""outcome"":""SUCCEEDED"",""latencyMs"":15},{""itemType"":""transport"",""operation"":""RESERVE"",""outcome"":""SUCCEEDED"",""latencyMs"":10},{""itemType"":""hotel"",""operation"":""CONFIRM"",""outcome"":""SUCCEEDED"",""latencyMs"":17},{""itemType"":""flight"",""operation"":""CONFIRM"",""outcome"":""SUCCEEDED"",""latencyMs"":18},{""itemType"":""transport"",""operation"":""CONFIRM"",""outcome"":""SUCCEEDED"",""latencyMs"":15}]",0,0,true,true,,3,0,0,LOW,30,PROCEED,,
20260924_215150_n6lu,E09-concurrent-same-idempotency-key,c8,9,201,,b12c3bb8-cc7f-4111-90ac-7370a7d3a240,COMPLETED,,true,471.419,432,"[{""itemType"":""hotel"",""operation"":""RESERVE"",""outcome"":""SUCCEEDED"",""latencyMs"":14},{""itemType"":""flight"",""operation"":""RESERVE"",""outcome"":""SUCCEEDED"",""latencyMs"":15},{""itemType"":""transport"",""operation"":""RESERVE"",""outcome"":""SUCCEEDED"",""latencyMs"":10},{""itemType"":""hotel"",""operation"":""CONFIRM"",""outcome"":""SUCCEEDED"",""latencyMs"":17},{""itemType"":""flight"",""operation"":""CONFIRM"",""outcome"":""SUCCEEDED"",""latencyMs"":18},{""itemType"":""transport"",""operation"":""CONFIRM"",""outcome"":""SUCCEEDED"",""latencyMs"":15}]",0,0,true,true,,3,0,0,LOW,30,PROCEED,,
20260924_215150_n6lu,E09-concurrent-same-idempotency-key,c8,10,201,,b12c3bb8-cc7f-4111-90ac-7370a7d3a240,COMPLETED,,true,481.441,432,"[{""itemType"":""hotel"",""operation"":""RESERVE"",""outcome"":""SUCCEEDED"",""latencyMs"":14},{""itemType"":""flight"",""operation"":""RESERVE"",""outcome"":""SUCCEEDED"",""latencyMs"":15},{""itemType"":""transport"",""operation"":""RESERVE"",""outcome"":""SUCCEEDED"",""latencyMs"":10},{""itemType"":""hotel"",""operation"":""CONFIRM"",""outcome"":""SUCCEEDED"",""latencyMs"":17},{""itemType"":""flight"",""operation"":""CONFIRM"",""outcome"":""SUCCEEDED"",""latencyMs"":18},{""itemType"":""transport"",""operation"":""CONFIRM"",""outcome"":""SUCCEEDED"",""latencyMs"":15}]",0,0,true,true,,3,0,0,LOW,30,PROCEED,,
20260924_215150_n6lu,E09-concurrent-same-idempotency-key,c8,11,201,,b12c3bb8-cc7f-4111-90ac-7370a7d3a240,COMPLETED,,true,491.654,432,"[{""itemType"":""hotel"",""operation"":""RESERVE"",""outcome"":""SUCCEEDED"",""latencyMs"":14},{""itemType"":""flight"",""operation"":""RESERVE"",""outcome"":""SUCCEEDED"",""latencyMs"":15},{""itemType"":""transport"",""operation"":""RESERVE"",""outcome"":""SUCCEEDED"",""latencyMs"":10},{""itemType"":""hotel"",""operation"":""CONFIRM"",""outcome"":""SUCCEEDED"",""latencyMs"":17},{""itemType"":""flight"",""operation"":""CONFIRM"",""outcome"":""SUCCEEDED"",""latencyMs"":18},{""itemType"":""transport"",""operation"":""CONFIRM"",""outcome"":""SUCCEEDED"",""latencyMs"":15}]",0,0,true,true,,3,0,0,LOW,30,PROCEED,,
20260924_215150_n6lu,E09-concurrent-same-idempotency-key,c8,12,201,,b12c3bb8-cc7f-4111-90ac-7370a7d3a240,COMPLETED,,true,503.002,432,"[{""itemType"":""hotel"",""operation"":""RESERVE"",""outcome"":""SUCCEEDED"",""latencyMs"":14},{""itemType"":""flight"",""operation"":""RESERVE"",""outcome"":""SUCCEEDED"",""latencyMs"":15},{""itemType"":""transport"",""operation"":""RESERVE"",""outcome"":""SUCCEEDED"",""latencyMs"":10},{""itemType"":""hotel"",""operation"":""CONFIRM"",""outcome"":""SUCCEEDED"",""latencyMs"":17},{""itemType"":""flight"",""operation"":""CONFIRM"",""outcome"":""SUCCEEDED"",""latencyMs"":18},{""itemType"":""transport"",""operation"":""CONFIRM"",""outcome"":""SUCCEEDED"",""latencyMs"":15}]",0,0,true,true,,3,0,0,LOW,30,PROCEED,,
20260924_215150_n6lu,E09-concurrent-same-idempotency-key,c8,13,201,,b12c3bb8-cc7f-4111-90ac-7370a7d3a240,COMPLETED,,true,511.983,432,"[{""itemType"":""hotel"",""operation"":""RESERVE"",""outcome"":""SUCCEEDED"",""latencyMs"":14},{""itemType"":""flight"",""operation"":""RESERVE"",""outcome"":""SUCCEEDED"",""latencyMs"":15},{""itemType"":""transport"",""operation"":""RESERVE"",""outcome"":""SUCCEEDED"",""latencyMs"":10},{""itemType"":""hotel"",""operation"":""CONFIRM"",""outcome"":""SUCCEEDED"",""latencyMs"":17},{""itemType"":""flight"",""operation"":""CONFIRM"",""outcome"":""SUCCEEDED"",""latencyMs"":18},{""itemType"":""transport"",""operation"":""CONFIRM"",""outcome"":""SUCCEEDED"",""latencyMs"":15}]",0,0,true,true,,3,0,0,LOW,30,PROCEED,,
20260924_215150_n6lu,E09-concurrent-same-idempotency-key,c8,14,201,,b12c3bb8-cc7f-4111-90ac-7370a7d3a240,COMPLETED,,true,522.093,432,"[{""itemType"":""hotel"",""operation"":""RESERVE"",""outcome"":""SUCCEEDED"",""latencyMs"":14},{""itemType"":""flight"",""operation"":""RESERVE"",""outcome"":""SUCCEEDED"",""latencyMs"":15},{""itemType"":""transport"",""operation"":""RESERVE"",""outcome"":""SUCCEEDED"",""latencyMs"":10},{""itemType"":""hotel"",""operation"":""CONFIRM"",""outcome"":""SUCCEEDED"",""latencyMs"":17},{""itemType"":""flight"",""operation"":""CONFIRM"",""outcome"":""SUCCEEDED"",""latencyMs"":18},{""itemType"":""transport"",""operation"":""CONFIRM"",""outcome"":""SUCCEEDED"",""latencyMs"":15}]",0,0,true,true,,3,0,0,LOW,30,PROCEED,,
20260924_215150_n6lu,E09-concurrent-same-idempotency-key,c8,15,201,,b12c3bb8-cc7f-4111-90ac-7370a7d3a240,COMPLETED,,true,529.609,432,"[{""itemType"":""hotel"",""operation"":""RESERVE"",""outcome"":""SUCCEEDED"",""latencyMs"":14},{""itemType"":""flight"",""operation"":""RESERVE"",""outcome"":""SUCCEEDED"",""latencyMs"":15},{""itemType"":""transport"",""operation"":""RESERVE"",""outcome"":""SUCCEEDED"",""latencyMs"":10},{""itemType"":""hotel"",""operation"":""CONFIRM"",""outcome"":""SUCCEEDED"",""latencyMs"":17},{""itemType"":""flight"",""operation"":""CONFIRM"",""outcome"":""SUCCEEDED"",""latencyMs"":18},{""itemType"":""transport"",""operation"":""CONFIRM"",""outcome"":""SUCCEEDED"",""latencyMs"":15}]",0,0,true,true,,3,0,0,LOW,30,PROCEED,,
20260924_215150_n6lu,E09-concurrent-same-idempotency-key,c8,16,201,,286e9999-e40a-49eb-a23b-656ce3a5564c,COMPLETED,,false,98.44,86,"[{""itemType"":""hotel"",""operation"":""RESERVE"",""outcome"":""SUCCEEDED"",""latencyMs"":2},{""itemType"":""flight"",""operation"":""RESERVE"",""outcome"":""SUCCEEDED"",""latencyMs"":3},{""itemType"":""transport"",""operation"":""RESERVE"",""outcome"":""SUCCEEDED"",""latencyMs"":1},{""itemType"":""hotel"",""operation"":""CONFIRM"",""outcome"":""SUCCEEDED"",""latencyMs"":1},{""itemType"":""flight"",""operation"":""CONFIRM"",""outcome"":""SUCCEEDED"",""latencyMs"":2},{""itemType"":""transport"",""operation"":""CONFIRM"",""outcome"":""SUCCEEDED"",""latencyMs"":1}]",0,0,true,true,,3,0,0,LOW,30,PROCEED,,
20260924_215150_n6lu,E09-concurrent-same-idempotency-key,c8,17,201,,286e9999-e40a-49eb-a23b-656ce3a5564c,COMPLETED,,true,106.005,86,"[{""itemType"":""hotel"",""operation"":""RESERVE"",""outcome"":""SUCCEEDED"",""latencyMs"":2},{""itemType"":""flight"",""operation"":""RESERVE"",""outcome"":""SUCCEEDED"",""latencyMs"":3},{""itemType"":""transport"",""operation"":""RESERVE"",""outcome"":""SUCCEEDED"",""latencyMs"":1},{""itemType"":""hotel"",""operation"":""CONFIRM"",""outcome"":""SUCCEEDED"",""latencyMs"":1},{""itemType"":""flight"",""operation"":""CONFIRM"",""outcome"":""SUCCEEDED"",""latencyMs"":2},{""itemType"":""transport"",""operation"":""CONFIRM"",""outcome"":""SUCCEEDED"",""latencyMs"":1}]",0,0,true,true,,3,0,0,LOW,30,PROCEED,,
20260924_215150_n6lu,E09-concurrent-same-idempotency-key,c8,18,201,,286e9999-e40a-49eb-a23b-656ce3a5564c,COMPLETED,,true,113.961,86,"[{""itemType"":""hotel"",""operation"":""RESERVE"",""outcome"":""SUCCEEDED"",""latencyMs"":2},{""itemType"":""flight"",""operation"":""RESERVE"",""outcome"":""SUCCEEDED"",""latencyMs"":3},{""itemType"":""transport"",""operation"":""RESERVE"",""outcome"":""SUCCEEDED"",""latencyMs"":1},{""itemType"":""hotel"",""operation"":""CONFIRM"",""outcome"":""SUCCEEDED"",""latencyMs"":1},{""itemType"":""flight"",""operation"":""CONFIRM"",""outcome"":""SUCCEEDED"",""latencyMs"":2},{""itemType"":""transport"",""operation"":""CONFIRM"",""outcome"":""SUCCEEDED"",""latencyMs"":1}]",0,0,true,true,,3,0,0,LOW,30,PROCEED,,
20260924_215150_n6lu,E09-concurrent-same-idempotency-key,c8,19,201,,286e9999-e40a-49eb-a23b-656ce3a5564c,COMPLETED,,true,119.824,86,"[{""itemType"":""hotel"",""operation"":""RESERVE"",""outcome"":""SUCCEEDED"",""latencyMs"":2},{""itemType"":""flight"",""operation"":""RESERVE"",""outcome"":""SUCCEEDED"",""latencyMs"":3},{""itemType"":""transport"",""operation"":""RESERVE"",""outcome"":""SUCCEEDED"",""latencyMs"":1},{""itemType"":""hotel"",""operation"":""CONFIRM"",""outcome"":""SUCCEEDED"",""latencyMs"":1},{""itemType"":""flight"",""operation"":""CONFIRM"",""outcome"":""SUCCEEDED"",""latencyMs"":2},{""itemType"":""transport"",""operation"":""CONFIRM"",""outcome"":""SUCCEEDED"",""latencyMs"":1}]",0,0,true,true,,3,0,0,LOW,30,PROCEED,,
20260924_215150_n6lu,E09-concurrent-same-idempotency-key,c8,20,201,,286e9999-e40a-49eb-a23b-656ce3a5564c,COMPLETED,,true,125.066,86,"[{""itemType"":""hotel"",""operation"":""RESERVE"",""outcome"":""SUCCEEDED"",""latencyMs"":2},{""itemType"":""flight"",""operation"":""RESERVE"",""outcome"":""SUCCEEDED"",""latencyMs"":3},{""itemType"":""transport"",""operation"":""RESERVE"",""outcome"":""SUCCEEDED"",""latencyMs"":1},{""itemType"":""hotel"",""operation"":""CONFIRM"",""outcome"":""SUCCEEDED"",""latencyMs"":1},{""itemType"":""flight"",""operation"":""CONFIRM"",""outcome"":""SUCCEEDED"",""latencyMs"":2},{""itemType"":""transport"",""operation"":""CONFIRM"",""outcome"":""SUCCEEDED"",""latencyMs"":1}]",0,0,true,true,,3,0,0,LOW,30,PROCEED,,
20260924_215150_n6lu,E09-concurrent-same-idempotency-key,c8,21,201,,286e9999-e40a-49eb-a23b-656ce3a5564c,COMPLETED,,true,134.097,86,"[{""itemType"":""hotel"",""operation"":""RESERVE"",""outcome"":""SUCCEEDED"",""latencyMs"":2},{""itemType"":""flight"",""operation"":""RESERVE"",""outcome"":""SUCCEEDED"",""latencyMs"":3},{""itemType"":""transport"",""operation"":""RESERVE"",""outcome"":""SUCCEEDED"",""latencyMs"":1},{""itemType"":""hotel"",""operation"":""CONFIRM"",""outcome"":""SUCCEEDED"",""latencyMs"":1},{""itemType"":""flight"",""operation"":""CONFIRM"",""outcome"":""SUCCEEDED"",""latencyMs"":2},{""itemType"":""transport"",""operation"":""CONFIRM"",""outcome"":""SUCCEEDED"",""latencyMs"":1}]",0,0,true,true,,3,0,0,LOW,30,PROCEED,,
20260924_215150_n6lu,E09-concurrent-same-idempotency-key,c8,22,201,,286e9999-e40a-49eb-a23b-656ce3a5564c,COMPLETED,,true,141.569,86,"[{""itemType"":""hotel"",""operation"":""RESERVE"",""outcome"":""SUCCEEDED"",""latencyMs"":2},{""itemType"":""flight"",""operation"":""RESERVE"",""outcome"":""SUCCEEDED"",""latencyMs"":3},{""itemType"":""transport"",""operation"":""RESERVE"",""outcome"":""SUCCEEDED"",""latencyMs"":1},{""itemType"":""hotel"",""operation"":""CONFIRM"",""outcome"":""SUCCEEDED"",""latencyMs"":1},{""itemType"":""flight"",""operation"":""CONFIRM"",""outcome"":""SUCCEEDED"",""latencyMs"":2},{""itemType"":""transport"",""operation"":""CONFIRM"",""outcome"":""SUCCEEDED"",""latencyMs"":1}]",0,0,true,true,,3,0,0,LOW,30,PROCEED,,
20260924_215150_n6lu,E09-concurrent-same-idempotency-key,c8,23,201,,286e9999-e40a-49eb-a23b-656ce3a5564c,COMPLETED,,true,149.444,86,"[{""itemType"":""hotel"",""operation"":""RESERVE"",""outcome"":""SUCCEEDED"",""latencyMs"":2},{""itemType"":""flight"",""operation"":""RESERVE"",""outcome"":""SUCCEEDED"",""latencyMs"":3},{""itemType"":""transport"",""operation"":""RESERVE"",""outcome"":""SUCCEEDED"",""latencyMs"":1},{""itemType"":""hotel"",""operation"":""CONFIRM"",""outcome"":""SUCCEEDED"",""latencyMs"":1},{""itemType"":""flight"",""operation"":""CONFIRM"",""outcome"":""SUCCEEDED"",""latencyMs"":2},{""itemType"":""transport"",""operation"":""CONFIRM"",""outcome"":""SUCCEEDED"",""latencyMs"":1}]",0,0,true,true,,3,0,0,LOW,30,PROCEED,,
20260924_215150_n6lu,E09-concurrent-same-idempotency-key,c16,0,201,,78724275-42d6-4aa4-a68a-534d2f9e3441,COMPLETED,,false,74.572,67,"[{""itemType"":""hotel"",""operation"":""RESERVE"",""outcome"":""SUCCEEDED"",""latencyMs"":2},{""itemType"":""flight"",""operation"":""RESERVE"",""outcome"":""SUCCEEDED"",""latencyMs"":2},{""itemType"":""transport"",""operation"":""RESERVE"",""outcome"":""SUCCEEDED"",""latencyMs"":3},{""itemType"":""hotel"",""operation"":""CONFIRM"",""outcome"":""SUCCEEDED"",""latencyMs"":4},{""itemType"":""flight"",""operation"":""CONFIRM"",""outcome"":""SUCCEEDED"",""latencyMs"":2},{""itemType"":""transport"",""operation"":""CONFIRM"",""outcome"":""SUCCEEDED"",""latencyMs"":3}]",0,0,true,true,,3,0,0,LOW,30,PROCEED,,
20260924_215150_n6lu,E09-concurrent-same-idempotency-key,c16,1,201,,78724275-42d6-4aa4-a68a-534d2f9e3441,COMPLETED,,true,79.57,67,"[{""itemType"":""hotel"",""operation"":""RESERVE"",""outcome"":""SUCCEEDED"",""latencyMs"":2},{""itemType"":""flight"",""operation"":""RESERVE"",""outcome"":""SUCCEEDED"",""latencyMs"":2},{""itemType"":""transport"",""operation"":""RESERVE"",""outcome"":""SUCCEEDED"",""latencyMs"":3},{""itemType"":""hotel"",""operation"":""CONFIRM"",""outcome"":""SUCCEEDED"",""latencyMs"":4},{""itemType"":""flight"",""operation"":""CONFIRM"",""outcome"":""SUCCEEDED"",""latencyMs"":2},{""itemType"":""transport"",""operation"":""CONFIRM"",""outcome"":""SUCCEEDED"",""latencyMs"":3}]",0,0,true,true,,3,0,0,LOW,30,PROCEED,,
20260924_215150_n6lu,E09-concurrent-same-idempotency-key,c16,2,201,,78724275-42d6-4aa4-a68a-534d2f9e3441,COMPLETED,,true,86.118,67,"[{""itemType"":""hotel"",""operation"":""RESERVE"",""outcome"":""SUCCEEDED"",""latencyMs"":2},{""itemType"":""flight"",""operation"":""RESERVE"",""outcome"":""SUCCEEDED"",""latencyMs"":2},{""itemType"":""transport"",""operation"":""RESERVE"",""outcome"":""SUCCEEDED"",""latencyMs"":3},{""itemType"":""hotel"",""operation"":""CONFIRM"",""outcome"":""SUCCEEDED"",""latencyMs"":4},{""itemType"":""flight"",""operation"":""CONFIRM"",""outcome"":""SUCCEEDED"",""latencyMs"":2},{""itemType"":""transport"",""operation"":""CONFIRM"",""outcome"":""SUCCEEDED"",""latencyMs"":3}]",0,0,true,true,,3,0,0,LOW,30,PROCEED,,
20260924_215150_n6lu,E09-concurrent-same-idempotency-key,c16,3,201,,78724275-42d6-4aa4-a68a-534d2f9e3441,COMPLETED,,true,93.29,67,"[{""itemType"":""hotel"",""operation"":""RESERVE"",""outcome"":""SUCCEEDED"",""latencyMs"":2},{""itemType"":""flight"",""operation"":""RESERVE"",""outcome"":""SUCCEEDED"",""latencyMs"":2},{""itemType"":""transport"",""operation"":""RESERVE"",""outcome"":""SUCCEEDED"",""latencyMs"":3},{""itemType"":""hotel"",""operation"":""CONFIRM"",""outcome"":""SUCCEEDED"",""latencyMs"":4},{""itemType"":""flight"",""operation"":""CONFIRM"",""outcome"":""SUCCEEDED"",""latencyMs"":2},{""itemType"":""transport"",""operation"":""CONFIRM"",""outcome"":""SUCCEEDED"",""latencyMs"":3}]",0,0,true,true,,3,0,0,LOW,30,PROCEED,,
20260924_215150_n6lu,E09-concurrent-same-idempotency-key,c16,4,201,,78724275-42d6-4aa4-a68a-534d2f9e3441,COMPLETED,,true,100.128,67,"[{""itemType"":""hotel"",""operation"":""RESERVE"",""outcome"":""SUCCEEDED"",""latencyMs"":2},{""itemType"":""flight"",""operation"":""RESERVE"",""outcome"":""SUCCEEDED"",""latencyMs"":2},{""itemType"":""transport"",""operation"":""RESERVE"",""outcome"":""SUCCEEDED"",""latencyMs"":3},{""itemType"":""hotel"",""operation"":""CONFIRM"",""outcome"":""SUCCEEDED"",""latencyMs"":4},{""itemType"":""flight"",""operation"":""CONFIRM"",""outcome"":""SUCCEEDED"",""latencyMs"":2},{""itemType"":""transport"",""operation"":""CONFIRM"",""outcome"":""SUCCEEDED"",""latencyMs"":3}]",0,0,true,true,,3,0,0,LOW,30,PROCEED,,
20260924_215150_n6lu,E09-concurrent-same-idempotency-key,c16,5,201,,78724275-42d6-4aa4-a68a-534d2f9e3441,COMPLETED,,true,105.353,67,"[{""itemType"":""hotel"",""operation"":""RESERVE"",""outcome"":""SUCCEEDED"",""latencyMs"":2},{""itemType"":""flight"",""operation"":""RESERVE"",""outcome"":""SUCCEEDED"",""latencyMs"":2},{""itemType"":""transport"",""operation"":""RESERVE"",""outcome"":""SUCCEEDED"",""latencyMs"":3},{""itemType"":""hotel"",""operation"":""CONFIRM"",""outcome"":""SUCCEEDED"",""latencyMs"":4},{""itemType"":""flight"",""operation"":""CONFIRM"",""outcome"":""SUCCEEDED"",""latencyMs"":2},{""itemType"":""transport"",""operation"":""CONFIRM"",""outcome"":""SUCCEEDED"",""latencyMs"":3}]",0,0,true,true,,3,0,0,LOW,30,PROCEED,,
20260924_215150_n6lu,E09-concurrent-same-idempotency-key,c16,6,201,,78724275-42d6-4aa4-a68a-534d2f9e3441,COMPLETED,,true,115.661,67,"[{""itemType"":""hotel"",""operation"":""RESERVE"",""outcome"":""SUCCEEDED"",""latencyMs"":2},{""itemType"":""flight"",""operation"":""RESERVE"",""outcome"":""SUCCEEDED"",""latencyMs"":2},{""itemType"":""transport"",""operation"":""RESERVE"",""outcome"":""SUCCEEDED"",""latencyMs"":3},{""itemType"":""hotel"",""operation"":""CONFIRM"",""outcome"":""SUCCEEDED"",""latencyMs"":4},{""itemType"":""flight"",""operation"":""CONFIRM"",""outcome"":""SUCCEEDED"",""latencyMs"":2},{""itemType"":""transport"",""operation"":""CONFIRM"",""outcome"":""SUCCEEDED"",""latencyMs"":3}]",0,0,true,true,,3,0,0,LOW,30,PROCEED,,
20260924_215150_n6lu,E09-concurrent-same-idempotency-key,c16,7,201,,78724275-42d6-4aa4-a68a-534d2f9e3441,COMPLETED,,true,125.375,67,"[{""itemType"":""hotel"",""operation"":""RESERVE"",""outcome"":""SUCCEEDED"",""latencyMs"":2},{""itemType"":""flight"",""operation"":""RESERVE"",""outcome"":""SUCCEEDED"",""latencyMs"":2},{""itemType"":""transport"",""operation"":""RESERVE"",""outcome"":""SUCCEEDED"",""latencyMs"":3},{""itemType"":""hotel"",""operation"":""CONFIRM"",""outcome"":""SUCCEEDED"",""latencyMs"":4},{""itemType"":""flight"",""operation"":""CONFIRM"",""outcome"":""SUCCEEDED"",""latencyMs"":2},{""itemType"":""transport"",""operation"":""CONFIRM"",""outcome"":""SUCCEEDED"",""latencyMs"":3}]",0,0,true,true,,3,0,0,LOW,30,PROCEED,,
20260924_215150_n6lu,E09-concurrent-same-idempotency-key,c16,8,201,,78724275-42d6-4aa4-a68a-534d2f9e3441,COMPLETED,,true,134.089,67,"[{""itemType"":""hotel"",""operation"":""RESERVE"",""outcome"":""SUCCEEDED"",""latencyMs"":2},{""itemType"":""flight"",""operation"":""RESERVE"",""outcome"":""SUCCEEDED"",""latencyMs"":2},{""itemType"":""transport"",""operation"":""RESERVE"",""outcome"":""SUCCEEDED"",""latencyMs"":3},{""itemType"":""hotel"",""operation"":""CONFIRM"",""outcome"":""SUCCEEDED"",""latencyMs"":4},{""itemType"":""flight"",""operation"":""CONFIRM"",""outcome"":""SUCCEEDED"",""latencyMs"":2},{""itemType"":""transport"",""operation"":""CONFIRM"",""outcome"":""SUCCEEDED"",""latencyMs"":3}]",0,0,true,true,,3,0,0,LOW,30,PROCEED,,
20260924_215150_n6lu,E09-concurrent-same-idempotency-key,c16,9,201,,78724275-42d6-4aa4-a68a-534d2f9e3441,COMPLETED,,true,143.565,67,"[{""itemType"":""hotel"",""operation"":""RESERVE"",""outcome"":""SUCCEEDED"",""latencyMs"":2},{""itemType"":""flight"",""operation"":""RESERVE"",""outcome"":""SUCCEEDED"",""latencyMs"":2},{""itemType"":""transport"",""operation"":""RESERVE"",""outcome"":""SUCCEEDED"",""latencyMs"":3},{""itemType"":""hotel"",""operation"":""CONFIRM"",""outcome"":""SUCCEEDED"",""latencyMs"":4},{""itemType"":""flight"",""operation"":""CONFIRM"",""outcome"":""SUCCEEDED"",""latencyMs"":2},{""itemType"":""transport"",""operation"":""CONFIRM"",""outcome"":""SUCCEEDED"",""latencyMs"":3}]",0,0,true,true,,3,0,0,LOW,30,PROCEED,,
20260924_215150_n6lu,E09-concurrent-same-idempotency-key,c16,10,201,,78724275-42d6-4aa4-a68a-534d2f9e3441,COMPLETED,,true,151.506,67,"[{""itemType"":""hotel"",""operation"":""RESERVE"",""outcome"":""SUCCEEDED"",""latencyMs"":2},{""itemType"":""flight"",""operation"":""RESERVE"",""outcome"":""SUCCEEDED"",""latencyMs"":2},{""itemType"":""transport"",""operation"":""RESERVE"",""outcome"":""SUCCEEDED"",""latencyMs"":3},{""itemType"":""hotel"",""operation"":""CONFIRM"",""outcome"":""SUCCEEDED"",""latencyMs"":4},{""itemType"":""flight"",""operation"":""CONFIRM"",""outcome"":""SUCCEEDED"",""latencyMs"":2},{""itemType"":""transport"",""operation"":""CONFIRM"",""outcome"":""SUCCEEDED"",""latencyMs"":3}]",0,0,true,true,,3,0,0,LOW,30,PROCEED,,
20260924_215150_n6lu,E09-concurrent-same-idempotency-key,c16,11,201,,78724275-42d6-4aa4-a68a-534d2f9e3441,COMPLETED,,true,159.522,67,"[{""itemType"":""hotel"",""operation"":""RESERVE"",""outcome"":""SUCCEEDED"",""latencyMs"":2},{""itemType"":""flight"",""operation"":""RESERVE"",""outcome"":""SUCCEEDED"",""latencyMs"":2},{""itemType"":""transport"",""operation"":""RESERVE"",""outcome"":""SUCCEEDED"",""latencyMs"":3},{""itemType"":""hotel"",""operation"":""CONFIRM"",""outcome"":""SUCCEEDED"",""latencyMs"":4},{""itemType"":""flight"",""operation"":""CONFIRM"",""outcome"":""SUCCEEDED"",""latencyMs"":2},{""itemType"":""transport"",""operation"":""CONFIRM"",""outcome"":""SUCCEEDED"",""latencyMs"":3}]",0,0,true,true,,3,0,0,LOW,30,PROCEED,,
20260924_215150_n6lu,E09-concurrent-same-idempotency-key,c16,12,201,,78724275-42d6-4aa4-a68a-534d2f9e3441,COMPLETED,,true,166.996,67,"[{""itemType"":""hotel"",""operation"":""RESERVE"",""outcome"":""SUCCEEDED"",""latencyMs"":2},{""itemType"":""flight"",""operation"":""RESERVE"",""outcome"":""SUCCEEDED"",""latencyMs"":2},{""itemType"":""transport"",""operation"":""RESERVE"",""outcome"":""SUCCEEDED"",""latencyMs"":3},{""itemType"":""hotel"",""operation"":""CONFIRM"",""outcome"":""SUCCEEDED"",""latencyMs"":4},{""itemType"":""flight"",""operation"":""CONFIRM"",""outcome"":""SUCCEEDED"",""latencyMs"":2},{""itemType"":""transport"",""operation"":""CONFIRM"",""outcome"":""SUCCEEDED"",""latencyMs"":3}]",0,0,true,true,,3,0,0,LOW,30,PROCEED,,
20260924_215150_n6lu,E09-concurrent-same-idempotency-key,c16,13,201,,78724275-42d6-4aa4-a68a-534d2f9e3441,COMPLETED,,true,175.959,67,"[{""itemType"":""hotel"",""operation"":""RESERVE"",""outcome"":""SUCCEEDED"",""latencyMs"":2},{""itemType"":""flight"",""operation"":""RESERVE"",""outcome"":""SUCCEEDED"",""latencyMs"":2},{""itemType"":""transport"",""operation"":""RESERVE"",""outcome"":""SUCCEEDED"",""latencyMs"":3},{""itemType"":""hotel"",""operation"":""CONFIRM"",""outcome"":""SUCCEEDED"",""latencyMs"":4},{""itemType"":""flight"",""operation"":""CONFIRM"",""outcome"":""SUCCEEDED"",""latencyMs"":2},{""itemType"":""transport"",""operation"":""CONFIRM"",""outcome"":""SUCCEEDED"",""latencyMs"":3}]",0,0,true,true,,3,0,0,LOW,30,PROCEED,,
20260924_215150_n6lu,E09-concurrent-same-idempotency-key,c16,14,201,,78724275-42d6-4aa4-a68a-534d2f9e3441,COMPLETED,,true,188.038,67,"[{""itemType"":""hotel"",""operation"":""RESERVE"",""outcome"":""SUCCEEDED"",""latencyMs"":2},{""itemType"":""flight"",""operation"":""RESERVE"",""outcome"":""SUCCEEDED"",""latencyMs"":2},{""itemType"":""transport"",""operation"":""RESERVE"",""outcome"":""SUCCEEDED"",""latencyMs"":3},{""itemType"":""hotel"",""operation"":""CONFIRM"",""outcome"":""SUCCEEDED"",""latencyMs"":4},{""itemType"":""flight"",""operation"":""CONFIRM"",""outcome"":""SUCCEEDED"",""latencyMs"":2},{""itemType"":""transport"",""operation"":""CONFIRM"",""outcome"":""SUCCEEDED"",""latencyMs"":3}]",0,0,true,true,,3,0,0,LOW,30,PROCEED,,
20260924_215150_n6lu,E09-concurrent-same-idempotency-key,c16,15,201,,78724275-42d6-4aa4-a68a-534d2f9e3441,COMPLETED,,true,210.305,67,"[{""itemType"":""hotel"",""operation"":""RESERVE"",""outcome"":""SUCCEEDED"",""latencyMs"":2},{""itemType"":""flight"",""operation"":""RESERVE"",""outcome"":""SUCCEEDED"",""latencyMs"":2},{""itemType"":""transport"",""operation"":""RESERVE"",""outcome"":""SUCCEEDED"",""latencyMs"":3},{""itemType"":""hotel"",""operation"":""CONFIRM"",""outcome"":""SUCCEEDED"",""latencyMs"":4},{""itemType"":""flight"",""operation"":""CONFIRM"",""outcome"":""SUCCEEDED"",""latencyMs"":2},{""itemType"":""transport"",""operation"":""CONFIRM"",""outcome"":""SUCCEEDED"",""latencyMs"":3}]",0,0,true,true,,3,0,0,LOW,30,PROCEED,,
20260924_215150_n6lu,E09-concurrent-same-idempotency-key,c16,16,201,,053b2ae3-1d13-40fe-86a7-c62d29faa45f,COMPLETED,,false,111.739,95,"[{""itemType"":""hotel"",""operation"":""RESERVE"",""outcome"":""SUCCEEDED"",""latencyMs"":2},{""itemType"":""flight"",""operation"":""RESERVE"",""outcome"":""SUCCEEDED"",""latencyMs"":2},{""itemType"":""transport"",""operation"":""RESERVE"",""outcome"":""SUCCEEDED"",""latencyMs"":2},{""itemType"":""hotel"",""operation"":""CONFIRM"",""outcome"":""SUCCEEDED"",""latencyMs"":2},{""itemType"":""flight"",""operation"":""CONFIRM"",""outcome"":""SUCCEEDED"",""latencyMs"":3},{""itemType"":""transport"",""operation"":""CONFIRM"",""outcome"":""SUCCEEDED"",""latencyMs"":1}]",0,0,true,true,,3,0,0,LOW,30,PROCEED,,
20260924_215150_n6lu,E09-concurrent-same-idempotency-key,c16,17,201,,053b2ae3-1d13-40fe-86a7-c62d29faa45f,COMPLETED,,true,117.187,95,"[{""itemType"":""hotel"",""operation"":""RESERVE"",""outcome"":""SUCCEEDED"",""latencyMs"":2},{""itemType"":""flight"",""operation"":""RESERVE"",""outcome"":""SUCCEEDED"",""latencyMs"":2},{""itemType"":""transport"",""operation"":""RESERVE"",""outcome"":""SUCCEEDED"",""latencyMs"":2},{""itemType"":""hotel"",""operation"":""CONFIRM"",""outcome"":""SUCCEEDED"",""latencyMs"":2},{""itemType"":""flight"",""operation"":""CONFIRM"",""outcome"":""SUCCEEDED"",""latencyMs"":3},{""itemType"":""transport"",""operation"":""CONFIRM"",""outcome"":""SUCCEEDED"",""latencyMs"":1}]",0,0,true,true,,3,0,0,LOW,30,PROCEED,,
20260924_215150_n6lu,E09-concurrent-same-idempotency-key,c16,18,201,,053b2ae3-1d13-40fe-86a7-c62d29faa45f,COMPLETED,,true,122.12,95,"[{""itemType"":""hotel"",""operation"":""RESERVE"",""outcome"":""SUCCEEDED"",""latencyMs"":2},{""itemType"":""flight"",""operation"":""RESERVE"",""outcome"":""SUCCEEDED"",""latencyMs"":2},{""itemType"":""transport"",""operation"":""RESERVE"",""outcome"":""SUCCEEDED"",""latencyMs"":2},{""itemType"":""hotel"",""operation"":""CONFIRM"",""outcome"":""SUCCEEDED"",""latencyMs"":2},{""itemType"":""flight"",""operation"":""CONFIRM"",""outcome"":""SUCCEEDED"",""latencyMs"":3},{""itemType"":""transport"",""operation"":""CONFIRM"",""outcome"":""SUCCEEDED"",""latencyMs"":1}]",0,0,true,true,,3,0,0,LOW,30,PROCEED,,
20260924_215150_n6lu,E09-concurrent-same-idempotency-key,c16,19,201,,053b2ae3-1d13-40fe-86a7-c62d29faa45f,COMPLETED,,true,127.382,95,"[{""itemType"":""hotel"",""operation"":""RESERVE"",""outcome"":""SUCCEEDED"",""latencyMs"":2},{""itemType"":""flight"",""operation"":""RESERVE"",""outcome"":""SUCCEEDED"",""latencyMs"":2},{""itemType"":""transport"",""operation"":""RESERVE"",""outcome"":""SUCCEEDED"",""latencyMs"":2},{""itemType"":""hotel"",""operation"":""CONFIRM"",""outcome"":""SUCCEEDED"",""latencyMs"":2},{""itemType"":""flight"",""operation"":""CONFIRM"",""outcome"":""SUCCEEDED"",""latencyMs"":3},{""itemType"":""transport"",""operation"":""CONFIRM"",""outcome"":""SUCCEEDED"",""latencyMs"":1}]",0,0,true,true,,3,0,0,LOW,30,PROCEED,,
20260924_215150_n6lu,E09-concurrent-same-idempotency-key,c16,20,201,,053b2ae3-1d13-40fe-86a7-c62d29faa45f,COMPLETED,,true,132.47,95,"[{""itemType"":""hotel"",""operation"":""RESERVE"",""outcome"":""SUCCEEDED"",""latencyMs"":2},{""itemType"":""flight"",""operation"":""RESERVE"",""outcome"":""SUCCEEDED"",""latencyMs"":2},{""itemType"":""transport"",""operation"":""RESERVE"",""outcome"":""SUCCEEDED"",""latencyMs"":2},{""itemType"":""hotel"",""operation"":""CONFIRM"",""outcome"":""SUCCEEDED"",""latencyMs"":2},{""itemType"":""flight"",""operation"":""CONFIRM"",""outcome"":""SUCCEEDED"",""latencyMs"":3},{""itemType"":""transport"",""operation"":""CONFIRM"",""outcome"":""SUCCEEDED"",""latencyMs"":1}]",0,0,true,true,,3,0,0,LOW,30,PROCEED,,
20260924_215150_n6lu,E09-concurrent-same-idempotency-key,c16,21,201,,053b2ae3-1d13-40fe-86a7-c62d29faa45f,COMPLETED,,true,138.571,95,"[{""itemType"":""hotel"",""operation"":""RESERVE"",""outcome"":""SUCCEEDED"",""latencyMs"":2},{""itemType"":""flight"",""operation"":""RESERVE"",""outcome"":""SUCCEEDED"",""latencyMs"":2},{""itemType"":""transport"",""operation"":""RESERVE"",""outcome"":""SUCCEEDED"",""latencyMs"":2},{""itemType"":""hotel"",""operation"":""CONFIRM"",""outcome"":""SUCCEEDED"",""latencyMs"":2},{""itemType"":""flight"",""operation"":""CONFIRM"",""outcome"":""SUCCEEDED"",""latencyMs"":3},{""itemType"":""transport"",""operation"":""CONFIRM"",""outcome"":""SUCCEEDED"",""latencyMs"":1}]",0,0,true,true,,3,0,0,LOW,30,PROCEED,,
20260924_215150_n6lu,E09-concurrent-same-idempotency-key,c16,22,201,,053b2ae3-1d13-40fe-86a7-c62d29faa45f,COMPLETED,,true,143.905,95,"[{""itemType"":""hotel"",""operation"":""RESERVE"",""outcome"":""SUCCEEDED"",""latencyMs"":2},{""itemType"":""flight"",""operation"":""RESERVE"",""outcome"":""SUCCEEDED"",""latencyMs"":2},{""itemType"":""transport"",""operation"":""RESERVE"",""outcome"":""SUCCEEDED"",""latencyMs"":2},{""itemType"":""hotel"",""operation"":""CONFIRM"",""outcome"":""SUCCEEDED"",""latencyMs"":2},{""itemType"":""flight"",""operation"":""CONFIRM"",""outcome"":""SUCCEEDED"",""latencyMs"":3},{""itemType"":""transport"",""operation"":""CONFIRM"",""outcome"":""SUCCEEDED"",""latencyMs"":1}]",0,0,true,true,,3,0,0,LOW,30,PROCEED,,
20260924_215150_n6lu,E09-concurrent-same-idempotency-key,c16,23,201,,053b2ae3-1d13-40fe-86a7-c62d29faa45f,COMPLETED,,true,148.937,95,"[{""itemType"":""hotel"",""operation"":""RESERVE"",""outcome"":""SUCCEEDED"",""latencyMs"":2},{""itemType"":""flight"",""operation"":""RESERVE"",""outcome"":""SUCCEEDED"",""latencyMs"":2},{""itemType"":""transport"",""operation"":""RESERVE"",""outcome"":""SUCCEEDED"",""latencyMs"":2},{""itemType"":""hotel"",""operation"":""CONFIRM"",""outcome"":""SUCCEEDED"",""latencyMs"":2},{""itemType"":""flight"",""operation"":""CONFIRM"",""outcome"":""SUCCEEDED"",""latencyMs"":3},{""itemType"":""transport"",""operation"":""CONFIRM"",""outcome"":""SUCCEEDED"",""latencyMs"":1}]",0,0,true,true,,3,0,0,LOW,30,PROCEED,,
20260924_215150_n6lu,E09-concurrent-same-idempotency-key,c16,24,201,,053b2ae3-1d13-40fe-86a7-c62d29faa45f,COMPLETED,,true,156.804,95,"[{""itemType"":""hotel"",""operation"":""RESERVE"",""outcome"":""SUCCEEDED"",""latencyMs"":2},{""itemType"":""flight"",""operation"":""RESERVE"",""outcome"":""SUCCEEDED"",""latencyMs"":2},{""itemType"":""transport"",""operation"":""RESERVE"",""outcome"":""SUCCEEDED"",""latencyMs"":2},{""itemType"":""hotel"",""operation"":""CONFIRM"",""outcome"":""SUCCEEDED"",""latencyMs"":2},{""itemType"":""flight"",""operation"":""CONFIRM"",""outcome"":""SUCCEEDED"",""latencyMs"":3},{""itemType"":""transport"",""operation"":""CONFIRM"",""outcome"":""SUCCEEDED"",""latencyMs"":1}]",0,0,true,true,,3,0,0,LOW,30,PROCEED,,
20260924_215150_n6lu,E09-concurrent-same-idempotency-key,c16,25,201,,053b2ae3-1d13-40fe-86a7-c62d29faa45f,COMPLETED,,true,163.435,95,"[{""itemType"":""hotel"",""operation"":""RESERVE"",""outcome"":""SUCCEEDED"",""latencyMs"":2},{""itemType"":""flight"",""operation"":""RESERVE"",""outcome"":""SUCCEEDED"",""latencyMs"":2},{""itemType"":""transport"",""operation"":""RESERVE"",""outcome"":""SUCCEEDED"",""latencyMs"":2},{""itemType"":""hotel"",""operation"":""CONFIRM"",""outcome"":""SUCCEEDED"",""latencyMs"":2},{""itemType"":""flight"",""operation"":""CONFIRM"",""outcome"":""SUCCEEDED"",""latencyMs"":3},{""itemType"":""transport"",""operation"":""CONFIRM"",""outcome"":""SUCCEEDED"",""latencyMs"":1}]",0,0,true,true,,3,0,0,LOW,30,PROCEED,,
20260924_215150_n6lu,E09-concurrent-same-idempotency-key,c16,26,201,,053b2ae3-1d13-40fe-86a7-c62d29faa45f,COMPLETED,,true,170.465,95,"[{""itemType"":""hotel"",""operation"":""RESERVE"",""outcome"":""SUCCEEDED"",""latencyMs"":2},{""itemType"":""flight"",""operation"":""RESERVE"",""outcome"":""SUCCEEDED"",""latencyMs"":2},{""itemType"":""transport"",""operation"":""RESERVE"",""outcome"":""SUCCEEDED"",""latencyMs"":2},{""itemType"":""hotel"",""operation"":""CONFIRM"",""outcome"":""SUCCEEDED"",""latencyMs"":2},{""itemType"":""flight"",""operation"":""CONFIRM"",""outcome"":""SUCCEEDED"",""latencyMs"":3},{""itemType"":""transport"",""operation"":""CONFIRM"",""outcome"":""SUCCEEDED"",""latencyMs"":1}]",0,0,true,true,,3,0,0,LOW,30,PROCEED,,
20260924_215150_n6lu,E09-concurrent-same-idempotency-key,c16,27,201,,053b2ae3-1d13-40fe-86a7-c62d29faa45f,COMPLETED,,true,176.845,95,"[{""itemType"":""hotel"",""operation"":""RESERVE"",""outcome"":""SUCCEEDED"",""latencyMs"":2},{""itemType"":""flight"",""operation"":""RESERVE"",""outcome"":""SUCCEEDED"",""latencyMs"":2},{""itemType"":""transport"",""operation"":""RESERVE"",""outcome"":""SUCCEEDED"",""latencyMs"":2},{""itemType"":""hotel"",""operation"":""CONFIRM"",""outcome"":""SUCCEEDED"",""latencyMs"":2},{""itemType"":""flight"",""operation"":""CONFIRM"",""outcome"":""SUCCEEDED"",""latencyMs"":3},{""itemType"":""transport"",""operation"":""CONFIRM"",""outcome"":""SUCCEEDED"",""latencyMs"":1}]",0,0,true,true,,3,0,0,LOW,30,PROCEED,,
20260924_215150_n6lu,E09-concurrent-same-idempotency-key,c16,28,201,,053b2ae3-1d13-40fe-86a7-c62d29faa45f,COMPLETED,,true,182.229,95,"[{""itemType"":""hotel"",""operation"":""RESERVE"",""outcome"":""SUCCEEDED"",""latencyMs"":2},{""itemType"":""flight"",""operation"":""RESERVE"",""outcome"":""SUCCEEDED"",""latencyMs"":2},{""itemType"":""transport"",""operation"":""RESERVE"",""outcome"":""SUCCEEDED"",""latencyMs"":2},{""itemType"":""hotel"",""operation"":""CONFIRM"",""outcome"":""SUCCEEDED"",""latencyMs"":2},{""itemType"":""flight"",""operation"":""CONFIRM"",""outcome"":""SUCCEEDED"",""latencyMs"":3},{""itemType"":""transport"",""operation"":""CONFIRM"",""outcome"":""SUCCEEDED"",""latencyMs"":1}]",0,0,true,true,,3,0,0,LOW,30,PROCEED,,
20260924_215150_n6lu,E09-concurrent-same-idempotency-key,c16,29,201,,053b2ae3-1d13-40fe-86a7-c62d29faa45f,COMPLETED,,true,189.321,95,"[{""itemType"":""hotel"",""operation"":""RESERVE"",""outcome"":""SUCCEEDED"",""latencyMs"":2},{""itemType"":""flight"",""operation"":""RESERVE"",""outcome"":""SUCCEEDED"",""latencyMs"":2},{""itemType"":""transport"",""operation"":""RESERVE"",""outcome"":""SUCCEEDED"",""latencyMs"":2},{""itemType"":""hotel"",""operation"":""CONFIRM"",""outcome"":""SUCCEEDED"",""latencyMs"":2},{""itemType"":""flight"",""operation"":""CONFIRM"",""outcome"":""SUCCEEDED"",""latencyMs"":3},{""itemType"":""transport"",""operation"":""CONFIRM"",""outcome"":""SUCCEEDED"",""latencyMs"":1}]",0,0,true,true,,3,0,0,LOW,30,PROCEED,,
20260924_215150_n6lu,E09-concurrent-same-idempotency-key,c16,30,201,,053b2ae3-1d13-40fe-86a7-c62d29faa45f,COMPLETED,,true,197.77,95,"[{""itemType"":""hotel"",""operation"":""RESERVE"",""outcome"":""SUCCEEDED"",""latencyMs"":2},{""itemType"":""flight"",""operation"":""RESERVE"",""outcome"":""SUCCEEDED"",""latencyMs"":2},{""itemType"":""transport"",""operation"":""RESERVE"",""outcome"":""SUCCEEDED"",""latencyMs"":2},{""itemType"":""hotel"",""operation"":""CONFIRM"",""outcome"":""SUCCEEDED"",""latencyMs"":2},{""itemType"":""flight"",""operation"":""CONFIRM"",""outcome"":""SUCCEEDED"",""latencyMs"":3},{""itemType"":""transport"",""operation"":""CONFIRM"",""outcome"":""SUCCEEDED"",""latencyMs"":1}]",0,0,true,true,,3,0,0,LOW,30,PROCEED,,
20260924_215150_n6lu,E09-concurrent-same-idempotency-key,c16,31,201,,053b2ae3-1d13-40fe-86a7-c62d29faa45f,COMPLETED,,true,205.375,95,"[{""itemType"":""hotel"",""operation"":""RESERVE"",""outcome"":""SUCCEEDED"",""latencyMs"":2},{""itemType"":""flight"",""operation"":""RESERVE"",""outcome"":""SUCCEEDED"",""latencyMs"":2},{""itemType"":""transport"",""operation"":""RESERVE"",""outcome"":""SUCCEEDED"",""latencyMs"":2},{""itemType"":""hotel"",""operation"":""CONFIRM"",""outcome"":""SUCCEEDED"",""latencyMs"":2},{""itemType"":""flight"",""operation"":""CONFIRM"",""outcome"":""SUCCEEDED"",""latencyMs"":3},{""itemType"":""transport"",""operation"":""CONFIRM"",""outcome"":""SUCCEEDED"",""latencyMs"":1}]",0,0,true,true,,3,0,0,LOW,30,PROCEED,,
20260924_215150_n6lu,E09-concurrent-same-idempotency-key,c16,32,201,,9518fcaa-3b74-41c6-a1ca-e38f5902008c,COMPLETED,,false,73.884,65,"[{""itemType"":""hotel"",""operation"":""RESERVE"",""outcome"":""SUCCEEDED"",""latencyMs"":1},{""itemType"":""flight"",""operation"":""RESERVE"",""outcome"":""SUCCEEDED"",""latencyMs"":3},{""itemType"":""transport"",""operation"":""RESERVE"",""outcome"":""SUCCEEDED"",""latencyMs"":1},{""itemType"":""hotel"",""operation"":""CONFIRM"",""outcome"":""SUCCEEDED"",""latencyMs"":2},{""itemType"":""flight"",""operation"":""CONFIRM"",""outcome"":""SUCCEEDED"",""latencyMs"":3},{""itemType"":""transport"",""operation"":""CONFIRM"",""outcome"":""SUCCEEDED"",""latencyMs"":3}]",0,0,true,true,,3,0,0,LOW,30,PROCEED,,
20260924_215150_n6lu,E09-concurrent-same-idempotency-key,c16,33,201,,9518fcaa-3b74-41c6-a1ca-e38f5902008c,COMPLETED,,true,79.42,65,"[{""itemType"":""hotel"",""operation"":""RESERVE"",""outcome"":""SUCCEEDED"",""latencyMs"":1},{""itemType"":""flight"",""operation"":""RESERVE"",""outcome"":""SUCCEEDED"",""latencyMs"":3},{""itemType"":""transport"",""operation"":""RESERVE"",""outcome"":""SUCCEEDED"",""latencyMs"":1},{""itemType"":""hotel"",""operation"":""CONFIRM"",""outcome"":""SUCCEEDED"",""latencyMs"":2},{""itemType"":""flight"",""operation"":""CONFIRM"",""outcome"":""SUCCEEDED"",""latencyMs"":3},{""itemType"":""transport"",""operation"":""CONFIRM"",""outcome"":""SUCCEEDED"",""latencyMs"":3}]",0,0,true,true,,3,0,0,LOW,30,PROCEED,,
20260924_215150_n6lu,E09-concurrent-same-idempotency-key,c16,34,201,,9518fcaa-3b74-41c6-a1ca-e38f5902008c,COMPLETED,,true,85.922,65,"[{""itemType"":""hotel"",""operation"":""RESERVE"",""outcome"":""SUCCEEDED"",""latencyMs"":1},{""itemType"":""flight"",""operation"":""RESERVE"",""outcome"":""SUCCEEDED"",""latencyMs"":3},{""itemType"":""transport"",""operation"":""RESERVE"",""outcome"":""SUCCEEDED"",""latencyMs"":1},{""itemType"":""hotel"",""operation"":""CONFIRM"",""outcome"":""SUCCEEDED"",""latencyMs"":2},{""itemType"":""flight"",""operation"":""CONFIRM"",""outcome"":""SUCCEEDED"",""latencyMs"":3},{""itemType"":""transport"",""operation"":""CONFIRM"",""outcome"":""SUCCEEDED"",""latencyMs"":3}]",0,0,true,true,,3,0,0,LOW,30,PROCEED,,
20260924_215150_n6lu,E09-concurrent-same-idempotency-key,c16,35,201,,9518fcaa-3b74-41c6-a1ca-e38f5902008c,COMPLETED,,true,92.769,65,"[{""itemType"":""hotel"",""operation"":""RESERVE"",""outcome"":""SUCCEEDED"",""latencyMs"":1},{""itemType"":""flight"",""operation"":""RESERVE"",""outcome"":""SUCCEEDED"",""latencyMs"":3},{""itemType"":""transport"",""operation"":""RESERVE"",""outcome"":""SUCCEEDED"",""latencyMs"":1},{""itemType"":""hotel"",""operation"":""CONFIRM"",""outcome"":""SUCCEEDED"",""latencyMs"":2},{""itemType"":""flight"",""operation"":""CONFIRM"",""outcome"":""SUCCEEDED"",""latencyMs"":3},{""itemType"":""transport"",""operation"":""CONFIRM"",""outcome"":""SUCCEEDED"",""latencyMs"":3}]",0,0,true,true,,3,0,0,LOW,30,PROCEED,,
20260924_215150_n6lu,E09-concurrent-same-idempotency-key,c16,36,201,,9518fcaa-3b74-41c6-a1ca-e38f5902008c,COMPLETED,,true,99.661,65,"[{""itemType"":""hotel"",""operation"":""RESERVE"",""outcome"":""SUCCEEDED"",""latencyMs"":1},{""itemType"":""flight"",""operation"":""RESERVE"",""outcome"":""SUCCEEDED"",""latencyMs"":3},{""itemType"":""transport"",""operation"":""RESERVE"",""outcome"":""SUCCEEDED"",""latencyMs"":1},{""itemType"":""hotel"",""operation"":""CONFIRM"",""outcome"":""SUCCEEDED"",""latencyMs"":2},{""itemType"":""flight"",""operation"":""CONFIRM"",""outcome"":""SUCCEEDED"",""latencyMs"":3},{""itemType"":""transport"",""operation"":""CONFIRM"",""outcome"":""SUCCEEDED"",""latencyMs"":3}]",0,0,true,true,,3,0,0,LOW,30,PROCEED,,
20260924_215150_n6lu,E09-concurrent-same-idempotency-key,c16,37,201,,9518fcaa-3b74-41c6-a1ca-e38f5902008c,COMPLETED,,true,104.654,65,"[{""itemType"":""hotel"",""operation"":""RESERVE"",""outcome"":""SUCCEEDED"",""latencyMs"":1},{""itemType"":""flight"",""operation"":""RESERVE"",""outcome"":""SUCCEEDED"",""latencyMs"":3},{""itemType"":""transport"",""operation"":""RESERVE"",""outcome"":""SUCCEEDED"",""latencyMs"":1},{""itemType"":""hotel"",""operation"":""CONFIRM"",""outcome"":""SUCCEEDED"",""latencyMs"":2},{""itemType"":""flight"",""operation"":""CONFIRM"",""outcome"":""SUCCEEDED"",""latencyMs"":3},{""itemType"":""transport"",""operation"":""CONFIRM"",""outcome"":""SUCCEEDED"",""latencyMs"":3}]",0,0,true,true,,3,0,0,LOW,30,PROCEED,,
20260924_215150_n6lu,E09-concurrent-same-idempotency-key,c16,38,201,,9518fcaa-3b74-41c6-a1ca-e38f5902008c,COMPLETED,,true,112.025,65,"[{""itemType"":""hotel"",""operation"":""RESERVE"",""outcome"":""SUCCEEDED"",""latencyMs"":1},{""itemType"":""flight"",""operation"":""RESERVE"",""outcome"":""SUCCEEDED"",""latencyMs"":3},{""itemType"":""transport"",""operation"":""RESERVE"",""outcome"":""SUCCEEDED"",""latencyMs"":1},{""itemType"":""hotel"",""operation"":""CONFIRM"",""outcome"":""SUCCEEDED"",""latencyMs"":2},{""itemType"":""flight"",""operation"":""CONFIRM"",""outcome"":""SUCCEEDED"",""latencyMs"":3},{""itemType"":""transport"",""operation"":""CONFIRM"",""outcome"":""SUCCEEDED"",""latencyMs"":3}]",0,0,true,true,,3,0,0,LOW,30,PROCEED,,
20260924_215150_n6lu,E09-concurrent-same-idempotency-key,c16,39,201,,9518fcaa-3b74-41c6-a1ca-e38f5902008c,COMPLETED,,true,119.288,65,"[{""itemType"":""hotel"",""operation"":""RESERVE"",""outcome"":""SUCCEEDED"",""latencyMs"":1},{""itemType"":""flight"",""operation"":""RESERVE"",""outcome"":""SUCCEEDED"",""latencyMs"":3},{""itemType"":""transport"",""operation"":""RESERVE"",""outcome"":""SUCCEEDED"",""latencyMs"":1},{""itemType"":""hotel"",""operation"":""CONFIRM"",""outcome"":""SUCCEEDED"",""latencyMs"":2},{""itemType"":""flight"",""operation"":""CONFIRM"",""outcome"":""SUCCEEDED"",""latencyMs"":3},{""itemType"":""transport"",""operation"":""CONFIRM"",""outcome"":""SUCCEEDED"",""latencyMs"":3}]",0,0,true,true,,3,0,0,LOW,30,PROCEED,,
20260924_215150_n6lu,E09-concurrent-same-idempotency-key,c16,40,201,,9518fcaa-3b74-41c6-a1ca-e38f5902008c,COMPLETED,,true,126.595,65,"[{""itemType"":""hotel"",""operation"":""RESERVE"",""outcome"":""SUCCEEDED"",""latencyMs"":1},{""itemType"":""flight"",""operation"":""RESERVE"",""outcome"":""SUCCEEDED"",""latencyMs"":3},{""itemType"":""transport"",""operation"":""RESERVE"",""outcome"":""SUCCEEDED"",""latencyMs"":1},{""itemType"":""hotel"",""operation"":""CONFIRM"",""outcome"":""SUCCEEDED"",""latencyMs"":2},{""itemType"":""flight"",""operation"":""CONFIRM"",""outcome"":""SUCCEEDED"",""latencyMs"":3},{""itemType"":""transport"",""operation"":""CONFIRM"",""outcome"":""SUCCEEDED"",""latencyMs"":3}]",0,0,true,true,,3,0,0,LOW,30,PROCEED,,
20260924_215150_n6lu,E09-concurrent-same-idempotency-key,c16,41,201,,9518fcaa-3b74-41c6-a1ca-e38f5902008c,COMPLETED,,true,133.476,65,"[{""itemType"":""hotel"",""operation"":""RESERVE"",""outcome"":""SUCCEEDED"",""latencyMs"":1},{""itemType"":""flight"",""operation"":""RESERVE"",""outcome"":""SUCCEEDED"",""latencyMs"":3},{""itemType"":""transport"",""operation"":""RESERVE"",""outcome"":""SUCCEEDED"",""latencyMs"":1},{""itemType"":""hotel"",""operation"":""CONFIRM"",""outcome"":""SUCCEEDED"",""latencyMs"":2},{""itemType"":""flight"",""operation"":""CONFIRM"",""outcome"":""SUCCEEDED"",""latencyMs"":3},{""itemType"":""transport"",""operation"":""CONFIRM"",""outcome"":""SUCCEEDED"",""latencyMs"":3}]",0,0,true,true,,3,0,0,LOW,30,PROCEED,,
20260924_215150_n6lu,E09-concurrent-same-idempotency-key,c16,42,201,,9518fcaa-3b74-41c6-a1ca-e38f5902008c,COMPLETED,,true,139.66,65,"[{""itemType"":""hotel"",""operation"":""RESERVE"",""outcome"":""SUCCEEDED"",""latencyMs"":1},{""itemType"":""flight"",""operation"":""RESERVE"",""outcome"":""SUCCEEDED"",""latencyMs"":3},{""itemType"":""transport"",""operation"":""RESERVE"",""outcome"":""SUCCEEDED"",""latencyMs"":1},{""itemType"":""hotel"",""operation"":""CONFIRM"",""outcome"":""SUCCEEDED"",""latencyMs"":2},{""itemType"":""flight"",""operation"":""CONFIRM"",""outcome"":""SUCCEEDED"",""latencyMs"":3},{""itemType"":""transport"",""operation"":""CONFIRM"",""outcome"":""SUCCEEDED"",""latencyMs"":3}]",0,0,true,true,,3,0,0,LOW,30,PROCEED,,
20260924_215150_n6lu,E09-concurrent-same-idempotency-key,c16,43,201,,9518fcaa-3b74-41c6-a1ca-e38f5902008c,COMPLETED,,true,146.497,65,"[{""itemType"":""hotel"",""operation"":""RESERVE"",""outcome"":""SUCCEEDED"",""latencyMs"":1},{""itemType"":""flight"",""operation"":""RESERVE"",""outcome"":""SUCCEEDED"",""latencyMs"":3},{""itemType"":""transport"",""operation"":""RESERVE"",""outcome"":""SUCCEEDED"",""latencyMs"":1},{""itemType"":""hotel"",""operation"":""CONFIRM"",""outcome"":""SUCCEEDED"",""latencyMs"":2},{""itemType"":""flight"",""operation"":""CONFIRM"",""outcome"":""SUCCEEDED"",""latencyMs"":3},{""itemType"":""transport"",""operation"":""CONFIRM"",""outcome"":""SUCCEEDED"",""latencyMs"":3}]",0,0,true,true,,3,0,0,LOW,30,PROCEED,,
20260924_215150_n6lu,E09-concurrent-same-idempotency-key,c16,44,201,,9518fcaa-3b74-41c6-a1ca-e38f5902008c,COMPLETED,,true,153.123,65,"[{""itemType"":""hotel"",""operation"":""RESERVE"",""outcome"":""SUCCEEDED"",""latencyMs"":1},{""itemType"":""flight"",""operation"":""RESERVE"",""outcome"":""SUCCEEDED"",""latencyMs"":3},{""itemType"":""transport"",""operation"":""RESERVE"",""outcome"":""SUCCEEDED"",""latencyMs"":1},{""itemType"":""hotel"",""operation"":""CONFIRM"",""outcome"":""SUCCEEDED"",""latencyMs"":2},{""itemType"":""flight"",""operation"":""CONFIRM"",""outcome"":""SUCCEEDED"",""latencyMs"":3},{""itemType"":""transport"",""operation"":""CONFIRM"",""outcome"":""SUCCEEDED"",""latencyMs"":3}]",0,0,true,true,,3,0,0,LOW,30,PROCEED,,
20260924_215150_n6lu,E09-concurrent-same-idempotency-key,c16,45,201,,9518fcaa-3b74-41c6-a1ca-e38f5902008c,COMPLETED,,true,160.187,65,"[{""itemType"":""hotel"",""operation"":""RESERVE"",""outcome"":""SUCCEEDED"",""latencyMs"":1},{""itemType"":""flight"",""operation"":""RESERVE"",""outcome"":""SUCCEEDED"",""latencyMs"":3},{""itemType"":""transport"",""operation"":""RESERVE"",""outcome"":""SUCCEEDED"",""latencyMs"":1},{""itemType"":""hotel"",""operation"":""CONFIRM"",""outcome"":""SUCCEEDED"",""latencyMs"":2},{""itemType"":""flight"",""operation"":""CONFIRM"",""outcome"":""SUCCEEDED"",""latencyMs"":3},{""itemType"":""transport"",""operation"":""CONFIRM"",""outcome"":""SUCCEEDED"",""latencyMs"":3}]",0,0,true,true,,3,0,0,LOW,30,PROCEED,,
20260924_215150_n6lu,E09-concurrent-same-idempotency-key,c16,46,201,,9518fcaa-3b74-41c6-a1ca-e38f5902008c,COMPLETED,,true,166.724,65,"[{""itemType"":""hotel"",""operation"":""RESERVE"",""outcome"":""SUCCEEDED"",""latencyMs"":1},{""itemType"":""flight"",""operation"":""RESERVE"",""outcome"":""SUCCEEDED"",""latencyMs"":3},{""itemType"":""transport"",""operation"":""RESERVE"",""outcome"":""SUCCEEDED"",""latencyMs"":1},{""itemType"":""hotel"",""operation"":""CONFIRM"",""outcome"":""SUCCEEDED"",""latencyMs"":2},{""itemType"":""flight"",""operation"":""CONFIRM"",""outcome"":""SUCCEEDED"",""latencyMs"":3},{""itemType"":""transport"",""operation"":""CONFIRM"",""outcome"":""SUCCEEDED"",""latencyMs"":3}]",0,0,true,true,,3,0,0,LOW,30,PROCEED,,
20260924_215150_n6lu,E09-concurrent-same-idempotency-key,c16,47,201,,9518fcaa-3b74-41c6-a1ca-e38f5902008c,COMPLETED,,true,173.342,65,"[{""itemType"":""hotel"",""operation"":""RESERVE"",""outcome"":""SUCCEEDED"",""latencyMs"":1},{""itemType"":""flight"",""operation"":""RESERVE"",""outcome"":""SUCCEEDED"",""latencyMs"":3},{""itemType"":""transport"",""operation"":""RESERVE"",""outcome"":""SUCCEEDED"",""latencyMs"":1},{""itemType"":""hotel"",""operation"":""CONFIRM"",""outcome"":""SUCCEEDED"",""latencyMs"":2},{""itemType"":""flight"",""operation"":""CONFIRM"",""outcome"":""SUCCEEDED"",""latencyMs"":3},{""itemType"":""transport"",""operation"":""CONFIRM"",""outcome"":""SUCCEEDED"",""latencyMs"":3}]",0,0,true,true,,3,0,0,LOW,30,PROCEED,,
20260924_215150_n6lu,E10-concurrent-same-resource,C5-N20,0,201,,c4525eba-c31b-4ca3-9e95-5dd9457558d7,COMPLETED,,false,37.379,25,"[{""itemType"":""flight"",""operation"":""RESERVE"",""outcome"":""SUCCEEDED"",""latencyMs"":2},{""itemType"":""flight"",""operation"":""CONFIRM"",""outcome"":""SUCCEEDED"",""latencyMs"":3}]",0,0,true,true,,1,0,0,LOW,10,PROCEED,,
20260924_215150_n6lu,E10-concurrent-same-resource,C5-N20,1,201,,01545e72-da31-4e97-8a98-efcb28cedf17,COMPLETED,,false,94.825,43,"[{""itemType"":""flight"",""operation"":""RESERVE"",""outcome"":""SUCCEEDED"",""latencyMs"":7},{""itemType"":""flight"",""operation"":""CONFIRM"",""outcome"":""SUCCEEDED"",""latencyMs"":2}]",0,0,true,true,,1,0,0,LOW,10,PROCEED,,
20260924_215150_n6lu,E10-concurrent-same-resource,C5-N20,2,201,,ab4e4cd7-d5f5-4e95-b818-68792f1faad1,COMPLETED,,false,142.614,30,"[{""itemType"":""flight"",""operation"":""RESERVE"",""outcome"":""SUCCEEDED"",""latencyMs"":3},{""itemType"":""flight"",""operation"":""CONFIRM"",""outcome"":""SUCCEEDED"",""latencyMs"":2}]",0,0,true,true,,1,0,0,LOW,10,PROCEED,,
20260924_215150_n6lu,E10-concurrent-same-resource,C5-N20,3,201,,49f77b45-a16a-4221-a128-1b6d45d6e6bc,COMPLETED,,false,179.883,29,"[{""itemType"":""flight"",""operation"":""RESERVE"",""outcome"":""SUCCEEDED"",""latencyMs"":2},{""itemType"":""flight"",""operation"":""CONFIRM"",""outcome"":""SUCCEEDED"",""latencyMs"":1}]",0,0,true,true,,1,0,0,LOW,10,PROCEED,,
20260924_215150_n6lu,E10-concurrent-same-resource,C5-N20,4,201,,f838b0e6-bfa0-4ccf-a4a5-c0670ac25193,COMPLETED,,false,222.131,28,"[{""itemType"":""flight"",""operation"":""RESERVE"",""outcome"":""SUCCEEDED"",""latencyMs"":2},{""itemType"":""flight"",""operation"":""CONFIRM"",""outcome"":""SUCCEEDED"",""latencyMs"":2}]",0,0,true,true,,1,0,0,LOW,25,PROCEED,,
20260924_215150_n6lu,E10-concurrent-same-resource,C5-N20,5,409,,e8456f56-fc65-4bfc-860d-38f66106d202,FAILED,RESOURCE_RESERVATION,false,240.023,9,[],0,0,false,false,,0,0,0,LOW,25,PROCEED,,
20260924_215150_n6lu,E10-concurrent-same-resource,C5-N20,6,409,,4e86e25e-ed70-423f-bb2a-3e6329b8e62f,FAILED,RESOURCE_RESERVATION,false,259.409,8,[],0,0,false,false,,0,0,0,LOW,25,PROCEED,,
20260924_215150_n6lu,E10-concurrent-same-resource,C5-N20,7,409,,eefc473c-42fa-43f0-b9bf-b2d7073fe4d2,FAILED,RESOURCE_RESERVATION,false,275.487,7,[],0,0,false,false,,0,0,0,LOW,25,PROCEED,,
20260924_215150_n6lu,E10-concurrent-same-resource,C5-N20,8,409,,bec398e3-0040-4487-9361-25b1c070ed62,FAILED,RESOURCE_RESERVATION,false,295.617,10,[],0,0,false,false,,0,0,0,LOW,25,PROCEED,,
20260924_215150_n6lu,E10-concurrent-same-resource,C5-N20,9,409,,e129d95c-492a-4704-aaa1-c2fdd96552f1,FAILED,RESOURCE_RESERVATION,false,313.285,8,[],0,0,false,false,,0,0,0,LOW,25,PROCEED,,
20260924_215150_n6lu,E10-concurrent-same-resource,C5-N20,10,409,,df4255e5-e706-4dde-85b7-77e7578db37b,FAILED,RESOURCE_RESERVATION,false,329.967,7,[],0,0,false,false,,0,0,0,LOW,25,PROCEED,,
20260924_215150_n6lu,E10-concurrent-same-resource,C5-N20,11,409,,f97b49dd-ef80-4aa7-a902-9283d62a37b1,FAILED,RESOURCE_RESERVATION,false,355.568,10,[],0,0,false,false,,0,0,0,LOW,25,PROCEED,,
20260924_215150_n6lu,E10-concurrent-same-resource,C5-N20,12,409,,0a32bdd5-9e29-4d3d-873d-d67f2a6f9b17,FAILED,RESOURCE_RESERVATION,false,379.779,8,[],0,0,false,false,,0,0,0,LOW,25,PROCEED,,
20260924_215150_n6lu,E10-concurrent-same-resource,C5-N20,13,409,,042de744-492c-4734-8391-b337fe23fc8e,FAILED,RESOURCE_RESERVATION,false,406.08,14,[],0,0,false,false,,0,0,0,LOW,25,PROCEED,,
20260924_215150_n6lu,E10-concurrent-same-resource,C5-N20,14,409,,f2da1d40-d144-4c49-872f-2fca8f5a020a,FAILED,RESOURCE_RESERVATION,false,434.129,14,[],0,0,false,false,,0,0,0,LOW,25,PROCEED,,
20260924_215150_n6lu,E10-concurrent-same-resource,C5-N20,15,409,,53136d76-a1f0-4243-961f-394f0ed20180,FAILED,RESOURCE_RESERVATION,false,454.801,11,[],0,0,false,false,,0,0,0,LOW,25,PROCEED,,
20260924_215150_n6lu,E10-concurrent-same-resource,C5-N20,16,409,,bf2aac31-22e1-40ee-acd9-364ab0d1cd3f,FAILED,RESOURCE_RESERVATION,false,474.507,10,[],0,0,false,false,,0,0,0,LOW,25,PROCEED,,
20260924_215150_n6lu,E10-concurrent-same-resource,C5-N20,17,409,,73c89b0d-8d91-4b5e-a91b-c00a132a898f,FAILED,RESOURCE_RESERVATION,false,491.764,9,[],0,0,false,false,,0,0,0,LOW,25,PROCEED,,
20260924_215150_n6lu,E10-concurrent-same-resource,C5-N20,18,409,,840e0f03-6feb-48a1-9a45-b6c8e4039576,FAILED,RESOURCE_RESERVATION,false,510.549,8,[],0,0,false,false,,0,0,0,LOW,25,PROCEED,,
20260924_215150_n6lu,E10-concurrent-same-resource,C5-N20,19,409,,096a6c21-7375-4197-9dbf-ed307d5280cd,FAILED,RESOURCE_RESERVATION,false,526.106,6,[],0,0,false,false,,0,0,0,LOW,25,PROCEED,,
20260924_215150_n6lu,E10-concurrent-same-resource,C1-N10-last-seat,0,201,,4ba5e45a-97a6-45c4-8543-f39755b19753,COMPLETED,,false,34.122,27,"[{""itemType"":""flight"",""operation"":""RESERVE"",""outcome"":""SUCCEEDED"",""latencyMs"":2},{""itemType"":""flight"",""operation"":""CONFIRM"",""outcome"":""SUCCEEDED"",""latencyMs"":2}]",0,0,true,true,,1,0,0,LOW,25,PROCEED,,
20260924_215150_n6lu,E10-concurrent-same-resource,C1-N10-last-seat,1,409,,ceaf38b0-f925-4bb7-aed4-964a59219210,FAILED,RESOURCE_RESERVATION,false,57.966,10,[],0,0,false,false,,0,0,0,LOW,25,PROCEED,,
20260924_215150_n6lu,E10-concurrent-same-resource,C1-N10-last-seat,2,409,,a09f153a-ed5d-403a-9707-cc59862af232,FAILED,RESOURCE_RESERVATION,false,79.349,9,[],0,0,false,false,,0,0,0,LOW,25,PROCEED,,
20260924_215150_n6lu,E10-concurrent-same-resource,C1-N10-last-seat,3,409,,86f489b9-926c-40fb-b3bf-c2578ad3402b,FAILED,RESOURCE_RESERVATION,false,99.461,10,[],0,0,false,false,,0,0,0,LOW,25,PROCEED,,
20260924_215150_n6lu,E10-concurrent-same-resource,C1-N10-last-seat,4,409,,128209f6-cd75-4ed4-9f46-b7d95e4eed11,FAILED,RESOURCE_RESERVATION,false,117.469,8,[],0,0,false,false,,0,0,0,LOW,25,PROCEED,,
20260924_215150_n6lu,E10-concurrent-same-resource,C1-N10-last-seat,5,409,,778ef4d1-1e98-465a-815e-bca300eebfa3,FAILED,RESOURCE_RESERVATION,false,134.874,8,[],0,0,false,false,,0,0,0,LOW,25,PROCEED,,
20260924_215150_n6lu,E10-concurrent-same-resource,C1-N10-last-seat,6,409,,9474c75a-af87-4107-996e-be7b62fcfcd5,FAILED,RESOURCE_RESERVATION,false,187.123,31,[],0,0,false,false,,0,0,0,LOW,25,PROCEED,,
20260924_215150_n6lu,E10-concurrent-same-resource,C1-N10-last-seat,7,409,,1f27ac7c-5cca-4acd-b8c8-0ae91772d251,FAILED,RESOURCE_RESERVATION,false,224.086,12,[],0,0,false,false,,0,0,0,LOW,25,PROCEED,,
20260924_215150_n6lu,E10-concurrent-same-resource,C1-N10-last-seat,8,409,,ff021f34-8ab4-4031-ae94-be1721aaecca,FAILED,RESOURCE_RESERVATION,false,252.816,12,[],0,0,false,false,,0,0,0,LOW,25,PROCEED,,
20260924_215150_n6lu,E10-concurrent-same-resource,C1-N10-last-seat,9,409,,eb4fa31c-e248-45da-bb9c-60bde955d4be,FAILED,RESOURCE_RESERVATION,false,309.753,10,[],0,0,false,false,,0,0,0,LOW,25,PROCEED,,
20260924_215150_n6lu,E11-lock-contention,hot-row-c1,0,201,,2bb8cb1b-f170-49ae-9c86-d823f9be454d,COMPLETED,,false,84.56,73,"[{""itemType"":""hotel"",""operation"":""RESERVE"",""outcome"":""SUCCEEDED"",""latencyMs"":4},{""itemType"":""flight"",""operation"":""RESERVE"",""outcome"":""SUCCEEDED"",""latencyMs"":2},{""itemType"":""hotel"",""operation"":""CONFIRM"",""outcome"":""SUCCEEDED"",""latencyMs"":5},{""itemType"":""flight"",""operation"":""CONFIRM"",""outcome"":""SUCCEEDED"",""latencyMs"":3}]",0,0,true,true,,2,0,0,LOW,20,PROCEED,,
20260924_215150_n6lu,E11-lock-contention,hot-row-c1,1,201,,f66e843f-a2a6-4cf7-946a-a4e33c2aa038,COMPLETED,,false,79.544,73,"[{""itemType"":""hotel"",""operation"":""RESERVE"",""outcome"":""SUCCEEDED"",""latencyMs"":2},{""itemType"":""flight"",""operation"":""RESERVE"",""outcome"":""SUCCEEDED"",""latencyMs"":1},{""itemType"":""hotel"",""operation"":""CONFIRM"",""outcome"":""SUCCEEDED"",""latencyMs"":2},{""itemType"":""flight"",""operation"":""CONFIRM"",""outcome"":""SUCCEEDED"",""latencyMs"":2}]",0,0,true,true,,2,0,0,LOW,20,PROCEED,,
20260924_215150_n6lu,E11-lock-contention,hot-row-c1,2,201,,3781ce2f-819a-4d38-8cf3-6b31ac373fdc,COMPLETED,,false,74.966,67,"[{""itemType"":""hotel"",""operation"":""RESERVE"",""outcome"":""SUCCEEDED"",""latencyMs"":2},{""itemType"":""flight"",""operation"":""RESERVE"",""outcome"":""SUCCEEDED"",""latencyMs"":2},{""itemType"":""hotel"",""operation"":""CONFIRM"",""outcome"":""SUCCEEDED"",""latencyMs"":2},{""itemType"":""flight"",""operation"":""CONFIRM"",""outcome"":""SUCCEEDED"",""latencyMs"":2}]",0,0,true,true,,2,0,0,LOW,20,PROCEED,,
20260924_215150_n6lu,E11-lock-contention,hot-row-c1,3,201,,e79653db-feb0-4235-85d3-7886fed97af7,COMPLETED,,false,53.312,46,"[{""itemType"":""hotel"",""operation"":""RESERVE"",""outcome"":""SUCCEEDED"",""latencyMs"":2},{""itemType"":""flight"",""operation"":""RESERVE"",""outcome"":""SUCCEEDED"",""latencyMs"":2},{""itemType"":""hotel"",""operation"":""CONFIRM"",""outcome"":""SUCCEEDED"",""latencyMs"":2},{""itemType"":""flight"",""operation"":""CONFIRM"",""outcome"":""SUCCEEDED"",""latencyMs"":1}]",0,0,true,true,,2,0,0,LOW,20,PROCEED,,
20260924_215150_n6lu,E11-lock-contention,hot-row-c1,4,201,,173de130-f262-4cdc-a053-d66d718b1271,COMPLETED,,false,44.863,37,"[{""itemType"":""hotel"",""operation"":""RESERVE"",""outcome"":""SUCCEEDED"",""latencyMs"":2},{""itemType"":""flight"",""operation"":""RESERVE"",""outcome"":""SUCCEEDED"",""latencyMs"":1},{""itemType"":""hotel"",""operation"":""CONFIRM"",""outcome"":""SUCCEEDED"",""latencyMs"":1},{""itemType"":""flight"",""operation"":""CONFIRM"",""outcome"":""SUCCEEDED"",""latencyMs"":5}]",0,0,true,true,,2,0,0,LOW,20,PROCEED,,
20260924_215150_n6lu,E11-lock-contention,hot-row-c1,5,201,,05a65b83-bf4d-40da-a65c-043b7336562a,COMPLETED,,false,41.135,35,"[{""itemType"":""hotel"",""operation"":""RESERVE"",""outcome"":""SUCCEEDED"",""latencyMs"":2},{""itemType"":""flight"",""operation"":""RESERVE"",""outcome"":""SUCCEEDED"",""latencyMs"":2},{""itemType"":""hotel"",""operation"":""CONFIRM"",""outcome"":""SUCCEEDED"",""latencyMs"":2},{""itemType"":""flight"",""operation"":""CONFIRM"",""outcome"":""SUCCEEDED"",""latencyMs"":1}]",0,0,true,true,,2,0,0,LOW,20,PROCEED,,
20260924_215150_n6lu,E11-lock-contention,hot-row-c1,6,201,,2cbb5fb2-2a54-451b-944d-01789cbfe293,COMPLETED,,false,60.262,51,"[{""itemType"":""hotel"",""operation"":""RESERVE"",""outcome"":""SUCCEEDED"",""latencyMs"":6},{""itemType"":""flight"",""operation"":""RESERVE"",""outcome"":""SUCCEEDED"",""latencyMs"":4},{""itemType"":""hotel"",""operation"":""CONFIRM"",""outcome"":""SUCCEEDED"",""latencyMs"":5},{""itemType"":""flight"",""operation"":""CONFIRM"",""outcome"":""SUCCEEDED"",""latencyMs"":2}]",0,0,true,true,,2,0,0,LOW,20,PROCEED,,
20260924_215150_n6lu,E11-lock-contention,hot-row-c1,7,201,,47951f12-931e-4532-9e73-85880757503b,COMPLETED,,false,92.977,84,"[{""itemType"":""hotel"",""operation"":""RESERVE"",""outcome"":""SUCCEEDED"",""latencyMs"":11},{""itemType"":""flight"",""operation"":""RESERVE"",""outcome"":""SUCCEEDED"",""latencyMs"":2},{""itemType"":""hotel"",""operation"":""CONFIRM"",""outcome"":""SUCCEEDED"",""latencyMs"":2},{""itemType"":""flight"",""operation"":""CONFIRM"",""outcome"":""SUCCEEDED"",""latencyMs"":1}]",0,0,true,true,,2,0,0,LOW,20,PROCEED,,
20260924_215150_n6lu,E11-lock-contention,hot-row-c1,8,201,,badce1c0-0127-41a5-b594-c0263eda4011,COMPLETED,,false,42.057,37,"[{""itemType"":""hotel"",""operation"":""RESERVE"",""outcome"":""SUCCEEDED"",""latencyMs"":2},{""itemType"":""flight"",""operation"":""RESERVE"",""outcome"":""SUCCEEDED"",""latencyMs"":4},{""itemType"":""hotel"",""operation"":""CONFIRM"",""outcome"":""SUCCEEDED"",""latencyMs"":1},{""itemType"":""flight"",""operation"":""CONFIRM"",""outcome"":""SUCCEEDED"",""latencyMs"":2}]",0,0,true,true,,2,0,0,LOW,20,PROCEED,,
20260924_215150_n6lu,E11-lock-contention,hot-row-c1,9,201,,1660e1aa-4b91-4449-ab06-db8fb828ee96,COMPLETED,,false,44.682,37,"[{""itemType"":""hotel"",""operation"":""RESERVE"",""outcome"":""SUCCEEDED"",""latencyMs"":2},{""itemType"":""flight"",""operation"":""RESERVE"",""outcome"":""SUCCEEDED"",""latencyMs"":1},{""itemType"":""hotel"",""operation"":""CONFIRM"",""outcome"":""SUCCEEDED"",""latencyMs"":1},{""itemType"":""flight"",""operation"":""CONFIRM"",""outcome"":""SUCCEEDED"",""latencyMs"":2}]",0,0,true,true,,2,0,0,LOW,20,PROCEED,,
20260924_215150_n6lu,E11-lock-contention,hot-row-c1,10,201,,3cff5a1a-e0a6-41ab-b5d9-e8adf05f05b3,COMPLETED,,false,44.766,36,"[{""itemType"":""hotel"",""operation"":""RESERVE"",""outcome"":""SUCCEEDED"",""latencyMs"":2},{""itemType"":""flight"",""operation"":""RESERVE"",""outcome"":""SUCCEEDED"",""latencyMs"":2},{""itemType"":""hotel"",""operation"":""CONFIRM"",""outcome"":""SUCCEEDED"",""latencyMs"":2},{""itemType"":""flight"",""operation"":""CONFIRM"",""outcome"":""SUCCEEDED"",""latencyMs"":1}]",0,0,true,true,,2,0,0,LOW,20,PROCEED,,
20260924_215150_n6lu,E11-lock-contention,hot-row-c1,11,201,,1e8f831e-8de4-4ca0-abf9-66c3352ff2f1,COMPLETED,,false,39.915,34,"[{""itemType"":""hotel"",""operation"":""RESERVE"",""outcome"":""SUCCEEDED"",""latencyMs"":1},{""itemType"":""flight"",""operation"":""RESERVE"",""outcome"":""SUCCEEDED"",""latencyMs"":3},{""itemType"":""hotel"",""operation"":""CONFIRM"",""outcome"":""SUCCEEDED"",""latencyMs"":2},{""itemType"":""flight"",""operation"":""CONFIRM"",""outcome"":""SUCCEEDED"",""latencyMs"":2}]",0,0,true,true,,2,0,0,LOW,20,PROCEED,,
20260924_215150_n6lu,E11-lock-contention,hot-row-c1,12,201,,f276c04b-97c0-4d35-adec-7915f0a69be5,COMPLETED,,false,43.184,36,"[{""itemType"":""hotel"",""operation"":""RESERVE"",""outcome"":""SUCCEEDED"",""latencyMs"":2},{""itemType"":""flight"",""operation"":""RESERVE"",""outcome"":""SUCCEEDED"",""latencyMs"":2},{""itemType"":""hotel"",""operation"":""CONFIRM"",""outcome"":""SUCCEEDED"",""latencyMs"":1},{""itemType"":""flight"",""operation"":""CONFIRM"",""outcome"":""SUCCEEDED"",""latencyMs"":1}]",0,0,true,true,,2,0,0,LOW,20,PROCEED,,
20260924_215150_n6lu,E11-lock-contention,hot-row-c1,13,201,,be7b7e58-37af-441a-b45b-3d9d21b02d7a,COMPLETED,,false,54.742,46,"[{""itemType"":""hotel"",""operation"":""RESERVE"",""outcome"":""SUCCEEDED"",""latencyMs"":2},{""itemType"":""flight"",""operation"":""RESERVE"",""outcome"":""SUCCEEDED"",""latencyMs"":2},{""itemType"":""hotel"",""operation"":""CONFIRM"",""outcome"":""SUCCEEDED"",""latencyMs"":1},{""itemType"":""flight"",""operation"":""CONFIRM"",""outcome"":""SUCCEEDED"",""latencyMs"":4}]",0,0,true,true,,2,0,0,LOW,20,PROCEED,,
20260924_215150_n6lu,E11-lock-contention,hot-row-c1,14,201,,9edde3e1-4f92-40de-80b2-b041a9283242,COMPLETED,,false,48.438,41,"[{""itemType"":""hotel"",""operation"":""RESERVE"",""outcome"":""SUCCEEDED"",""latencyMs"":1},{""itemType"":""flight"",""operation"":""RESERVE"",""outcome"":""SUCCEEDED"",""latencyMs"":2},{""itemType"":""hotel"",""operation"":""CONFIRM"",""outcome"":""SUCCEEDED"",""latencyMs"":2},{""itemType"":""flight"",""operation"":""CONFIRM"",""outcome"":""SUCCEEDED"",""latencyMs"":1}]",0,0,true,true,,2,0,0,LOW,20,PROCEED,,
20260924_215150_n6lu,E11-lock-contention,hot-row-c1,15,201,,01bdc634-f2b4-4ce7-bcdb-5ec744896ee6,COMPLETED,,false,40.017,34,"[{""itemType"":""hotel"",""operation"":""RESERVE"",""outcome"":""SUCCEEDED"",""latencyMs"":2},{""itemType"":""flight"",""operation"":""RESERVE"",""outcome"":""SUCCEEDED"",""latencyMs"":2},{""itemType"":""hotel"",""operation"":""CONFIRM"",""outcome"":""SUCCEEDED"",""latencyMs"":3},{""itemType"":""flight"",""operation"":""CONFIRM"",""outcome"":""SUCCEEDED"",""latencyMs"":1}]",0,0,true,true,,2,0,0,LOW,20,PROCEED,,
20260924_215150_n6lu,E11-lock-contention,hot-row-c1,16,201,,57c68fce-aa55-41fe-99f6-b25359234de8,COMPLETED,,false,41.892,36,"[{""itemType"":""hotel"",""operation"":""RESERVE"",""outcome"":""SUCCEEDED"",""latencyMs"":1},{""itemType"":""flight"",""operation"":""RESERVE"",""outcome"":""SUCCEEDED"",""latencyMs"":2},{""itemType"":""hotel"",""operation"":""CONFIRM"",""outcome"":""SUCCEEDED"",""latencyMs"":1},{""itemType"":""flight"",""operation"":""CONFIRM"",""outcome"":""SUCCEEDED"",""latencyMs"":2}]",0,0,true,true,,2,0,0,LOW,20,PROCEED,,
20260924_215150_n6lu,E11-lock-contention,hot-row-c1,17,201,,3ff20d8c-9ad6-446a-9477-c5ff974c0659,COMPLETED,,false,43.048,36,"[{""itemType"":""hotel"",""operation"":""RESERVE"",""outcome"":""SUCCEEDED"",""latencyMs"":2},{""itemType"":""flight"",""operation"":""RESERVE"",""outcome"":""SUCCEEDED"",""latencyMs"":2},{""itemType"":""hotel"",""operation"":""CONFIRM"",""outcome"":""SUCCEEDED"",""latencyMs"":2},{""itemType"":""flight"",""operation"":""CONFIRM"",""outcome"":""SUCCEEDED"",""latencyMs"":1}]",0,0,true,true,,2,0,0,LOW,20,PROCEED,,
20260924_215150_n6lu,E11-lock-contention,hot-row-c1,18,201,,b0a7466c-7353-4e71-8d84-4dee61c1a917,COMPLETED,,false,55.316,49,"[{""itemType"":""hotel"",""operation"":""RESERVE"",""outcome"":""SUCCEEDED"",""latencyMs"":2},{""itemType"":""flight"",""operation"":""RESERVE"",""outcome"":""SUCCEEDED"",""latencyMs"":2},{""itemType"":""hotel"",""operation"":""CONFIRM"",""outcome"":""SUCCEEDED"",""latencyMs"":2},{""itemType"":""flight"",""operation"":""CONFIRM"",""outcome"":""SUCCEEDED"",""latencyMs"":2}]",0,0,true,true,,2,0,0,LOW,20,PROCEED,,
20260924_215150_n6lu,E11-lock-contention,hot-row-c1,19,201,,846c4a2d-6e13-435e-aae6-04cc9a78259f,COMPLETED,,false,107.11,95,"[{""itemType"":""hotel"",""operation"":""RESERVE"",""outcome"":""SUCCEEDED"",""latencyMs"":1},{""itemType"":""flight"",""operation"":""RESERVE"",""outcome"":""SUCCEEDED"",""latencyMs"":2},{""itemType"":""hotel"",""operation"":""CONFIRM"",""outcome"":""SUCCEEDED"",""latencyMs"":9},{""itemType"":""flight"",""operation"":""CONFIRM"",""outcome"":""SUCCEEDED"",""latencyMs"":7}]",0,0,true,true,,2,0,0,LOW,20,PROCEED,,
20260924_215150_n6lu,E11-lock-contention,hot-row-c1,20,201,,1a350ab1-a3cd-4141-9284-611c167ce9de,COMPLETED,,false,91.931,83,"[{""itemType"":""hotel"",""operation"":""RESERVE"",""outcome"":""SUCCEEDED"",""latencyMs"":3},{""itemType"":""flight"",""operation"":""RESERVE"",""outcome"":""SUCCEEDED"",""latencyMs"":4},{""itemType"":""hotel"",""operation"":""CONFIRM"",""outcome"":""SUCCEEDED"",""latencyMs"":4},{""itemType"":""flight"",""operation"":""CONFIRM"",""outcome"":""SUCCEEDED"",""latencyMs"":2}]",0,0,true,true,,2,0,0,LOW,20,PROCEED,,
20260924_215150_n6lu,E11-lock-contention,hot-row-c1,21,201,,9370d11c-b533-495a-a4db-fec400a01f46,COMPLETED,,false,69.974,54,"[{""itemType"":""hotel"",""operation"":""RESERVE"",""outcome"":""SUCCEEDED"",""latencyMs"":3},{""itemType"":""flight"",""operation"":""RESERVE"",""outcome"":""SUCCEEDED"",""latencyMs"":4},{""itemType"":""hotel"",""operation"":""CONFIRM"",""outcome"":""SUCCEEDED"",""latencyMs"":3},{""itemType"":""flight"",""operation"":""CONFIRM"",""outcome"":""SUCCEEDED"",""latencyMs"":2}]",0,0,true,true,,2,0,0,LOW,20,PROCEED,,
20260924_215150_n6lu,E11-lock-contention,hot-row-c1,22,201,,c70226da-ad64-4dcf-ba1a-87471d797575,COMPLETED,,false,61.364,48,"[{""itemType"":""hotel"",""operation"":""RESERVE"",""outcome"":""SUCCEEDED"",""latencyMs"":2},{""itemType"":""flight"",""operation"":""RESERVE"",""outcome"":""SUCCEEDED"",""latencyMs"":3},{""itemType"":""hotel"",""operation"":""CONFIRM"",""outcome"":""SUCCEEDED"",""latencyMs"":1},{""itemType"":""flight"",""operation"":""CONFIRM"",""outcome"":""SUCCEEDED"",""latencyMs"":5}]",0,0,true,true,,2,0,0,LOW,20,PROCEED,,
20260924_215150_n6lu,E11-lock-contention,hot-row-c1,23,201,,1d7c293c-641d-4dee-89cd-ff8e090e8c64,COMPLETED,,false,63.22,53,"[{""itemType"":""hotel"",""operation"":""RESERVE"",""outcome"":""SUCCEEDED"",""latencyMs"":1},{""itemType"":""flight"",""operation"":""RESERVE"",""outcome"":""SUCCEEDED"",""latencyMs"":4},{""itemType"":""hotel"",""operation"":""CONFIRM"",""outcome"":""SUCCEEDED"",""latencyMs"":4},{""itemType"":""flight"",""operation"":""CONFIRM"",""outcome"":""SUCCEEDED"",""latencyMs"":2}]",0,0,true,true,,2,0,0,LOW,20,PROCEED,,
20260924_215150_n6lu,E11-lock-contention,hot-row-c1,24,201,,811e83ac-bef5-4ebb-b501-4c2b2d13876e,COMPLETED,,false,66.012,57,"[{""itemType"":""hotel"",""operation"":""RESERVE"",""outcome"":""SUCCEEDED"",""latencyMs"":2},{""itemType"":""flight"",""operation"":""RESERVE"",""outcome"":""SUCCEEDED"",""latencyMs"":2},{""itemType"":""hotel"",""operation"":""CONFIRM"",""outcome"":""SUCCEEDED"",""latencyMs"":3},{""itemType"":""flight"",""operation"":""CONFIRM"",""outcome"":""SUCCEEDED"",""latencyMs"":2}]",0,0,true,true,,2,0,0,LOW,20,PROCEED,,
20260924_215150_n6lu,E11-lock-contention,hot-row-c1,25,201,,bb2a97c6-3187-458c-9c4a-8e75a2b70f21,COMPLETED,,false,72.741,62,"[{""itemType"":""hotel"",""operation"":""RESERVE"",""outcome"":""SUCCEEDED"",""latencyMs"":4},{""itemType"":""flight"",""operation"":""RESERVE"",""outcome"":""SUCCEEDED"",""latencyMs"":6},{""itemType"":""hotel"",""operation"":""CONFIRM"",""outcome"":""SUCCEEDED"",""latencyMs"":3},{""itemType"":""flight"",""operation"":""CONFIRM"",""outcome"":""SUCCEEDED"",""latencyMs"":3}]",0,0,true,true,,2,0,0,LOW,20,PROCEED,,
20260924_215150_n6lu,E11-lock-contention,hot-row-c1,26,201,,6c3f5ae2-d052-4597-bab6-b5f49259c9ad,COMPLETED,,false,63.491,54,"[{""itemType"":""hotel"",""operation"":""RESERVE"",""outcome"":""SUCCEEDED"",""latencyMs"":2},{""itemType"":""flight"",""operation"":""RESERVE"",""outcome"":""SUCCEEDED"",""latencyMs"":3},{""itemType"":""hotel"",""operation"":""CONFIRM"",""outcome"":""SUCCEEDED"",""latencyMs"":2},{""itemType"":""flight"",""operation"":""CONFIRM"",""outcome"":""SUCCEEDED"",""latencyMs"":3}]",0,0,true,true,,2,0,0,LOW,20,PROCEED,,
20260924_215150_n6lu,E11-lock-contention,hot-row-c1,27,201,,f2e31118-6537-4612-8948-e829155f63a5,COMPLETED,,false,64.694,54,"[{""itemType"":""hotel"",""operation"":""RESERVE"",""outcome"":""SUCCEEDED"",""latencyMs"":3},{""itemType"":""flight"",""operation"":""RESERVE"",""outcome"":""SUCCEEDED"",""latencyMs"":3},{""itemType"":""hotel"",""operation"":""CONFIRM"",""outcome"":""SUCCEEDED"",""latencyMs"":2},{""itemType"":""flight"",""operation"":""CONFIRM"",""outcome"":""SUCCEEDED"",""latencyMs"":2}]",0,0,true,true,,2,0,0,LOW,20,PROCEED,,
20260924_215150_n6lu,E11-lock-contention,hot-row-c1,28,201,,f63330ed-5c4b-4803-b29c-a781fde51149,COMPLETED,,false,72.938,63,"[{""itemType"":""hotel"",""operation"":""RESERVE"",""outcome"":""SUCCEEDED"",""latencyMs"":2},{""itemType"":""flight"",""operation"":""RESERVE"",""outcome"":""SUCCEEDED"",""latencyMs"":5},{""itemType"":""hotel"",""operation"":""CONFIRM"",""outcome"":""SUCCEEDED"",""latencyMs"":3},{""itemType"":""flight"",""operation"":""CONFIRM"",""outcome"":""SUCCEEDED"",""latencyMs"":3}]",0,0,true,true,,2,0,0,LOW,20,PROCEED,,
20260924_215150_n6lu,E11-lock-contention,hot-row-c1,29,201,,e45d09b5-2cd4-42dd-a9b9-7c756f6c4d1f,COMPLETED,,false,81.536,71,"[{""itemType"":""hotel"",""operation"":""RESERVE"",""outcome"":""SUCCEEDED"",""latencyMs"":3},{""itemType"":""flight"",""operation"":""RESERVE"",""outcome"":""SUCCEEDED"",""latencyMs"":3},{""itemType"":""hotel"",""operation"":""CONFIRM"",""outcome"":""SUCCEEDED"",""latencyMs"":3},{""itemType"":""flight"",""operation"":""CONFIRM"",""outcome"":""SUCCEEDED"",""latencyMs"":3}]",0,0,true,true,,2,0,0,LOW,20,PROCEED,,
20260924_215150_n6lu,E11-lock-contention,hot-row-c1,30,201,,68668511-d421-4b0e-b521-d5bcee7f140b,COMPLETED,,false,82.329,70,"[{""itemType"":""hotel"",""operation"":""RESERVE"",""outcome"":""SUCCEEDED"",""latencyMs"":3},{""itemType"":""flight"",""operation"":""RESERVE"",""outcome"":""SUCCEEDED"",""latencyMs"":2},{""itemType"":""hotel"",""operation"":""CONFIRM"",""outcome"":""SUCCEEDED"",""latencyMs"":6},{""itemType"":""flight"",""operation"":""CONFIRM"",""outcome"":""SUCCEEDED"",""latencyMs"":3}]",0,0,true,true,,2,0,0,LOW,20,PROCEED,,
20260924_215150_n6lu,E11-lock-contention,hot-row-c1,31,201,,2681e05d-d802-4a9d-b31b-73e72a5a6114,COMPLETED,,false,80.407,68,"[{""itemType"":""hotel"",""operation"":""RESERVE"",""outcome"":""SUCCEEDED"",""latencyMs"":3},{""itemType"":""flight"",""operation"":""RESERVE"",""outcome"":""SUCCEEDED"",""latencyMs"":5},{""itemType"":""hotel"",""operation"":""CONFIRM"",""outcome"":""SUCCEEDED"",""latencyMs"":3},{""itemType"":""flight"",""operation"":""CONFIRM"",""outcome"":""SUCCEEDED"",""latencyMs"":3}]",0,0,true,true,,2,0,0,LOW,35,PROCEED,,
20260924_215150_n6lu,E11-lock-contention,hot-row-c2,0,201,,12de530f-3dce-4148-850e-6f2d210aeec3,COMPLETED,,false,82.859,71,"[{""itemType"":""hotel"",""operation"":""RESERVE"",""outcome"":""SUCCEEDED"",""latencyMs"":3},{""itemType"":""flight"",""operation"":""RESERVE"",""outcome"":""SUCCEEDED"",""latencyMs"":3},{""itemType"":""hotel"",""operation"":""CONFIRM"",""outcome"":""SUCCEEDED"",""latencyMs"":3},{""itemType"":""flight"",""operation"":""CONFIRM"",""outcome"":""SUCCEEDED"",""latencyMs"":3}]",0,0,true,true,,2,0,0,LOW,20,PROCEED,,
20260924_215150_n6lu,E11-lock-contention,hot-row-c2,1,201,,667b7826-da32-46d3-860c-e69ee0d2fe5c,COMPLETED,,false,174.992,73,"[{""itemType"":""hotel"",""operation"":""RESERVE"",""outcome"":""SUCCEEDED"",""latencyMs"":4},{""itemType"":""flight"",""operation"":""RESERVE"",""outcome"":""SUCCEEDED"",""latencyMs"":4},{""itemType"":""hotel"",""operation"":""CONFIRM"",""outcome"":""SUCCEEDED"",""latencyMs"":3},{""itemType"":""flight"",""operation"":""CONFIRM"",""outcome"":""SUCCEEDED"",""latencyMs"":3}]",0,0,true,true,,2,0,0,LOW,20,PROCEED,,
20260924_215150_n6lu,E11-lock-contention,hot-row-c2,2,201,,b0cd1a37-e91b-4214-b442-52170fc99cc0,COMPLETED,,false,193.981,86,"[{""itemType"":""hotel"",""operation"":""RESERVE"",""outcome"":""SUCCEEDED"",""latencyMs"":5},{""itemType"":""flight"",""operation"":""RESERVE"",""outcome"":""SUCCEEDED"",""latencyMs"":4},{""itemType"":""hotel"",""operation"":""CONFIRM"",""outcome"":""SUCCEEDED"",""latencyMs"":4},{""itemType"":""flight"",""operation"":""CONFIRM"",""outcome"":""SUCCEEDED"",""latencyMs"":4}]",0,0,true,true,,2,0,0,LOW,20,PROCEED,,
20260924_215150_n6lu,E11-lock-contention,hot-row-c2,3,201,,2c3f5fed-3909-4677-bca5-8dc21cd28de3,COMPLETED,,false,194.623,73,"[{""itemType"":""hotel"",""operation"":""RESERVE"",""outcome"":""SUCCEEDED"",""latencyMs"":3},{""itemType"":""flight"",""operation"":""RESERVE"",""outcome"":""SUCCEEDED"",""latencyMs"":5},{""itemType"":""hotel"",""operation"":""CONFIRM"",""outcome"":""SUCCEEDED"",""latencyMs"":3},{""itemType"":""flight"",""operation"":""CONFIRM"",""outcome"":""SUCCEEDED"",""latencyMs"":3}]",0,0,true,true,,2,0,0,LOW,20,PROCEED,,
20260924_215150_n6lu,E11-lock-contention,hot-row-c2,4,201,,08ce67bd-e4a8-4be9-83fa-86b9406936f2,COMPLETED,,false,208.627,95,"[{""itemType"":""hotel"",""operation"":""RESERVE"",""outcome"":""SUCCEEDED"",""latencyMs"":6},{""itemType"":""flight"",""operation"":""RESERVE"",""outcome"":""SUCCEEDED"",""latencyMs"":5},{""itemType"":""hotel"",""operation"":""CONFIRM"",""outcome"":""SUCCEEDED"",""latencyMs"":5},{""itemType"":""flight"",""operation"":""CONFIRM"",""outcome"":""SUCCEEDED"",""latencyMs"":4}]",0,0,true,true,,2,0,0,LOW,20,PROCEED,,
20260924_215150_n6lu,E11-lock-contention,hot-row-c2,5,201,,44dca2df-32ad-473f-a9de-c40c3a8e0e41,COMPLETED,,false,219.339,90,"[{""itemType"":""hotel"",""operation"":""RESERVE"",""outcome"":""SUCCEEDED"",""latencyMs"":3},{""itemType"":""flight"",""operation"":""RESERVE"",""outcome"":""SUCCEEDED"",""latencyMs"":4},{""itemType"":""hotel"",""operation"":""CONFIRM"",""outcome"":""SUCCEEDED"",""latencyMs"":3},{""itemType"":""flight"",""operation"":""CONFIRM"",""outcome"":""SUCCEEDED"",""latencyMs"":3}]",0,0,true,true,,2,0,0,LOW,20,PROCEED,,
20260924_215150_n6lu,E11-lock-contention,hot-row-c2,6,201,,cba04f30-0352-4a03-9c8f-cc6c00b1b15a,COMPLETED,,false,242.967,114,"[{""itemType"":""hotel"",""operation"":""RESERVE"",""outcome"":""SUCCEEDED"",""latencyMs"":3},{""itemType"":""flight"",""operation"":""RESERVE"",""outcome"":""SUCCEEDED"",""latencyMs"":7},{""itemType"":""hotel"",""operation"":""CONFIRM"",""outcome"":""SUCCEEDED"",""latencyMs"":7},{""itemType"":""flight"",""operation"":""CONFIRM"",""outcome"":""SUCCEEDED"",""latencyMs"":3}]",0,0,true,true,,2,0,0,LOW,20,PROCEED,,
20260924_215150_n6lu,E11-lock-contention,hot-row-c2,7,201,,7e2de35f-afcc-493c-b0c6-8ab6dd401be6,COMPLETED,,false,300.297,124,"[{""itemType"":""hotel"",""operation"":""RESERVE"",""outcome"":""SUCCEEDED"",""latencyMs"":7},{""itemType"":""flight"",""operation"":""RESERVE"",""outcome"":""SUCCEEDED"",""latencyMs"":4},{""itemType"":""hotel"",""operation"":""CONFIRM"",""outcome"":""SUCCEEDED"",""latencyMs"":6},{""itemType"":""flight"",""operation"":""CONFIRM"",""outcome"":""SUCCEEDED"",""latencyMs"":7}]",0,0,true,true,,2,0,0,LOW,20,PROCEED,,
20260924_215150_n6lu,E11-lock-contention,hot-row-c2,8,201,,9db4fb40-b247-4515-a549-29ce77ec409b,COMPLETED,,false,273.514,94,"[{""itemType"":""hotel"",""operation"":""RESERVE"",""outcome"":""SUCCEEDED"",""latencyMs"":3},{""itemType"":""flight"",""operation"":""RESERVE"",""outcome"":""SUCCEEDED"",""latencyMs"":3},{""itemType"":""hotel"",""operation"":""CONFIRM"",""outcome"":""SUCCEEDED"",""latencyMs"":4},{""itemType"":""flight"",""operation"":""CONFIRM"",""outcome"":""SUCCEEDED"",""latencyMs"":5}]",0,0,true,true,,2,0,0,LOW,20,PROCEED,,
20260924_215150_n6lu,E11-lock-contention,hot-row-c2,9,201,,57cb735d-c2d8-42d6-a0db-dde0028797f6,COMPLETED,,false,226.667,89,"[{""itemType"":""hotel"",""operation"":""RESERVE"",""outcome"":""SUCCEEDED"",""latencyMs"":6},{""itemType"":""flight"",""operation"":""RESERVE"",""outcome"":""SUCCEEDED"",""latencyMs"":4},{""itemType"":""hotel"",""operation"":""CONFIRM"",""outcome"":""SUCCEEDED"",""latencyMs"":4},{""itemType"":""flight"",""operation"":""CONFIRM"",""outcome"":""SUCCEEDED"",""latencyMs"":4}]",0,0,true,true,,2,0,0,LOW,20,PROCEED,,
20260924_215150_n6lu,E11-lock-contention,hot-row-c2,10,201,,813c8217-11b3-4401-bd30-a4a1fafd1382,COMPLETED,,false,211.147,83,"[{""itemType"":""hotel"",""operation"":""RESERVE"",""outcome"":""SUCCEEDED"",""latencyMs"":4},{""itemType"":""flight"",""operation"":""RESERVE"",""outcome"":""SUCCEEDED"",""latencyMs"":4},{""itemType"":""hotel"",""operation"":""CONFIRM"",""outcome"":""SUCCEEDED"",""latencyMs"":4},{""itemType"":""flight"",""operation"":""CONFIRM"",""outcome"":""SUCCEEDED"",""latencyMs"":3}]",0,0,true,true,,2,0,0,LOW,20,PROCEED,,
20260924_215150_n6lu,E11-lock-contention,hot-row-c2,11,201,,55505788-2ab5-4530-9335-da3e80ea376e,COMPLETED,,false,201.293,84,"[{""itemType"":""hotel"",""operation"":""RESERVE"",""outcome"":""SUCCEEDED"",""latencyMs"":5},{""itemType"":""flight"",""operation"":""RESERVE"",""outcome"":""SUCCEEDED"",""latencyMs"":4},{""itemType"":""hotel"",""operation"":""CONFIRM"",""outcome"":""SUCCEEDED"",""latencyMs"":4},{""itemType"":""flight"",""operation"":""CONFIRM"",""outcome"":""SUCCEEDED"",""latencyMs"":3}]",0,0,true,true,,2,0,0,LOW,20,PROCEED,,
20260924_215150_n6lu,E11-lock-contention,hot-row-c2,12,201,,d6d39fb1-970c-492f-94b7-5ecc4a0b8d73,COMPLETED,,false,183.745,69,"[{""itemType"":""hotel"",""operation"":""RESERVE"",""outcome"":""SUCCEEDED"",""latencyMs"":3},{""itemType"":""flight"",""operation"":""RESERVE"",""outcome"":""SUCCEEDED"",""latencyMs"":3},{""itemType"":""hotel"",""operation"":""CONFIRM"",""outcome"":""SUCCEEDED"",""latencyMs"":5},{""itemType"":""flight"",""operation"":""CONFIRM"",""outcome"":""SUCCEEDED"",""latencyMs"":5}]",0,0,true,true,,2,0,0,LOW,20,PROCEED,,
20260924_215150_n6lu,E11-lock-contention,hot-row-c2,13,201,,dbac933f-3bfe-49b9-88d2-4db0c407f276,COMPLETED,,false,184.503,78,"[{""itemType"":""hotel"",""operation"":""RESERVE"",""outcome"":""SUCCEEDED"",""latencyMs"":2},{""itemType"":""flight"",""operation"":""RESERVE"",""outcome"":""SUCCEEDED"",""latencyMs"":3},{""itemType"":""hotel"",""operation"":""CONFIRM"",""outcome"":""SUCCEEDED"",""latencyMs"":3},{""itemType"":""flight"",""operation"":""CONFIRM"",""outcome"":""SUCCEEDED"",""latencyMs"":3}]",0,0,true,true,,2,0,0,LOW,20,PROCEED,,
20260924_215150_n6lu,E11-lock-contention,hot-row-c2,14,201,,3a8ef4d0-0d9c-454a-bdec-4bf720aac15e,COMPLETED,,false,208.551,93,"[{""itemType"":""hotel"",""operation"":""RESERVE"",""outcome"":""SUCCEEDED"",""latencyMs"":7},{""itemType"":""flight"",""operation"":""RESERVE"",""outcome"":""SUCCEEDED"",""latencyMs"":5},{""itemType"":""hotel"",""operation"":""CONFIRM"",""outcome"":""SUCCEEDED"",""latencyMs"":4},{""itemType"":""flight"",""operation"":""CONFIRM"",""outcome"":""SUCCEEDED"",""latencyMs"":4}]",0,0,true,true,,2,0,0,LOW,20,PROCEED,,
20260924_215150_n6lu,E11-lock-contention,hot-row-c2,15,201,,3b3e6313-cca7-47ff-a0c2-e2cd2e8533d7,COMPLETED,,false,208.663,84,"[{""itemType"":""hotel"",""operation"":""RESERVE"",""outcome"":""SUCCEEDED"",""latencyMs"":9},{""itemType"":""flight"",""operation"":""RESERVE"",""outcome"":""SUCCEEDED"",""latencyMs"":3},{""itemType"":""hotel"",""operation"":""CONFIRM"",""outcome"":""SUCCEEDED"",""latencyMs"":4},{""itemType"":""flight"",""operation"":""CONFIRM"",""outcome"":""SUCCEEDED"",""latencyMs"":3}]",0,0,true,true,,2,0,0,LOW,20,PROCEED,,
20260924_215150_n6lu,E11-lock-contention,hot-row-c2,16,201,,09a3168c-6a83-4299-aafa-438d1f867b75,COMPLETED,,false,182.264,70,"[{""itemType"":""hotel"",""operation"":""RESERVE"",""outcome"":""SUCCEEDED"",""latencyMs"":3},{""itemType"":""flight"",""operation"":""RESERVE"",""outcome"":""SUCCEEDED"",""latencyMs"":3},{""itemType"":""hotel"",""operation"":""CONFIRM"",""outcome"":""SUCCEEDED"",""latencyMs"":3},{""itemType"":""flight"",""operation"":""CONFIRM"",""outcome"":""SUCCEEDED"",""latencyMs"":3}]",0,0,true,true,,2,0,0,LOW,20,PROCEED,,
20260924_215150_n6lu,E11-lock-contention,hot-row-c2,17,201,,1cd63816-3c99-4ebc-a56d-4d7e8ff86500,COMPLETED,,false,157.016,56,"[{""itemType"":""hotel"",""operation"":""RESERVE"",""outcome"":""SUCCEEDED"",""latencyMs"":3},{""itemType"":""flight"",""operation"":""RESERVE"",""outcome"":""SUCCEEDED"",""latencyMs"":3},{""itemType"":""hotel"",""operation"":""CONFIRM"",""outcome"":""SUCCEEDED"",""latencyMs"":2},{""itemType"":""flight"",""operation"":""CONFIRM"",""outcome"":""SUCCEEDED"",""latencyMs"":3}]",0,0,true,true,,2,0,0,LOW,20,PROCEED,,
20260924_215150_n6lu,E11-lock-contention,hot-row-c2,18,201,,76fd47a1-f363-459e-b39a-0aedd2df8d51,COMPLETED,,false,149.296,61,"[{""itemType"":""hotel"",""operation"":""RESERVE"",""outcome"":""SUCCEEDED"",""latencyMs"":2},{""itemType"":""flight"",""operation"":""RESERVE"",""outcome"":""SUCCEEDED"",""latencyMs"":2},{""itemType"":""hotel"",""operation"":""CONFIRM"",""outcome"":""SUCCEEDED"",""latencyMs"":2},{""itemType"":""flight"",""operation"":""CONFIRM"",""outcome"":""SUCCEEDED"",""latencyMs"":3}]",0,0,true,true,,2,0,0,LOW,20,PROCEED,,
20260924_215150_n6lu,E11-lock-contention,hot-row-c2,19,201,,068d620a-4c32-4eb1-9512-74bcc3f2e3d0,COMPLETED,,false,158.498,72,"[{""itemType"":""hotel"",""operation"":""RESERVE"",""outcome"":""SUCCEEDED"",""latencyMs"":6},{""itemType"":""flight"",""operation"":""RESERVE"",""outcome"":""SUCCEEDED"",""latencyMs"":2},{""itemType"":""hotel"",""operation"":""CONFIRM"",""outcome"":""SUCCEEDED"",""latencyMs"":3},{""itemType"":""flight"",""operation"":""CONFIRM"",""outcome"":""SUCCEEDED"",""latencyMs"":3}]",0,0,true,true,,2,0,0,LOW,20,PROCEED,,
20260924_215150_n6lu,E11-lock-contention,hot-row-c2,20,201,,efb0010b-d863-4b5f-9eb3-24ffdb3499f4,COMPLETED,,false,160.359,62,"[{""itemType"":""hotel"",""operation"":""RESERVE"",""outcome"":""SUCCEEDED"",""latencyMs"":4},{""itemType"":""flight"",""operation"":""RESERVE"",""outcome"":""SUCCEEDED"",""latencyMs"":6},{""itemType"":""hotel"",""operation"":""CONFIRM"",""outcome"":""SUCCEEDED"",""latencyMs"":3},{""itemType"":""flight"",""operation"":""CONFIRM"",""outcome"":""SUCCEEDED"",""latencyMs"":3}]",0,0,true,true,,2,0,0,LOW,20,PROCEED,,
20260924_215150_n6lu,E11-lock-contention,hot-row-c2,21,201,,63bcdb96-de4e-4514-b68a-f9a1b7bfe84f,COMPLETED,,false,173.489,84,"[{""itemType"":""hotel"",""operation"":""RESERVE"",""outcome"":""SUCCEEDED"",""latencyMs"":3},{""itemType"":""flight"",""operation"":""RESERVE"",""outcome"":""SUCCEEDED"",""latencyMs"":2},{""itemType"":""hotel"",""operation"":""CONFIRM"",""outcome"":""SUCCEEDED"",""latencyMs"":6},{""itemType"":""flight"",""operation"":""CONFIRM"",""outcome"":""SUCCEEDED"",""latencyMs"":9}]",0,0,true,true,,2,0,0,LOW,20,PROCEED,,
20260924_215150_n6lu,E11-lock-contention,hot-row-c2,22,201,,1d10cc2c-0731-48cc-9d1f-048ad7b695b0,COMPLETED,,false,199.581,79,"[{""itemType"":""hotel"",""operation"":""RESERVE"",""outcome"":""SUCCEEDED"",""latencyMs"":2},{""itemType"":""flight"",""operation"":""RESERVE"",""outcome"":""SUCCEEDED"",""latencyMs"":8},{""itemType"":""hotel"",""operation"":""CONFIRM"",""outcome"":""SUCCEEDED"",""latencyMs"":3},{""itemType"":""flight"",""operation"":""CONFIRM"",""outcome"":""SUCCEEDED"",""latencyMs"":5}]",0,0,true,true,,2,0,0,LOW,20,PROCEED,,
20260924_215150_n6lu,E11-lock-contention,hot-row-c2,23,201,,729eff46-9fe6-4bb5-a761-3110748ed8e8,COMPLETED,,false,202.184,75,"[{""itemType"":""hotel"",""operation"":""RESERVE"",""outcome"":""SUCCEEDED"",""latencyMs"":3},{""itemType"":""flight"",""operation"":""RESERVE"",""outcome"":""SUCCEEDED"",""latencyMs"":4},{""itemType"":""hotel"",""operation"":""CONFIRM"",""outcome"":""SUCCEEDED"",""latencyMs"":6},{""itemType"":""flight"",""operation"":""CONFIRM"",""outcome"":""SUCCEEDED"",""latencyMs"":4}]",0,0,true,true,,2,0,0,LOW,20,PROCEED,,
20260924_215150_n6lu,E11-lock-contention,hot-row-c2,24,201,,340cd8f0-78bd-42ef-9c80-fa9ce65d5fb1,COMPLETED,,false,204.698,88,"[{""itemType"":""hotel"",""operation"":""RESERVE"",""outcome"":""SUCCEEDED"",""latencyMs"":8},{""itemType"":""flight"",""operation"":""RESERVE"",""outcome"":""SUCCEEDED"",""latencyMs"":3},{""itemType"":""hotel"",""operation"":""CONFIRM"",""outcome"":""SUCCEEDED"",""latencyMs"":4},{""itemType"":""flight"",""operation"":""CONFIRM"",""outcome"":""SUCCEEDED"",""latencyMs"":3}]",0,0,true,true,,2,0,0,LOW,20,PROCEED,,
20260924_215150_n6lu,E11-lock-contention,hot-row-c2,25,201,,fc5edc8c-50d5-469e-a345-380c3d6849d8,COMPLETED,,false,225.371,95,"[{""itemType"":""hotel"",""operation"":""RESERVE"",""outcome"":""SUCCEEDED"",""latencyMs"":3},{""itemType"":""flight"",""operation"":""RESERVE"",""outcome"":""SUCCEEDED"",""latencyMs"":7},{""itemType"":""hotel"",""operation"":""CONFIRM"",""outcome"":""SUCCEEDED"",""latencyMs"":6},{""itemType"":""flight"",""operation"":""CONFIRM"",""outcome"":""SUCCEEDED"",""latencyMs"":3}]",0,0,true,true,,2,0,0,LOW,20,PROCEED,,
20260924_215150_n6lu,E11-lock-contention,hot-row-c2,26,201,,2361302e-e97b-43b6-b4b8-20aaaa5ca310,COMPLETED,,false,246.349,108,"[{""itemType"":""hotel"",""operation"":""RESERVE"",""outcome"":""SUCCEEDED"",""latencyMs"":3},{""itemType"":""flight"",""operation"":""RESERVE"",""outcome"":""SUCCEEDED"",""latencyMs"":4},{""itemType"":""hotel"",""operation"":""CONFIRM"",""outcome"":""SUCCEEDED"",""latencyMs"":10},{""itemType"":""flight"",""operation"":""CONFIRM"",""outcome"":""SUCCEEDED"",""latencyMs"":10}]",0,0,true,true,,2,0,0,LOW,20,PROCEED,,
20260924_215150_n6lu,E11-lock-contention,hot-row-c2,27,201,,81e15f6a-e678-4a6a-967d-764a9aa28d16,COMPLETED,,false,275.494,115,"[{""itemType"":""hotel"",""operation"":""RESERVE"",""outcome"":""SUCCEEDED"",""latencyMs"":7},{""itemType"":""flight"",""operation"":""RESERVE"",""outcome"":""SUCCEEDED"",""latencyMs"":16},{""itemType"":""hotel"",""operation"":""CONFIRM"",""outcome"":""SUCCEEDED"",""latencyMs"":4},{""itemType"":""flight"",""operation"":""CONFIRM"",""outcome"":""SUCCEEDED"",""latencyMs"":3}]",0,0,true,true,,2,0,0,LOW,20,PROCEED,,
20260924_215150_n6lu,E11-lock-contention,hot-row-c2,28,201,,8307d75b-f7da-4975-9659-341631a6385e,COMPLETED,,false,217.595,72,"[{""itemType"":""hotel"",""operation"":""RESERVE"",""outcome"":""SUCCEEDED"",""latencyMs"":4},{""itemType"":""flight"",""operation"":""RESERVE"",""outcome"":""SUCCEEDED"",""latencyMs"":2},{""itemType"":""hotel"",""operation"":""CONFIRM"",""outcome"":""SUCCEEDED"",""latencyMs"":3},{""itemType"":""flight"",""operation"":""CONFIRM"",""outcome"":""SUCCEEDED"",""latencyMs"":3}]",0,0,true,true,,2,0,0,LOW,20,PROCEED,,
20260924_215150_n6lu,E11-lock-contention,hot-row-c2,29,201,,b6f7e717-96da-4f76-90d0-6de0b44eb47b,COMPLETED,,false,172.302,70,"[{""itemType"":""hotel"",""operation"":""RESERVE"",""outcome"":""SUCCEEDED"",""latencyMs"":3},{""itemType"":""flight"",""operation"":""RESERVE"",""outcome"":""SUCCEEDED"",""latencyMs"":3},{""itemType"":""hotel"",""operation"":""CONFIRM"",""outcome"":""SUCCEEDED"",""latencyMs"":3},{""itemType"":""flight"",""operation"":""CONFIRM"",""outcome"":""SUCCEEDED"",""latencyMs"":4}]",0,0,true,true,,2,0,0,LOW,20,PROCEED,,
20260924_215150_n6lu,E11-lock-contention,hot-row-c2,30,201,,f870ecb2-515a-461e-9597-09753c14c5d8,COMPLETED,,false,193.683,93,"[{""itemType"":""hotel"",""operation"":""RESERVE"",""outcome"":""SUCCEEDED"",""latencyMs"":4},{""itemType"":""flight"",""operation"":""RESERVE"",""outcome"":""SUCCEEDED"",""latencyMs"":3},{""itemType"":""hotel"",""operation"":""CONFIRM"",""outcome"":""SUCCEEDED"",""latencyMs"":3},{""itemType"":""flight"",""operation"":""CONFIRM"",""outcome"":""SUCCEEDED"",""latencyMs"":4}]",0,0,true,true,,2,0,0,LOW,20,PROCEED,,
20260924_215150_n6lu,E11-lock-contention,hot-row-c2,31,201,,79f0ac3d-b389-4e54-802b-56c22aa13f29,COMPLETED,,false,204.191,79,"[{""itemType"":""hotel"",""operation"":""RESERVE"",""outcome"":""SUCCEEDED"",""latencyMs"":7},{""itemType"":""flight"",""operation"":""RESERVE"",""outcome"":""SUCCEEDED"",""latencyMs"":3},{""itemType"":""hotel"",""operation"":""CONFIRM"",""outcome"":""SUCCEEDED"",""latencyMs"":4},{""itemType"":""flight"",""operation"":""CONFIRM"",""outcome"":""SUCCEEDED"",""latencyMs"":4}]",0,0,true,true,,2,0,0,LOW,35,PROCEED,,
20260924_215150_n6lu,E11-lock-contention,hot-row-c4,0,201,,a1208681-6de3-40cf-ba76-c36467ed90c1,COMPLETED,,false,93.121,77,"[{""itemType"":""hotel"",""operation"":""RESERVE"",""outcome"":""SUCCEEDED"",""latencyMs"":5},{""itemType"":""flight"",""operation"":""RESERVE"",""outcome"":""SUCCEEDED"",""latencyMs"":3},{""itemType"":""hotel"",""operation"":""CONFIRM"",""outcome"":""SUCCEEDED"",""latencyMs"":4},{""itemType"":""flight"",""operation"":""CONFIRM"",""outcome"":""SUCCEEDED"",""latencyMs"":5}]",0,0,true,true,,2,0,0,LOW,20,PROCEED,,
20260924_215150_n6lu,E11-lock-contention,hot-row-c4,1,201,,dacd2ac5-f73f-4ab4-9ceb-5047058cbf09,COMPLETED,,false,193.164,80,"[{""itemType"":""hotel"",""operation"":""RESERVE"",""outcome"":""SUCCEEDED"",""latencyMs"":3},{""itemType"":""flight"",""operation"":""RESERVE"",""outcome"":""SUCCEEDED"",""latencyMs"":5},{""itemType"":""hotel"",""operation"":""CONFIRM"",""outcome"":""SUCCEEDED"",""latencyMs"":3},{""itemType"":""flight"",""operation"":""CONFIRM"",""outcome"":""SUCCEEDED"",""latencyMs"":3}]",0,0,true,true,,2,0,0,LOW,20,PROCEED,,
20260924_215150_n6lu,E11-lock-contention,hot-row-c4,2,201,,34c949ad-682a-4045-8933-a240f311e3ff,COMPLETED,,false,283.642,71,"[{""itemType"":""hotel"",""operation"":""RESERVE"",""outcome"":""SUCCEEDED"",""latencyMs"":3},{""itemType"":""flight"",""operation"":""RESERVE"",""outcome"":""SUCCEEDED"",""latencyMs"":3},{""itemType"":""hotel"",""operation"":""CONFIRM"",""outcome"":""SUCCEEDED"",""latencyMs"":3},{""itemType"":""flight"",""operation"":""CONFIRM"",""outcome"":""SUCCEEDED"",""latencyMs"":4}]",0,0,true,true,,2,0,0,LOW,20,PROCEED,,
20260924_215150_n6lu,E11-lock-contention,hot-row-c4,3,201,,2c69a24a-92e3-4e6b-b727-6625858b28c8,COMPLETED,,false,377.167,73,"[{""itemType"":""hotel"",""operation"":""RESERVE"",""outcome"":""SUCCEEDED"",""latencyMs"":4},{""itemType"":""flight"",""operation"":""RESERVE"",""outcome"":""SUCCEEDED"",""latencyMs"":3},{""itemType"":""hotel"",""operation"":""CONFIRM"",""outcome"":""SUCCEEDED"",""latencyMs"":5},{""itemType"":""flight"",""operation"":""CONFIRM"",""outcome"":""SUCCEEDED"",""latencyMs"":5}]",0,0,true,true,,2,0,0,LOW,20,PROCEED,,
20260924_215150_n6lu,E11-lock-contention,hot-row-c4,4,201,,7211ea35-9e14-4bbc-9d20-c04999915b92,COMPLETED,,false,368.47,68,"[{""itemType"":""hotel"",""operation"":""RESERVE"",""outcome"":""SUCCEEDED"",""latencyMs"":3},{""itemType"":""flight"",""operation"":""RESERVE"",""outcome"":""SUCCEEDED"",""latencyMs"":3},{""itemType"":""hotel"",""operation"":""CONFIRM"",""outcome"":""SUCCEEDED"",""latencyMs"":4},{""itemType"":""flight"",""operation"":""CONFIRM"",""outcome"":""SUCCEEDED"",""latencyMs"":3}]",0,0,true,true,,2,0,0,LOW,20,PROCEED,,
20260924_215150_n6lu,E11-lock-contention,hot-row-c4,5,201,,64c57d2a-d2d6-4e87-8b95-1e3be5ec5061,COMPLETED,,false,387.074,91,"[{""itemType"":""hotel"",""operation"":""RESERVE"",""outcome"":""SUCCEEDED"",""latencyMs"":7},{""itemType"":""flight"",""operation"":""RESERVE"",""outcome"":""SUCCEEDED"",""latencyMs"":3},{""itemType"":""hotel"",""operation"":""CONFIRM"",""outcome"":""SUCCEEDED"",""latencyMs"":2},{""itemType"":""flight"",""operation"":""CONFIRM"",""outcome"":""SUCCEEDED"",""latencyMs"":3}]",0,0,true,true,,2,0,0,LOW,20,PROCEED,,
20260924_215150_n6lu,E11-lock-contention,hot-row-c4,6,201,,9060c0d8-6387-49bb-8114-35db6668e162,COMPLETED,,false,385.327,68,"[{""itemType"":""hotel"",""operation"":""RESERVE"",""outcome"":""SUCCEEDED"",""latencyMs"":3},{""itemType"":""flight"",""operation"":""RESERVE"",""outcome"":""SUCCEEDED"",""latencyMs"":3},{""itemType"":""hotel"",""operation"":""CONFIRM"",""outcome"":""SUCCEEDED"",""latencyMs"":3},{""itemType"":""flight"",""operation"":""CONFIRM"",""outcome"":""SUCCEEDED"",""latencyMs"":5}]",0,0,true,true,,2,0,0,LOW,20,PROCEED,,
20260924_215150_n6lu,E11-lock-contention,hot-row-c4,7,201,,c0cd03d3-7aef-479d-ab2a-ec20960b368c,COMPLETED,,false,399.787,88,"[{""itemType"":""hotel"",""operation"":""RESERVE"",""outcome"":""SUCCEEDED"",""latencyMs"":3},{""itemType"":""flight"",""operation"":""RESERVE"",""outcome"":""SUCCEEDED"",""latencyMs"":5},{""itemType"":""hotel"",""operation"":""CONFIRM"",""outcome"":""SUCCEEDED"",""latencyMs"":3},{""itemType"":""flight"",""operation"":""CONFIRM"",""outcome"":""SUCCEEDED"",""latencyMs"":6}]",0,0,true,true,,2,0,0,LOW,20,PROCEED,,
20260924_215150_n6lu,E11-lock-contention,hot-row-c4,8,201,,9c406a82-9a23-4ed7-a396-878b2dc532d6,COMPLETED,,false,444.496,99,"[{""itemType"":""hotel"",""operation"":""RESERVE"",""outcome"":""SUCCEEDED"",""latencyMs"":4},{""itemType"":""flight"",""operation"":""RESERVE"",""outcome"":""SUCCEEDED"",""latencyMs"":5},{""itemType"":""hotel"",""operation"":""CONFIRM"",""outcome"":""SUCCEEDED"",""latencyMs"":5},{""itemType"":""flight"",""operation"":""CONFIRM"",""outcome"":""SUCCEEDED"",""latencyMs"":3}]",0,0,true,true,,2,0,0,LOW,20,PROCEED,,
20260924_215150_n6lu,E11-lock-contention,hot-row-c4,9,201,,88faab75-ece5-43aa-8384-131c6880fdb1,COMPLETED,,false,669.126,268,"[{""itemType"":""hotel"",""operation"":""RESERVE"",""outcome"":""SUCCEEDED"",""latencyMs"":14},{""itemType"":""flight"",""operation"":""RESERVE"",""outcome"":""SUCCEEDED"",""latencyMs"":13},{""itemType"":""hotel"",""operation"":""CONFIRM"",""outcome"":""SUCCEEDED"",""latencyMs"":14},{""itemType"":""flight"",""operation"":""CONFIRM"",""outcome"":""SUCCEEDED"",""latencyMs"":12}]",0,0,true,true,,2,0,0,LOW,20,PROCEED,,
20260924_215150_n6lu,E11-lock-contention,hot-row-c4,10,201,,beda989c-6c37-41d3-81c7-f0aa23281829,COMPLETED,,false,789.077,150,"[{""itemType"":""hotel"",""operation"":""RESERVE"",""outcome"":""SUCCEEDED"",""latencyMs"":5},{""itemType"":""flight"",""operation"":""RESERVE"",""outcome"":""SUCCEEDED"",""latencyMs"":12},{""itemType"":""hotel"",""operation"":""CONFIRM"",""outcome"":""SUCCEEDED"",""latencyMs"":11},{""itemType"":""flight"",""operation"":""CONFIRM"",""outcome"":""SUCCEEDED"",""latencyMs"":10}]",0,0,true,true,,2,0,0,LOW,20,PROCEED,,
20260924_215150_n6lu,E11-lock-contention,hot-row-c4,11,201,,545c6fe7-c779-467e-a52a-d9feb2b21529,COMPLETED,,false,909.783,194,"[{""itemType"":""hotel"",""operation"":""RESERVE"",""outcome"":""SUCCEEDED"",""latencyMs"":11},{""itemType"":""flight"",""operation"":""RESERVE"",""outcome"":""SUCCEEDED"",""latencyMs"":7},{""itemType"":""hotel"",""operation"":""CONFIRM"",""outcome"":""SUCCEEDED"",""latencyMs"":7},{""itemType"":""flight"",""operation"":""CONFIRM"",""outcome"":""SUCCEEDED"",""latencyMs"":5}]",0,0,true,true,,2,0,0,LOW,20,PROCEED,,
20260924_215150_n6lu,E11-lock-contention,hot-row-c4,12,201,,ced78129-c2c7-4ff8-980d-32ff3a87d1f4,COMPLETED,,false,932.998,129,"[{""itemType"":""hotel"",""operation"":""RESERVE"",""outcome"":""SUCCEEDED"",""latencyMs"":3},{""itemType"":""flight"",""operation"":""RESERVE"",""outcome"":""SUCCEEDED"",""latencyMs"":6},{""itemType"":""hotel"",""operation"":""CONFIRM"",""outcome"":""SUCCEEDED"",""latencyMs"":4},{""itemType"":""flight"",""operation"":""CONFIRM"",""outcome"":""SUCCEEDED"",""latencyMs"":7}]",0,0,true,true,,2,0,0,LOW,20,PROCEED,,
20260924_215150_n6lu,E11-lock-contention,hot-row-c4,13,201,,6e9834c8-8cbe-48ca-b72b-bdf34cdefb74,COMPLETED,,false,862.889,232,"[{""itemType"":""hotel"",""operation"":""RESERVE"",""outcome"":""SUCCEEDED"",""latencyMs"":9},{""itemType"":""flight"",""operation"":""RESERVE"",""outcome"":""SUCCEEDED"",""latencyMs"":12},{""itemType"":""hotel"",""operation"":""CONFIRM"",""outcome"":""SUCCEEDED"",""latencyMs"":5},{""itemType"":""flight"",""operation"":""CONFIRM"",""outcome"":""SUCCEEDED"",""latencyMs"":11}]",0,0,true,true,,2,0,0,LOW,20,PROCEED,,
20260924_215150_n6lu,E11-lock-contention,hot-row-c4,14,201,,05d7adc1-d57e-4b6e-842f-90564b2020a7,COMPLETED,,false,904.118,179,"[{""itemType"":""hotel"",""operation"":""RESERVE"",""outcome"":""SUCCEEDED"",""latencyMs"":4},{""itemType"":""flight"",""operation"":""RESERVE"",""outcome"":""SUCCEEDED"",""latencyMs"":7},{""itemType"":""hotel"",""operation"":""CONFIRM"",""outcome"":""SUCCEEDED"",""latencyMs"":5},{""itemType"":""flight"",""operation"":""CONFIRM"",""outcome"":""SUCCEEDED"",""latencyMs"":8}]",0,0,true,true,,2,0,0,LOW,20,PROCEED,,
20260924_215150_n6lu,E11-lock-contention,hot-row-c4,15,201,,970424fc-c2c6-46bb-a4c1-138e627c9963,COMPLETED,,false,868.4,163,"[{""itemType"":""hotel"",""operation"":""RESERVE"",""outcome"":""SUCCEEDED"",""latencyMs"":12},{""itemType"":""flight"",""operation"":""RESERVE"",""outcome"":""SUCCEEDED"",""latencyMs"":12},{""itemType"":""hotel"",""operation"":""CONFIRM"",""outcome"":""SUCCEEDED"",""latencyMs"":7},{""itemType"":""flight"",""operation"":""CONFIRM"",""outcome"":""SUCCEEDED"",""latencyMs"":13}]",0,0,true,true,,2,0,0,LOW,20,PROCEED,,
20260924_215150_n6lu,E11-lock-contention,hot-row-c4,16,201,,15fdcd19-a98a-4014-bf03-9e5a621f342b,COMPLETED,,false,821.604,102,"[{""itemType"":""hotel"",""operation"":""RESERVE"",""outcome"":""SUCCEEDED"",""latencyMs"":3},{""itemType"":""flight"",""operation"":""RESERVE"",""outcome"":""SUCCEEDED"",""latencyMs"":5},{""itemType"":""hotel"",""operation"":""CONFIRM"",""outcome"":""SUCCEEDED"",""latencyMs"":6},{""itemType"":""flight"",""operation"":""CONFIRM"",""outcome"":""SUCCEEDED"",""latencyMs"":10}]",0,0,true,true,,2,0,0,LOW,20,PROCEED,,
20260924_215150_n6lu,E11-lock-contention,hot-row-c4,17,201,,e36ef4ad-583c-4933-b46f-234136a0c8f3,COMPLETED,,false,736.341,147,"[{""itemType"":""hotel"",""operation"":""RESERVE"",""outcome"":""SUCCEEDED"",""latencyMs"":4},{""itemType"":""flight"",""operation"":""RESERVE"",""outcome"":""SUCCEEDED"",""latencyMs"":4},{""itemType"":""hotel"",""operation"":""CONFIRM"",""outcome"":""SUCCEEDED"",""latencyMs"":4},{""itemType"":""flight"",""operation"":""CONFIRM"",""outcome"":""SUCCEEDED"",""latencyMs"":6}]",0,0,true,true,,2,0,0,LOW,20,PROCEED,,
20260924_215150_n6lu,E11-lock-contention,hot-row-c4,18,201,,e8781b02-121d-41f5-9a96-506d8063182e,COMPLETED,,false,772.324,174,"[{""itemType"":""hotel"",""operation"":""RESERVE"",""outcome"":""SUCCEEDED"",""latencyMs"":10},{""itemType"":""flight"",""operation"":""RESERVE"",""outcome"":""SUCCEEDED"",""latencyMs"":7},{""itemType"":""hotel"",""operation"":""CONFIRM"",""outcome"":""SUCCEEDED"",""latencyMs"":10},{""itemType"":""flight"",""operation"":""CONFIRM"",""outcome"":""SUCCEEDED"",""latencyMs"":11}]",0,0,true,true,,2,0,0,LOW,20,PROCEED,,
20260924_215150_n6lu,E11-lock-contention,hot-row-c4,19,201,,5a4a2243-8ed5-4c94-836c-d3f61f1b61e3,COMPLETED,,false,858.294,211,"[{""itemType"":""hotel"",""operation"":""RESERVE"",""outcome"":""SUCCEEDED"",""latencyMs"":7},{""itemType"":""flight"",""operation"":""RESERVE"",""outcome"":""SUCCEEDED"",""latencyMs"":9},{""itemType"":""hotel"",""operation"":""CONFIRM"",""outcome"":""SUCCEEDED"",""latencyMs"":10},{""itemType"":""flight"",""operation"":""CONFIRM"",""outcome"":""SUCCEEDED"",""latencyMs"":11}]",0,0,true,true,,2,0,0,LOW,20,PROCEED,,
20260924_215150_n6lu,E11-lock-contention,hot-row-c4,20,201,,00173024-586f-4f6e-873a-d1749e5fadad,COMPLETED,,false,915.672,155,"[{""itemType"":""hotel"",""operation"":""RESERVE"",""outcome"":""SUCCEEDED"",""latencyMs"":8},{""itemType"":""flight"",""operation"":""RESERVE"",""outcome"":""SUCCEEDED"",""latencyMs"":11},{""itemType"":""hotel"",""operation"":""CONFIRM"",""outcome"":""SUCCEEDED"",""latencyMs"":10},{""itemType"":""flight"",""operation"":""CONFIRM"",""outcome"":""SUCCEEDED"",""latencyMs"":4}]",0,0,true,true,,2,0,0,LOW,20,PROCEED,,
20260924_215150_n6lu,E11-lock-contention,hot-row-c4,21,201,,feeab575-c212-43f2-9c8c-720f2a11c7bd,COMPLETED,,false,855.825,128,"[{""itemType"":""hotel"",""operation"":""RESERVE"",""outcome"":""SUCCEEDED"",""latencyMs"":5},{""itemType"":""flight"",""operation"":""RESERVE"",""outcome"":""SUCCEEDED"",""latencyMs"":10},{""itemType"":""hotel"",""operation"":""CONFIRM"",""outcome"":""SUCCEEDED"",""latencyMs"":5},{""itemType"":""flight"",""operation"":""CONFIRM"",""outcome"":""SUCCEEDED"",""latencyMs"":8}]",0,0,true,true,,2,0,0,LOW,20,PROCEED,,
20260924_215150_n6lu,E11-lock-contention,hot-row-c4,22,201,,21b8ccb3-6589-4e48-a8c5-e048b5a6a800,COMPLETED,,false,868.854,219,"[{""itemType"":""hotel"",""operation"":""RESERVE"",""outcome"":""SUCCEEDED"",""latencyMs"":7},{""itemType"":""flight"",""operation"":""RESERVE"",""outcome"":""SUCCEEDED"",""latencyMs"":12},{""itemType"":""hotel"",""operation"":""CONFIRM"",""outcome"":""SUCCEEDED"",""latencyMs"":8},{""itemType"":""flight"",""operation"":""CONFIRM"",""outcome"":""SUCCEEDED"",""latencyMs"":10}]",0,0,true,true,,2,0,0,LOW,20,PROCEED,,
20260924_215150_n6lu,E11-lock-contention,hot-row-c4,23,201,,a5342b64-8985-41c2-a722-aab560c95e37,COMPLETED,,false,844.621,207,"[{""itemType"":""hotel"",""operation"":""RESERVE"",""outcome"":""SUCCEEDED"",""latencyMs"":10},{""itemType"":""flight"",""operation"":""RESERVE"",""outcome"":""SUCCEEDED"",""latencyMs"":6},{""itemType"":""hotel"",""operation"":""CONFIRM"",""outcome"":""SUCCEEDED"",""latencyMs"":7},{""itemType"":""flight"",""operation"":""CONFIRM"",""outcome"":""SUCCEEDED"",""latencyMs"":8}]",0,0,true,true,,2,0,0,LOW,20,PROCEED,,
20260924_215150_n6lu,E11-lock-contention,hot-row-c4,24,201,,9e1fce77-1f55-4709-a3eb-53345744c9c1,COMPLETED,,false,990.878,281,"[{""itemType"":""hotel"",""operation"":""RESERVE"",""outcome"":""SUCCEEDED"",""latencyMs"":8},{""itemType"":""flight"",""operation"":""RESERVE"",""outcome"":""SUCCEEDED"",""latencyMs"":28},{""itemType"":""hotel"",""operation"":""CONFIRM"",""outcome"":""SUCCEEDED"",""latencyMs"":12},{""itemType"":""flight"",""operation"":""CONFIRM"",""outcome"":""SUCCEEDED"",""latencyMs"":13}]",0,0,true,true,,2,0,0,LOW,20,PROCEED,,
20260924_215150_n6lu,E11-lock-contention,hot-row-c4,25,201,,646ab847-47c6-4bca-8f92-1858394cd24f,COMPLETED,,false,1033.786,149,"[{""itemType"":""hotel"",""operation"":""RESERVE"",""outcome"":""SUCCEEDED"",""latencyMs"":7},{""itemType"":""flight"",""operation"":""RESERVE"",""outcome"":""SUCCEEDED"",""latencyMs"":6},{""itemType"":""hotel"",""operation"":""CONFIRM"",""outcome"":""SUCCEEDED"",""latencyMs"":9},{""itemType"":""flight"",""operation"":""CONFIRM"",""outcome"":""SUCCEEDED"",""latencyMs"":5}]",0,0,true,true,,2,0,0,LOW,20,PROCEED,,
20260924_215150_n6lu,E11-lock-contention,hot-row-c4,26,201,,dd77b1f8-8bca-40f2-bb9b-3f8c5f730d79,COMPLETED,,false,910.495,114,"[{""itemType"":""hotel"",""operation"":""RESERVE"",""outcome"":""SUCCEEDED"",""latencyMs"":7},{""itemType"":""flight"",""operation"":""RESERVE"",""outcome"":""SUCCEEDED"",""latencyMs"":5},{""itemType"":""hotel"",""operation"":""CONFIRM"",""outcome"":""SUCCEEDED"",""latencyMs"":7},{""itemType"":""flight"",""operation"":""CONFIRM"",""outcome"":""SUCCEEDED"",""latencyMs"":4}]",0,0,true,true,,2,0,0,LOW,20,PROCEED,,
20260924_215150_n6lu,E11-lock-contention,hot-row-c4,27,201,,23155e60-eb9d-44be-b51f-8e7f2658cbf2,COMPLETED,,false,806.997,109,"[{""itemType"":""hotel"",""operation"":""RESERVE"",""outcome"":""SUCCEEDED"",""latencyMs"":4},{""itemType"":""flight"",""operation"":""RESERVE"",""outcome"":""SUCCEEDED"",""latencyMs"":3},{""itemType"":""hotel"",""operation"":""CONFIRM"",""outcome"":""SUCCEEDED"",""latencyMs"":9},{""itemType"":""flight"",""operation"":""CONFIRM"",""outcome"":""SUCCEEDED"",""latencyMs"":7}]",0,0,true,true,,2,0,0,LOW,20,PROCEED,,
20260924_215150_n6lu,E11-lock-contention,hot-row-c4,28,201,,368bccbf-811e-45c0-8df8-a6b0e8c28c60,COMPLETED,,false,578.247,94,"[{""itemType"":""hotel"",""operation"":""RESERVE"",""outcome"":""SUCCEEDED"",""latencyMs"":4},{""itemType"":""flight"",""operation"":""RESERVE"",""outcome"":""SUCCEEDED"",""latencyMs"":4},{""itemType"":""hotel"",""operation"":""CONFIRM"",""outcome"":""SUCCEEDED"",""latencyMs"":6},{""itemType"":""flight"",""operation"":""CONFIRM"",""outcome"":""SUCCEEDED"",""latencyMs"":4}]",0,0,true,true,,2,0,0,LOW,20,PROCEED,,
20260924_215150_n6lu,E11-lock-contention,hot-row-c4,29,201,,aac51426-7356-498d-87fc-dc446152011b,COMPLETED,,false,536.065,110,"[{""itemType"":""hotel"",""operation"":""RESERVE"",""outcome"":""SUCCEEDED"",""latencyMs"":4},{""itemType"":""flight"",""operation"":""RESERVE"",""outcome"":""SUCCEEDED"",""latencyMs"":4},{""itemType"":""hotel"",""operation"":""CONFIRM"",""outcome"":""SUCCEEDED"",""latencyMs"":4},{""itemType"":""flight"",""operation"":""CONFIRM"",""outcome"":""SUCCEEDED"",""latencyMs"":6}]",0,0,true,true,,2,0,0,LOW,20,PROCEED,,
20260924_215150_n6lu,E11-lock-contention,hot-row-c4,30,201,,941a936d-b369-4cac-8dd2-356b98183490,COMPLETED,,false,579.661,146,"[{""itemType"":""hotel"",""operation"":""RESERVE"",""outcome"":""SUCCEEDED"",""latencyMs"":6},{""itemType"":""flight"",""operation"":""RESERVE"",""outcome"":""SUCCEEDED"",""latencyMs"":10},{""itemType"":""hotel"",""operation"":""CONFIRM"",""outcome"":""SUCCEEDED"",""latencyMs"":6},{""itemType"":""flight"",""operation"":""CONFIRM"",""outcome"":""SUCCEEDED"",""latencyMs"":5}]",0,0,true,true,,2,0,0,LOW,20,PROCEED,,
20260924_215150_n6lu,E11-lock-contention,hot-row-c4,31,201,,90a05abb-f428-4e48-92ff-bc09caf981b9,COMPLETED,,false,567.749,96,"[{""itemType"":""hotel"",""operation"":""RESERVE"",""outcome"":""SUCCEEDED"",""latencyMs"":2},{""itemType"":""flight"",""operation"":""RESERVE"",""outcome"":""SUCCEEDED"",""latencyMs"":3},{""itemType"":""hotel"",""operation"":""CONFIRM"",""outcome"":""SUCCEEDED"",""latencyMs"":3},{""itemType"":""flight"",""operation"":""CONFIRM"",""outcome"":""SUCCEEDED"",""latencyMs"":3}]",0,0,true,true,,2,0,0,LOW,35,PROCEED,,
20260924_215150_n6lu,E11-lock-contention,hot-row-c8,0,201,,a5271f3e-d734-4521-ba14-e93ef1b4783a,COMPLETED,,false,151.09,134,"[{""itemType"":""hotel"",""operation"":""RESERVE"",""outcome"":""SUCCEEDED"",""latencyMs"":4},{""itemType"":""flight"",""operation"":""RESERVE"",""outcome"":""SUCCEEDED"",""latencyMs"":6},{""itemType"":""hotel"",""operation"":""CONFIRM"",""outcome"":""SUCCEEDED"",""latencyMs"":11},{""itemType"":""flight"",""operation"":""CONFIRM"",""outcome"":""SUCCEEDED"",""latencyMs"":10}]",0,0,true,true,,2,0,0,LOW,20,PROCEED,,
20260924_215150_n6lu,E11-lock-contention,hot-row-c8,1,201,,e767d5ea-2ba5-401c-ae2d-64367acb5ae2,COMPLETED,,false,354.333,161,"[{""itemType"":""hotel"",""operation"":""RESERVE"",""outcome"":""SUCCEEDED"",""latencyMs"":7},{""itemType"":""flight"",""operation"":""RESERVE"",""outcome"":""SUCCEEDED"",""latencyMs"":7},{""itemType"":""hotel"",""operation"":""CONFIRM"",""outcome"":""SUCCEEDED"",""latencyMs"":10},{""itemType"":""flight"",""operation"":""CONFIRM"",""outcome"":""SUCCEEDED"",""latencyMs"":7}]",0,0,true,true,,2,0,0,LOW,20,PROCEED,,
20260924_215150_n6lu,E11-lock-contention,hot-row-c8,2,201,,0b8659c0-ba3d-4d45-91d4-0e358e597bec,COMPLETED,,false,446.93,63,"[{""itemType"":""hotel"",""operation"":""RESERVE"",""outcome"":""SUCCEEDED"",""latencyMs"":4},{""itemType"":""flight"",""operation"":""RESERVE"",""outcome"":""SUCCEEDED"",""latencyMs"":4},{""itemType"":""hotel"",""operation"":""CONFIRM"",""outcome"":""SUCCEEDED"",""latencyMs"":2},{""itemType"":""flight"",""operation"":""CONFIRM"",""outcome"":""SUCCEEDED"",""latencyMs"":2}]",0,0,true,true,,2,0,0,LOW,20,PROCEED,,
20260924_215150_n6lu,E11-lock-contention,hot-row-c8,3,201,,f8eb68d4-f723-45aa-9bef-fa0f78dad154,COMPLETED,,false,523.367,61,"[{""itemType"":""hotel"",""operation"":""RESERVE"",""outcome"":""SUCCEEDED"",""latencyMs"":4},{""itemType"":""flight"",""operation"":""RESERVE"",""outcome"":""SUCCEEDED"",""latencyMs"":4},{""itemType"":""hotel"",""operation"":""CONFIRM"",""outcome"":""SUCCEEDED"",""latencyMs"":3},{""itemType"":""flight"",""operation"":""CONFIRM"",""outcome"":""SUCCEEDED"",""latencyMs"":2}]",0,0,true,true,,2,0,0,LOW,20,PROCEED,,
20260924_215150_n6lu,E11-lock-contention,hot-row-c8,4,201,,4e4afdbd-9a3b-4bce-9fe6-4a12f8ed40dd,COMPLETED,,false,602.071,55,"[{""itemType"":""hotel"",""operation"":""RESERVE"",""outcome"":""SUCCEEDED"",""latencyMs"":2},{""itemType"":""flight"",""operation"":""RESERVE"",""outcome"":""SUCCEEDED"",""latencyMs"":2},{""itemType"":""hotel"",""operation"":""CONFIRM"",""outcome"":""SUCCEEDED"",""latencyMs"":3},{""itemType"":""flight"",""operation"":""CONFIRM"",""outcome"":""SUCCEEDED"",""latencyMs"":2}]",0,0,true,true,,2,0,0,LOW,20,PROCEED,,
20260924_215150_n6lu,E11-lock-contention,hot-row-c8,5,201,,0a7a9d82-92b2-47f4-8a36-beedb6c5e3ee,COMPLETED,,false,690.833,66,"[{""itemType"":""hotel"",""operation"":""RESERVE"",""outcome"":""SUCCEEDED"",""latencyMs"":5},{""itemType"":""flight"",""operation"":""RESERVE"",""outcome"":""SUCCEEDED"",""latencyMs"":5},{""itemType"":""hotel"",""operation"":""CONFIRM"",""outcome"":""SUCCEEDED"",""latencyMs"":3},{""itemType"":""flight"",""operation"":""CONFIRM"",""outcome"":""SUCCEEDED"",""latencyMs"":3}]",0,0,true,true,,2,0,0,LOW,20,PROCEED,,
20260924_215150_n6lu,E11-lock-contention,hot-row-c8,6,201,,3e3b3c15-5259-47f6-bd02-df405a9e9f4a,COMPLETED,,false,769.76,61,"[{""itemType"":""hotel"",""operation"":""RESERVE"",""outcome"":""SUCCEEDED"",""latencyMs"":2},{""itemType"":""flight"",""operation"":""RESERVE"",""outcome"":""SUCCEEDED"",""latencyMs"":2},{""itemType"":""hotel"",""operation"":""CONFIRM"",""outcome"":""SUCCEEDED"",""latencyMs"":3},{""itemType"":""flight"",""operation"":""CONFIRM"",""outcome"":""SUCCEEDED"",""latencyMs"":3}]",0,0,true,true,,2,0,0,LOW,20,PROCEED,,
20260924_215150_n6lu,E11-lock-contention,hot-row-c8,7,201,,fae6e645-d6b1-4860-85f2-a9ecbe52ec2c,COMPLETED,,false,869.078,78,"[{""itemType"":""hotel"",""operation"":""RESERVE"",""outcome"":""SUCCEEDED"",""latencyMs"":3},{""itemType"":""flight"",""operation"":""RESERVE"",""outcome"":""SUCCEEDED"",""latencyMs"":3},{""itemType"":""hotel"",""operation"":""CONFIRM"",""outcome"":""SUCCEEDED"",""latencyMs"":3},{""itemType"":""flight"",""operation"":""CONFIRM"",""outcome"":""SUCCEEDED"",""latencyMs"":6}]",0,0,true,true,,2,0,0,LOW,20,PROCEED,,
20260924_215150_n6lu,E11-lock-contention,hot-row-c8,8,201,,809b2d76-7c91-45c7-a324-4f0c1b7973dd,COMPLETED,,false,789.652,70,"[{""itemType"":""hotel"",""operation"":""RESERVE"",""outcome"":""SUCCEEDED"",""latencyMs"":3},{""itemType"":""flight"",""operation"":""RESERVE"",""outcome"":""SUCCEEDED"",""latencyMs"":4},{""itemType"":""hotel"",""operation"":""CONFIRM"",""outcome"":""SUCCEEDED"",""latencyMs"":4},{""itemType"":""flight"",""operation"":""CONFIRM"",""outcome"":""SUCCEEDED"",""latencyMs"":5}]",0,0,true,true,,2,0,0,LOW,20,PROCEED,,
20260924_215150_n6lu,E11-lock-contention,hot-row-c8,9,201,,f5ab9401-b939-47df-8c9a-66afc9237df5,COMPLETED,,false,671.008,68,"[{""itemType"":""hotel"",""operation"":""RESERVE"",""outcome"":""SUCCEEDED"",""latencyMs"":2},{""itemType"":""flight"",""operation"":""RESERVE"",""outcome"":""SUCCEEDED"",""latencyMs"":3},{""itemType"":""hotel"",""operation"":""CONFIRM"",""outcome"":""SUCCEEDED"",""latencyMs"":4},{""itemType"":""flight"",""operation"":""CONFIRM"",""outcome"":""SUCCEEDED"",""latencyMs"":5}]",0,0,true,true,,2,0,0,LOW,20,PROCEED,,
20260924_215150_n6lu,E11-lock-contention,hot-row-c8,10,201,,6ee0ce5e-c387-47ed-9a6e-118936a8f4d0,COMPLETED,,false,679.418,72,"[{""itemType"":""hotel"",""operation"":""RESERVE"",""outcome"":""SUCCEEDED"",""latencyMs"":4},{""itemType"":""flight"",""operation"":""RESERVE"",""outcome"":""SUCCEEDED"",""latencyMs"":4},{""itemType"":""hotel"",""operation"":""CONFIRM"",""outcome"":""SUCCEEDED"",""latencyMs"":3},{""itemType"":""flight"",""operation"":""CONFIRM"",""outcome"":""SUCCEEDED"",""latencyMs"":2}]",0,0,true,true,,2,0,0,LOW,20,PROCEED,,
20260924_215150_n6lu,E11-lock-contention,hot-row-c8,11,201,,408ac3e7-daa0-4ced-a121-b7a5d1b2c02d,COMPLETED,,false,695.175,73,"[{""itemType"":""hotel"",""operation"":""RESERVE"",""outcome"":""SUCCEEDED"",""latencyMs"":2},{""itemType"":""flight"",""operation"":""RESERVE"",""outcome"":""SUCCEEDED"",""latencyMs"":5},{""itemType"":""hotel"",""operation"":""CONFIRM"",""outcome"":""SUCCEEDED"",""latencyMs"":2},{""itemType"":""flight"",""operation"":""CONFIRM"",""outcome"":""SUCCEEDED"",""latencyMs"":3}]",0,0,true,true,,2,0,0,LOW,20,PROCEED,,
20260924_215150_n6lu,E11-lock-contention,hot-row-c8,12,201,,ffdaaecd-ecdd-44f8-8049-a01f3933168b,COMPLETED,,false,696.606,69,"[{""itemType"":""hotel"",""operation"":""RESERVE"",""outcome"":""SUCCEEDED"",""latencyMs"":3},{""itemType"":""flight"",""operation"":""RESERVE"",""outcome"":""SUCCEEDED"",""latencyMs"":4},{""itemType"":""hotel"",""operation"":""CONFIRM"",""outcome"":""SUCCEEDED"",""latencyMs"":2},{""itemType"":""flight"",""operation"":""CONFIRM"",""outcome"":""SUCCEEDED"",""latencyMs"":3}]",0,0,true,true,,2,0,0,LOW,20,PROCEED,,
20260924_215150_n6lu,E11-lock-contention,hot-row-c8,13,201,,dc368d4c-4fcc-4fec-bc4c-b10dd79b2eb9,COMPLETED,,false,698.444,65,"[{""itemType"":""hotel"",""operation"":""RESERVE"",""outcome"":""SUCCEEDED"",""latencyMs"":3},{""itemType"":""flight"",""operation"":""RESERVE"",""outcome"":""SUCCEEDED"",""latencyMs"":4},{""itemType"":""hotel"",""operation"":""CONFIRM"",""outcome"":""SUCCEEDED"",""latencyMs"":3},{""itemType"":""flight"",""operation"":""CONFIRM"",""outcome"":""SUCCEEDED"",""latencyMs"":2}]",0,0,true,true,,2,0,0,LOW,20,PROCEED,,
20260924_215150_n6lu,E11-lock-contention,hot-row-c8,14,201,,dd0c9a63-af65-4319-9f88-57b9ea6b6da4,COMPLETED,,false,721.196,80,"[{""itemType"":""hotel"",""operation"":""RESERVE"",""outcome"":""SUCCEEDED"",""latencyMs"":4},{""itemType"":""flight"",""operation"":""RESERVE"",""outcome"":""SUCCEEDED"",""latencyMs"":4},{""itemType"":""hotel"",""operation"":""CONFIRM"",""outcome"":""SUCCEEDED"",""latencyMs"":3},{""itemType"":""flight"",""operation"":""CONFIRM"",""outcome"":""SUCCEEDED"",""latencyMs"":3}]",0,0,true,true,,2,0,0,LOW,20,PROCEED,,
20260924_215150_n6lu,E11-lock-contention,hot-row-c8,15,201,,aec0e487-7d60-4a4c-ba8c-920a627a54a8,COMPLETED,,false,781.675,135,"[{""itemType"":""hotel"",""operation"":""RESERVE"",""outcome"":""SUCCEEDED"",""latencyMs"":8},{""itemType"":""flight"",""operation"":""RESERVE"",""outcome"":""SUCCEEDED"",""latencyMs"":7},{""itemType"":""hotel"",""operation"":""CONFIRM"",""outcome"":""SUCCEEDED"",""latencyMs"":4},{""itemType"":""flight"",""operation"":""CONFIRM"",""outcome"":""SUCCEEDED"",""latencyMs"":2}]",0,0,true,true,,2,0,0,LOW,20,PROCEED,,
20260924_215150_n6lu,E11-lock-contention,hot-row-c8,16,201,,bce41ed5-f289-4d1c-899d-cfa044e5bb07,COMPLETED,,false,856.435,125,"[{""itemType"":""hotel"",""operation"":""RESERVE"",""outcome"":""SUCCEEDED"",""latencyMs"":14},{""itemType"":""flight"",""operation"":""RESERVE"",""outcome"":""SUCCEEDED"",""latencyMs"":6},{""itemType"":""hotel"",""operation"":""CONFIRM"",""outcome"":""SUCCEEDED"",""latencyMs"":3},{""itemType"":""flight"",""operation"":""CONFIRM"",""outcome"":""SUCCEEDED"",""latencyMs"":3}]",0,0,true,true,,2,0,0,LOW,20,PROCEED,,
20260924_215150_n6lu,E11-lock-contention,hot-row-c8,17,201,,b29fa943-3675-44a1-aca0-a76d735bd99b,COMPLETED,,false,855.774,66,"[{""itemType"":""hotel"",""operation"":""RESERVE"",""outcome"":""SUCCEEDED"",""latencyMs"":3},{""itemType"":""flight"",""operation"":""RESERVE"",""outcome"":""SUCCEEDED"",""latencyMs"":4},{""itemType"":""hotel"",""operation"":""CONFIRM"",""outcome"":""SUCCEEDED"",""latencyMs"":4},{""itemType"":""flight"",""operation"":""CONFIRM"",""outcome"":""SUCCEEDED"",""latencyMs"":2}]",0,0,true,true,,2,0,0,LOW,20,PROCEED,,
20260924_215150_n6lu,E11-lock-contention,hot-row-c8,18,201,,7ff2b1a7-f4db-45ea-b5a2-8d3e9dcd101d,COMPLETED,,false,869.017,83,"[{""itemType"":""hotel"",""operation"":""RESERVE"",""outcome"":""SUCCEEDED"",""latencyMs"":3},{""itemType"":""flight"",""operation"":""RESERVE"",""outcome"":""SUCCEEDED"",""latencyMs"":5},{""itemType"":""hotel"",""operation"":""CONFIRM"",""outcome"":""SUCCEEDED"",""latencyMs"":4},{""itemType"":""flight"",""operation"":""CONFIRM"",""outcome"":""SUCCEEDED"",""latencyMs"":3}]",0,0,true,true,,2,0,0,LOW,20,PROCEED,,
20260924_215150_n6lu,E11-lock-contention,hot-row-c8,19,201,,3ca16d8a-c99e-4ea6-a075-929b71d9c72b,COMPLETED,,false,864.134,69,"[{""itemType"":""hotel"",""operation"":""RESERVE"",""outcome"":""SUCCEEDED"",""latencyMs"":3},{""itemType"":""flight"",""operation"":""RESERVE"",""outcome"":""SUCCEEDED"",""latencyMs"":6},{""itemType"":""hotel"",""operation"":""CONFIRM"",""outcome"":""SUCCEEDED"",""latencyMs"":3},{""itemType"":""flight"",""operation"":""CONFIRM"",""outcome"":""SUCCEEDED"",""latencyMs"":3}]",0,0,true,true,,2,0,0,LOW,20,PROCEED,,
20260924_215150_n6lu,E11-lock-contention,hot-row-c8,20,201,,1cc94ede-3751-4f05-8869-b4a7c90031e4,COMPLETED,,false,880.949,77,"[{""itemType"":""hotel"",""operation"":""RESERVE"",""outcome"":""SUCCEEDED"",""latencyMs"":4},{""itemType"":""flight"",""operation"":""RESERVE"",""outcome"":""SUCCEEDED"",""latencyMs"":3},{""itemType"":""hotel"",""operation"":""CONFIRM"",""outcome"":""SUCCEEDED"",""latencyMs"":5},{""itemType"":""flight"",""operation"":""CONFIRM"",""outcome"":""SUCCEEDED"",""latencyMs"":5}]",0,0,true,true,,2,0,0,LOW,20,PROCEED,,
20260924_215150_n6lu,E11-lock-contention,hot-row-c8,21,201,,65a13c72-9a35-478e-9ce9-5ee25396e530,COMPLETED,,false,909.965,94,"[{""itemType"":""hotel"",""operation"":""RESERVE"",""outcome"":""SUCCEEDED"",""latencyMs"":4},{""itemType"":""flight"",""operation"":""RESERVE"",""outcome"":""SUCCEEDED"",""latencyMs"":2},{""itemType"":""hotel"",""operation"":""CONFIRM"",""outcome"":""SUCCEEDED"",""latencyMs"":6},{""itemType"":""flight"",""operation"":""CONFIRM"",""outcome"":""SUCCEEDED"",""latencyMs"":4}]",0,0,true,true,,2,0,0,LOW,20,PROCEED,,
20260924_215150_n6lu,E11-lock-contention,hot-row-c8,22,201,,c899b8eb-3a67-4c2e-9551-9b8763fa412d,COMPLETED,,false,897.106,70,"[{""itemType"":""hotel"",""operation"":""RESERVE"",""outcome"":""SUCCEEDED"",""latencyMs"":2},{""itemType"":""flight"",""operation"":""RESERVE"",""outcome"":""SUCCEEDED"",""latencyMs"":4},{""itemType"":""hotel"",""operation"":""CONFIRM"",""outcome"":""SUCCEEDED"",""latencyMs"":4},{""itemType"":""flight"",""operation"":""CONFIRM"",""outcome"":""SUCCEEDED"",""latencyMs"":5}]",0,0,true,true,,2,0,0,LOW,20,PROCEED,,
20260924_215150_n6lu,E11-lock-contention,hot-row-c8,23,201,,f8dfaafc-ef86-43bc-b277-26b7e3652d33,COMPLETED,,false,856.638,107,"[{""itemType"":""hotel"",""operation"":""RESERVE"",""outcome"":""SUCCEEDED"",""latencyMs"":3},{""itemType"":""flight"",""operation"":""RESERVE"",""outcome"":""SUCCEEDED"",""latencyMs"":5},{""itemType"":""hotel"",""operation"":""CONFIRM"",""outcome"":""SUCCEEDED"",""latencyMs"":3},{""itemType"":""flight"",""operation"":""CONFIRM"",""outcome"":""SUCCEEDED"",""latencyMs"":5}]",0,0,true,true,,2,0,0,LOW,20,PROCEED,,
20260924_215150_n6lu,E11-lock-contention,hot-row-c8,24,201,,0b86e169-86a1-411d-9444-320c58ea1e2b,COMPLETED,,false,857.982,121,"[{""itemType"":""hotel"",""operation"":""RESERVE"",""outcome"":""SUCCEEDED"",""latencyMs"":8},{""itemType"":""flight"",""operation"":""RESERVE"",""outcome"":""SUCCEEDED"",""latencyMs"":5},{""itemType"":""hotel"",""operation"":""CONFIRM"",""outcome"":""SUCCEEDED"",""latencyMs"":3},{""itemType"":""flight"",""operation"":""CONFIRM"",""outcome"":""SUCCEEDED"",""latencyMs"":3}]",0,0,true,true,,2,0,0,LOW,20,PROCEED,,
20260924_215150_n6lu,E11-lock-contention,hot-row-c8,25,201,,0d5b4b86-0a1c-447f-89e1-294c5f894ed7,COMPLETED,,false,857.958,67,"[{""itemType"":""hotel"",""operation"":""RESERVE"",""outcome"":""SUCCEEDED"",""latencyMs"":3},{""itemType"":""flight"",""operation"":""RESERVE"",""outcome"":""SUCCEEDED"",""latencyMs"":3},{""itemType"":""hotel"",""operation"":""CONFIRM"",""outcome"":""SUCCEEDED"",""latencyMs"":3},{""itemType"":""flight"",""operation"":""CONFIRM"",""outcome"":""SUCCEEDED"",""latencyMs"":5}]",0,0,true,true,,2,0,0,LOW,20,PROCEED,,
20260924_215150_n6lu,E11-lock-contention,hot-row-c8,26,201,,aae5a486-f8ad-4c01-9d7b-076cd349b36c,COMPLETED,,false,876.997,91,"[{""itemType"":""hotel"",""operation"":""RESERVE"",""outcome"":""SUCCEEDED"",""latencyMs"":5},{""itemType"":""flight"",""operation"":""RESERVE"",""outcome"":""SUCCEEDED"",""latencyMs"":3},{""itemType"":""hotel"",""operation"":""CONFIRM"",""outcome"":""SUCCEEDED"",""latencyMs"":3},{""itemType"":""flight"",""operation"":""CONFIRM"",""outcome"":""SUCCEEDED"",""latencyMs"":4}]",0,0,true,true,,2,0,0,LOW,20,PROCEED,,
20260924_215150_n6lu,E11-lock-contention,hot-row-c8,27,201,,444079a1-04b0-474f-939f-72e0ade0d88d,COMPLETED,,false,906.342,98,"[{""itemType"":""hotel"",""operation"":""RESERVE"",""outcome"":""SUCCEEDED"",""latencyMs"":4},{""itemType"":""flight"",""operation"":""RESERVE"",""outcome"":""SUCCEEDED"",""latencyMs"":4},{""itemType"":""hotel"",""operation"":""CONFIRM"",""outcome"":""SUCCEEDED"",""latencyMs"":7},{""itemType"":""flight"",""operation"":""CONFIRM"",""outcome"":""SUCCEEDED"",""latencyMs"":9}]",0,0,true,true,,2,0,0,LOW,20,PROCEED,,
20260924_215150_n6lu,E11-lock-contention,hot-row-c8,28,201,,9a6ad660-09f0-4945-a68e-1ecc3a49a947,COMPLETED,,false,928.045,97,"[{""itemType"":""hotel"",""operation"":""RESERVE"",""outcome"":""SUCCEEDED"",""latencyMs"":6},{""itemType"":""flight"",""operation"":""RESERVE"",""outcome"":""SUCCEEDED"",""latencyMs"":4},{""itemType"":""hotel"",""operation"":""CONFIRM"",""outcome"":""SUCCEEDED"",""latencyMs"":7},{""itemType"":""flight"",""operation"":""CONFIRM"",""outcome"":""SUCCEEDED"",""latencyMs"":4}]",0,0,true,true,,2,0,0,LOW,20,PROCEED,,
20260924_215150_n6lu,E11-lock-contention,hot-row-c8,29,201,,5ba22508-d11a-4899-91a4-85466e64aeeb,COMPLETED,,false,934.184,92,"[{""itemType"":""hotel"",""operation"":""RESERVE"",""outcome"":""SUCCEEDED"",""latencyMs"":6},{""itemType"":""flight"",""operation"":""RESERVE"",""outcome"":""SUCCEEDED"",""latencyMs"":3},{""itemType"":""hotel"",""operation"":""CONFIRM"",""outcome"":""SUCCEEDED"",""latencyMs"":4},{""itemType"":""flight"",""operation"":""CONFIRM"",""outcome"":""SUCCEEDED"",""latencyMs"":4}]",0,0,true,true,,2,0,0,LOW,20,PROCEED,,
20260924_215150_n6lu,E11-lock-contention,hot-row-c8,30,201,,4fe4db7d-7baf-46a1-bed0-937c8fc3f27d,COMPLETED,,false,946.881,88,"[{""itemType"":""hotel"",""operation"":""RESERVE"",""outcome"":""SUCCEEDED"",""latencyMs"":3},{""itemType"":""flight"",""operation"":""RESERVE"",""outcome"":""SUCCEEDED"",""latencyMs"":4},{""itemType"":""hotel"",""operation"":""CONFIRM"",""outcome"":""SUCCEEDED"",""latencyMs"":4},{""itemType"":""flight"",""operation"":""CONFIRM"",""outcome"":""SUCCEEDED"",""latencyMs"":4}]",0,0,true,true,,2,0,0,LOW,20,PROCEED,,
20260924_215150_n6lu,E11-lock-contention,hot-row-c8,31,201,,3c1114ef-d10b-418d-b435-87caab25d1ec,COMPLETED,,false,929.877,92,"[{""itemType"":""hotel"",""operation"":""RESERVE"",""outcome"":""SUCCEEDED"",""latencyMs"":4},{""itemType"":""flight"",""operation"":""RESERVE"",""outcome"":""SUCCEEDED"",""latencyMs"":4},{""itemType"":""hotel"",""operation"":""CONFIRM"",""outcome"":""SUCCEEDED"",""latencyMs"":3},{""itemType"":""flight"",""operation"":""CONFIRM"",""outcome"":""SUCCEEDED"",""latencyMs"":3}]",0,0,true,true,,2,0,0,LOW,35,PROCEED,,
20260924_215150_n6lu,E11-lock-contention,hot-row-c16,0,201,,5829c932-f47e-4db3-8494-086bd02b1a23,COMPLETED,,false,179.909,164,"[{""itemType"":""hotel"",""operation"":""RESERVE"",""outcome"":""SUCCEEDED"",""latencyMs"":6},{""itemType"":""flight"",""operation"":""RESERVE"",""outcome"":""SUCCEEDED"",""latencyMs"":7},{""itemType"":""hotel"",""operation"":""CONFIRM"",""outcome"":""SUCCEEDED"",""latencyMs"":8},{""itemType"":""flight"",""operation"":""CONFIRM"",""outcome"":""SUCCEEDED"",""latencyMs"":5}]",0,0,true,true,,2,0,0,LOW,20,PROCEED,,
20260924_215150_n6lu,E11-lock-contention,hot-row-c16,1,201,,fc4ed332-09fb-4ae1-805c-7e6c8ff7a8cd,COMPLETED,,false,286.229,75,"[{""itemType"":""hotel"",""operation"":""RESERVE"",""outcome"":""SUCCEEDED"",""latencyMs"":3},{""itemType"":""flight"",""operation"":""RESERVE"",""outcome"":""SUCCEEDED"",""latencyMs"":3},{""itemType"":""hotel"",""operation"":""CONFIRM"",""outcome"":""SUCCEEDED"",""latencyMs"":4},{""itemType"":""flight"",""operation"":""CONFIRM"",""outcome"":""SUCCEEDED"",""latencyMs"":3}]",0,0,true,true,,2,0,0,LOW,20,PROCEED,,
20260924_215150_n6lu,E11-lock-contention,hot-row-c16,2,201,,84b83bd7-f3f9-4137-91d3-73ce7d1b4540,COMPLETED,,false,523.547,177,"[{""itemType"":""hotel"",""operation"":""RESERVE"",""outcome"":""SUCCEEDED"",""latencyMs"":10},{""itemType"":""flight"",""operation"":""RESERVE"",""outcome"":""SUCCEEDED"",""latencyMs"":7},{""itemType"":""hotel"",""operation"":""CONFIRM"",""outcome"":""SUCCEEDED"",""latencyMs"":7},{""itemType"":""flight"",""operation"":""CONFIRM"",""outcome"":""SUCCEEDED"",""latencyMs"":4}]",0,0,true,true,,2,0,0,LOW,20,PROCEED,,
20260924_215150_n6lu,E11-lock-contention,hot-row-c16,3,201,,1b068fe5-8983-4c07-b87d-d4fda19b8077,COMPLETED,,false,666.36,121,"[{""itemType"":""hotel"",""operation"":""RESERVE"",""outcome"":""SUCCEEDED"",""latencyMs"":7},{""itemType"":""flight"",""operation"":""RESERVE"",""outcome"":""SUCCEEDED"",""latencyMs"":3},{""itemType"":""hotel"",""operation"":""CONFIRM"",""outcome"":""SUCCEEDED"",""latencyMs"":7},{""itemType"":""flight"",""operation"":""CONFIRM"",""outcome"":""SUCCEEDED"",""latencyMs"":9}]",0,0,true,true,,2,0,0,LOW,20,PROCEED,,
20260924_215150_n6lu,E11-lock-contention,hot-row-c16,4,201,,03a2cc9d-5d47-4f3d-b678-c4ea799dfaff,COMPLETED,,false,786.62,93,"[{""itemType"":""hotel"",""operation"":""RESERVE"",""outcome"":""SUCCEEDED"",""latencyMs"":8},{""itemType"":""flight"",""operation"":""RESERVE"",""outcome"":""SUCCEEDED"",""latencyMs"":3},{""itemType"":""hotel"",""operation"":""CONFIRM"",""outcome"":""SUCCEEDED"",""latencyMs"":5},{""itemType"":""flight"",""operation"":""CONFIRM"",""outcome"":""SUCCEEDED"",""latencyMs"":3}]",0,0,true,true,,2,0,0,LOW,20,PROCEED,,
20260924_215150_n6lu,E11-lock-contention,hot-row-c16,5,201,,c017c076-8ff1-40de-8b02-3ac5653de989,COMPLETED,,false,909.78,89,"[{""itemType"":""hotel"",""operation"":""RESERVE"",""outcome"":""SUCCEEDED"",""latencyMs"":7},{""itemType"":""flight"",""operation"":""RESERVE"",""outcome"":""SUCCEEDED"",""latencyMs"":4},{""itemType"":""hotel"",""operation"":""CONFIRM"",""outcome"":""SUCCEEDED"",""latencyMs"":5},{""itemType"":""flight"",""operation"":""CONFIRM"",""outcome"":""SUCCEEDED"",""latencyMs"":5}]",0,0,true,true,,2,0,0,LOW,20,PROCEED,,
20260924_215150_n6lu,E11-lock-contention,hot-row-c16,6,201,,e3319915-2308-4bdd-818f-2260a07aa040,COMPLETED,,false,1076.668,137,"[{""itemType"":""hotel"",""operation"":""RESERVE"",""outcome"":""SUCCEEDED"",""latencyMs"":3},{""itemType"":""flight"",""operation"":""RESERVE"",""outcome"":""SUCCEEDED"",""latencyMs"":6},{""itemType"":""hotel"",""operation"":""CONFIRM"",""outcome"":""SUCCEEDED"",""latencyMs"":3},{""itemType"":""flight"",""operation"":""CONFIRM"",""outcome"":""SUCCEEDED"",""latencyMs"":5}]",0,0,true,true,,2,0,0,LOW,20,PROCEED,,
20260924_215150_n6lu,E11-lock-contention,hot-row-c16,7,201,,14b3ac2e-4dfd-454b-b3a5-8eb9a9e534e7,COMPLETED,,false,1164.22,69,"[{""itemType"":""hotel"",""operation"":""RESERVE"",""outcome"":""SUCCEEDED"",""latencyMs"":3},{""itemType"":""flight"",""operation"":""RESERVE"",""outcome"":""SUCCEEDED"",""latencyMs"":6},{""itemType"":""hotel"",""operation"":""CONFIRM"",""outcome"":""SUCCEEDED"",""latencyMs"":2},{""itemType"":""flight"",""operation"":""CONFIRM"",""outcome"":""SUCCEEDED"",""latencyMs"":3}]",0,0,true,true,,2,0,0,LOW,20,PROCEED,,
20260924_215150_n6lu,E11-lock-contention,hot-row-c16,8,201,,3ebbbabc-c0d4-4d6c-ba28-865f24605fa0,COMPLETED,,false,1302.584,110,"[{""itemType"":""hotel"",""operation"":""RESERVE"",""outcome"":""SUCCEEDED"",""latencyMs"":5},{""itemType"":""flight"",""operation"":""RESERVE"",""outcome"":""SUCCEEDED"",""latencyMs"":8},{""itemType"":""hotel"",""operation"":""CONFIRM"",""outcome"":""SUCCEEDED"",""latencyMs"":5},{""itemType"":""flight"",""operation"":""CONFIRM"",""outcome"":""SUCCEEDED"",""latencyMs"":5}]",0,0,true,true,,2,0,0,LOW,20,PROCEED,,
20260924_215150_n6lu,E11-lock-contention,hot-row-c16,9,201,,32457eed-737c-49bc-8c8e-85e932da4174,COMPLETED,,false,1403.768,79,"[{""itemType"":""hotel"",""operation"":""RESERVE"",""outcome"":""SUCCEEDED"",""latencyMs"":4},{""itemType"":""flight"",""operation"":""RESERVE"",""outcome"":""SUCCEEDED"",""latencyMs"":3},{""itemType"":""hotel"",""operation"":""CONFIRM"",""outcome"":""SUCCEEDED"",""latencyMs"":3},{""itemType"":""flight"",""operation"":""CONFIRM"",""outcome"":""SUCCEEDED"",""latencyMs"":3}]",0,0,true,true,,2,0,0,LOW,20,PROCEED,,
20260924_215150_n6lu,E11-lock-contention,hot-row-c16,10,201,,3cf34f56-bd77-434d-9810-70cfe4343bc2,COMPLETED,,false,1502.332,80,"[{""itemType"":""hotel"",""operation"":""RESERVE"",""outcome"":""SUCCEEDED"",""latencyMs"":3},{""itemType"":""flight"",""operation"":""RESERVE"",""outcome"":""SUCCEEDED"",""latencyMs"":4},{""itemType"":""hotel"",""operation"":""CONFIRM"",""outcome"":""SUCCEEDED"",""latencyMs"":3},{""itemType"":""flight"",""operation"":""CONFIRM"",""outcome"":""SUCCEEDED"",""latencyMs"":4}]",0,0,true,true,,2,0,0,LOW,20,PROCEED,,
20260924_215150_n6lu,E11-lock-contention,hot-row-c16,11,201,,250d09b7-8555-4224-aa51-24d987c0613b,COMPLETED,,false,1607.383,86,"[{""itemType"":""hotel"",""operation"":""RESERVE"",""outcome"":""SUCCEEDED"",""latencyMs"":5},{""itemType"":""flight"",""operation"":""RESERVE"",""outcome"":""SUCCEEDED"",""latencyMs"":5},{""itemType"":""hotel"",""operation"":""CONFIRM"",""outcome"":""SUCCEEDED"",""latencyMs"":2},{""itemType"":""flight"",""operation"":""CONFIRM"",""outcome"":""SUCCEEDED"",""latencyMs"":2}]",0,0,true,true,,2,0,0,LOW,20,PROCEED,,
20260924_215150_n6lu,E11-lock-contention,hot-row-c16,12,201,,df217531-aa78-4dbd-8ba0-9d73d3e400e1,COMPLETED,,false,1706.089,78,"[{""itemType"":""hotel"",""operation"":""RESERVE"",""outcome"":""SUCCEEDED"",""latencyMs"":3},{""itemType"":""flight"",""operation"":""RESERVE"",""outcome"":""SUCCEEDED"",""latencyMs"":4},{""itemType"":""hotel"",""operation"":""CONFIRM"",""outcome"":""SUCCEEDED"",""latencyMs"":3},{""itemType"":""flight"",""operation"":""CONFIRM"",""outcome"":""SUCCEEDED"",""latencyMs"":5}]",0,0,true,true,,2,0,0,LOW,20,PROCEED,,
20260924_215150_n6lu,E11-lock-contention,hot-row-c16,13,201,,461ef286-7939-4c0b-9f74-39d9a3edddc5,COMPLETED,,false,1798.954,75,"[{""itemType"":""hotel"",""operation"":""RESERVE"",""outcome"":""SUCCEEDED"",""latencyMs"":3},{""itemType"":""flight"",""operation"":""RESERVE"",""outcome"":""SUCCEEDED"",""latencyMs"":2},{""itemType"":""hotel"",""operation"":""CONFIRM"",""outcome"":""SUCCEEDED"",""latencyMs"":3},{""itemType"":""flight"",""operation"":""CONFIRM"",""outcome"":""SUCCEEDED"",""latencyMs"":3}]",0,0,true,true,,2,0,0,LOW,20,PROCEED,,
20260924_215150_n6lu,E11-lock-contention,hot-row-c16,14,201,,e265c34f-2e31-427d-8f37-00acec381b7d,COMPLETED,,false,1913.695,91,"[{""itemType"":""hotel"",""operation"":""RESERVE"",""outcome"":""SUCCEEDED"",""latencyMs"":3},{""itemType"":""flight"",""operation"":""RESERVE"",""outcome"":""SUCCEEDED"",""latencyMs"":3},{""itemType"":""hotel"",""operation"":""CONFIRM"",""outcome"":""SUCCEEDED"",""latencyMs"":11},{""itemType"":""flight"",""operation"":""CONFIRM"",""outcome"":""SUCCEEDED"",""latencyMs"":8}]",0,0,true,true,,2,0,0,LOW,20,PROCEED,,
20260924_215150_n6lu,E11-lock-contention,hot-row-c16,15,201,,b9b1ca2f-f709-44af-a5a4-2b8a1e4edfaa,COMPLETED,,false,2044.958,107,"[{""itemType"":""hotel"",""operation"":""RESERVE"",""outcome"":""SUCCEEDED"",""latencyMs"":6},{""itemType"":""flight"",""operation"":""RESERVE"",""outcome"":""SUCCEEDED"",""latencyMs"":6},{""itemType"":""hotel"",""operation"":""CONFIRM"",""outcome"":""SUCCEEDED"",""latencyMs"":7},{""itemType"":""flight"",""operation"":""CONFIRM"",""outcome"":""SUCCEEDED"",""latencyMs"":4}]",0,0,true,true,,2,0,0,LOW,20,PROCEED,,
20260924_215150_n6lu,E11-lock-contention,hot-row-c16,16,201,,450603fc-154b-49d1-bc59-dee176174da2,COMPLETED,,false,1956.66,81,"[{""itemType"":""hotel"",""operation"":""RESERVE"",""outcome"":""SUCCEEDED"",""latencyMs"":3},{""itemType"":""flight"",""operation"":""RESERVE"",""outcome"":""SUCCEEDED"",""latencyMs"":2},{""itemType"":""hotel"",""operation"":""CONFIRM"",""outcome"":""SUCCEEDED"",""latencyMs"":3},{""itemType"":""flight"",""operation"":""CONFIRM"",""outcome"":""SUCCEEDED"",""latencyMs"":2}]",0,0,true,true,,2,0,0,LOW,20,PROCEED,,
20260924_215150_n6lu,E11-lock-contention,hot-row-c16,17,201,,31affee8-4ac1-4a4a-a965-c6ec7153e0e3,COMPLETED,,false,1930.888,89,"[{""itemType"":""hotel"",""operation"":""RESERVE"",""outcome"":""SUCCEEDED"",""latencyMs"":2},{""itemType"":""flight"",""operation"":""RESERVE"",""outcome"":""SUCCEEDED"",""latencyMs"":4},{""itemType"":""hotel"",""operation"":""CONFIRM"",""outcome"":""SUCCEEDED"",""latencyMs"":3},{""itemType"":""flight"",""operation"":""CONFIRM"",""outcome"":""SUCCEEDED"",""latencyMs"":3}]",0,0,true,true,,2,0,0,LOW,20,PROCEED,,
20260924_215150_n6lu,E11-lock-contention,hot-row-c16,18,201,,0de007fe-8c16-44b5-b416-1aa8df22e977,COMPLETED,,false,1837.863,99,"[{""itemType"":""hotel"",""operation"":""RESERVE"",""outcome"":""SUCCEEDED"",""latencyMs"":4},{""itemType"":""flight"",""operation"":""RESERVE"",""outcome"":""SUCCEEDED"",""latencyMs"":7},{""itemType"":""hotel"",""operation"":""CONFIRM"",""outcome"":""SUCCEEDED"",""latencyMs"":5},{""itemType"":""flight"",""operation"":""CONFIRM"",""outcome"":""SUCCEEDED"",""latencyMs"":8}]",0,0,true,true,,2,0,0,LOW,20,PROCEED,,
20260924_215150_n6lu,E11-lock-contention,hot-row-c16,19,201,,c1c6518f-d65f-4c49-9734-b661404f2fb6,COMPLETED,,false,1874.671,155,"[{""itemType"":""hotel"",""operation"":""RESERVE"",""outcome"":""SUCCEEDED"",""latencyMs"":13},{""itemType"":""flight"",""operation"":""RESERVE"",""outcome"":""SUCCEEDED"",""latencyMs"":3},{""itemType"":""hotel"",""operation"":""CONFIRM"",""outcome"":""SUCCEEDED"",""latencyMs"":10},{""itemType"":""flight"",""operation"":""CONFIRM"",""outcome"":""SUCCEEDED"",""latencyMs"":3}]",0,0,true,true,,2,0,0,LOW,20,PROCEED,,
20260924_215150_n6lu,E11-lock-contention,hot-row-c16,20,201,,ddc0d62a-3479-4af2-a24c-dd5bbf632dae,COMPLETED,,false,1906.667,134,"[{""itemType"":""hotel"",""operation"":""RESERVE"",""outcome"":""SUCCEEDED"",""latencyMs"":11},{""itemType"":""flight"",""operation"":""RESERVE"",""outcome"":""SUCCEEDED"",""latencyMs"":5},{""itemType"":""hotel"",""operation"":""CONFIRM"",""outcome"":""SUCCEEDED"",""latencyMs"":6},{""itemType"":""flight"",""operation"":""CONFIRM"",""outcome"":""SUCCEEDED"",""latencyMs"":6}]",0,0,true,true,,2,0,0,LOW,20,PROCEED,,
20260924_215150_n6lu,E11-lock-contention,hot-row-c16,21,201,,820721a4-2448-4ddb-9acd-f96e86a3162c,COMPLETED,,false,1943.035,138,"[{""itemType"":""hotel"",""operation"":""RESERVE"",""outcome"":""SUCCEEDED"",""latencyMs"":7},{""itemType"":""flight"",""operation"":""RESERVE"",""outcome"":""SUCCEEDED"",""latencyMs"":5},{""itemType"":""hotel"",""operation"":""CONFIRM"",""outcome"":""SUCCEEDED"",""latencyMs"":12},{""itemType"":""flight"",""operation"":""CONFIRM"",""outcome"":""SUCCEEDED"",""latencyMs"":7}]",0,0,true,true,,2,0,0,LOW,20,PROCEED,,
20260924_215150_n6lu,E11-lock-contention,hot-row-c16,22,201,,d004a1cf-a7d5-4958-b020-d52d2d6803f1,COMPLETED,,false,1878.531,73,"[{""itemType"":""hotel"",""operation"":""RESERVE"",""outcome"":""SUCCEEDED"",""latencyMs"":4},{""itemType"":""flight"",""operation"":""RESERVE"",""outcome"":""SUCCEEDED"",""latencyMs"":4},{""itemType"":""hotel"",""operation"":""CONFIRM"",""outcome"":""SUCCEEDED"",""latencyMs"":3},{""itemType"":""flight"",""operation"":""CONFIRM"",""outcome"":""SUCCEEDED"",""latencyMs"":2}]",0,0,true,true,,2,0,0,LOW,20,PROCEED,,
20260924_215150_n6lu,E11-lock-contention,hot-row-c16,23,201,,cef41f58-cab2-492a-a27a-aabbe0405995,COMPLETED,,false,1940.623,123,"[{""itemType"":""hotel"",""operation"":""RESERVE"",""outcome"":""SUCCEEDED"",""latencyMs"":3},{""itemType"":""flight"",""operation"":""RESERVE"",""outcome"":""SUCCEEDED"",""latencyMs"":14},{""itemType"":""hotel"",""operation"":""CONFIRM"",""outcome"":""SUCCEEDED"",""latencyMs"":4},{""itemType"":""flight"",""operation"":""CONFIRM"",""outcome"":""SUCCEEDED"",""latencyMs"":6}]",0,0,true,true,,2,0,0,LOW,20,PROCEED,,
20260924_215150_n6lu,E11-lock-contention,hot-row-c16,24,201,,d4b4492a-fc54-4b55-bc83-f0a59fd5a911,COMPLETED,,false,1919.079,94,"[{""itemType"":""hotel"",""operation"":""RESERVE"",""outcome"":""SUCCEEDED"",""latencyMs"":6},{""itemType"":""flight"",""operation"":""RESERVE"",""outcome"":""SUCCEEDED"",""latencyMs"":6},{""itemType"":""hotel"",""operation"":""CONFIRM"",""outcome"":""SUCCEEDED"",""latencyMs"":4},{""itemType"":""flight"",""operation"":""CONFIRM"",""outcome"":""SUCCEEDED"",""latencyMs"":4}]",0,0,true,true,,2,0,0,LOW,20,PROCEED,,
20260924_215150_n6lu,E11-lock-contention,hot-row-c16,25,201,,b77ba18b-5887-4808-aabc-949a2b91cdaf,COMPLETED,,false,1987.52,120,"[{""itemType"":""hotel"",""operation"":""RESERVE"",""outcome"":""SUCCEEDED"",""latencyMs"":3},{""itemType"":""flight"",""operation"":""RESERVE"",""outcome"":""SUCCEEDED"",""latencyMs"":6},{""itemType"":""hotel"",""operation"":""CONFIRM"",""outcome"":""SUCCEEDED"",""latencyMs"":9},{""itemType"":""flight"",""operation"":""CONFIRM"",""outcome"":""SUCCEEDED"",""latencyMs"":13}]",0,0,true,true,,2,0,0,LOW,20,PROCEED,,
20260924_215150_n6lu,E11-lock-contention,hot-row-c16,26,201,,ba37bd3a-e5e4-41a8-a7b6-666d028134bd,COMPLETED,,false,2063.196,133,"[{""itemType"":""hotel"",""operation"":""RESERVE"",""outcome"":""SUCCEEDED"",""latencyMs"":5},{""itemType"":""flight"",""operation"":""RESERVE"",""outcome"":""SUCCEEDED"",""latencyMs"":11},{""itemType"":""hotel"",""operation"":""CONFIRM"",""outcome"":""SUCCEEDED"",""latencyMs"":7},{""itemType"":""flight"",""operation"":""CONFIRM"",""outcome"":""SUCCEEDED"",""latencyMs"":5}]",0,0,true,true,,2,0,0,LOW,20,PROCEED,,
20260924_215150_n6lu,E11-lock-contention,hot-row-c16,27,201,,3fdf782e-9831-4c09-a9c7-b87673f587da,COMPLETED,,false,2121.126,135,"[{""itemType"":""hotel"",""operation"":""RESERVE"",""outcome"":""SUCCEEDED"",""latencyMs"":5},{""itemType"":""flight"",""operation"":""RESERVE"",""outcome"":""SUCCEEDED"",""latencyMs"":5},{""itemType"":""hotel"",""operation"":""CONFIRM"",""outcome"":""SUCCEEDED"",""latencyMs"":5},{""itemType"":""flight"",""operation"":""CONFIRM"",""outcome"":""SUCCEEDED"",""latencyMs"":4}]",0,0,true,true,,2,0,0,LOW,20,PROCEED,,
20260924_215150_n6lu,E11-lock-contention,hot-row-c16,28,201,,2e4b62b3-65c3-40c4-a921-2a652272e0f1,COMPLETED,,false,2175.757,116,"[{""itemType"":""hotel"",""operation"":""RESERVE"",""outcome"":""SUCCEEDED"",""latencyMs"":4},{""itemType"":""flight"",""operation"":""RESERVE"",""outcome"":""SUCCEEDED"",""latencyMs"":7},{""itemType"":""hotel"",""operation"":""CONFIRM"",""outcome"":""SUCCEEDED"",""latencyMs"":7},{""itemType"":""flight"",""operation"":""CONFIRM"",""outcome"":""SUCCEEDED"",""latencyMs"":4}]",0,0,true,true,,2,0,0,LOW,20,PROCEED,,
20260924_215150_n6lu,E11-lock-contention,hot-row-c16,29,201,,e1f36644-30bf-4799-8c2e-33a4ed2e2e4f,COMPLETED,,false,2250.108,132,"[{""itemType"":""hotel"",""operation"":""RESERVE"",""outcome"":""SUCCEEDED"",""latencyMs"":8},{""itemType"":""flight"",""operation"":""RESERVE"",""outcome"":""SUCCEEDED"",""latencyMs"":4},{""itemType"":""hotel"",""operation"":""CONFIRM"",""outcome"":""SUCCEEDED"",""latencyMs"":6},{""itemType"":""flight"",""operation"":""CONFIRM"",""outcome"":""SUCCEEDED"",""latencyMs"":6}]",0,0,true,true,,2,0,0,LOW,20,PROCEED,,
20260924_215150_n6lu,E11-lock-contention,hot-row-c16,30,201,,6722a62a-e07f-4c08-ac73-3320aae9426a,COMPLETED,,false,2237.86,83,"[{""itemType"":""hotel"",""operation"":""RESERVE"",""outcome"":""SUCCEEDED"",""latencyMs"":3},{""itemType"":""flight"",""operation"":""RESERVE"",""outcome"":""SUCCEEDED"",""latencyMs"":5},{""itemType"":""hotel"",""operation"":""CONFIRM"",""outcome"":""SUCCEEDED"",""latencyMs"":6},{""itemType"":""flight"",""operation"":""CONFIRM"",""outcome"":""SUCCEEDED"",""latencyMs"":4}]",0,0,true,true,,2,0,0,LOW,20,PROCEED,,
20260924_215150_n6lu,E11-lock-contention,hot-row-c16,31,201,,0ca098ea-4f42-42f8-9b9b-85fdc2c52f77,COMPLETED,,false,2228.564,92,"[{""itemType"":""hotel"",""operation"":""RESERVE"",""outcome"":""SUCCEEDED"",""latencyMs"":3},{""itemType"":""flight"",""operation"":""RESERVE"",""outcome"":""SUCCEEDED"",""latencyMs"":3},{""itemType"":""hotel"",""operation"":""CONFIRM"",""outcome"":""SUCCEEDED"",""latencyMs"":6},{""itemType"":""flight"",""operation"":""CONFIRM"",""outcome"":""SUCCEEDED"",""latencyMs"":4}]",0,0,true,true,,2,0,0,LOW,35,PROCEED,,
20260924_215150_n6lu,E11-lock-contention,opposite-order,0,201,,5daf16e7-d3f5-40d9-8af6-0f74934e82c0,COMPLETED,,false,101.377,88,"[{""itemType"":""hotel"",""operation"":""RESERVE"",""outcome"":""SUCCEEDED"",""latencyMs"":9},{""itemType"":""flight"",""operation"":""RESERVE"",""outcome"":""SUCCEEDED"",""latencyMs"":3},{""itemType"":""hotel"",""operation"":""CONFIRM"",""outcome"":""SUCCEEDED"",""latencyMs"":3},{""itemType"":""flight"",""operation"":""CONFIRM"",""outcome"":""SUCCEEDED"",""latencyMs"":4}]",0,0,true,true,,2,0,0,LOW,20,PROCEED,,
20260924_215150_n6lu,E11-lock-contention,opposite-order,1,201,,839473ab-15d4-49d3-a512-69e4e26556a3,COMPLETED,,false,189.226,66,"[{""itemType"":""flight"",""operation"":""RESERVE"",""outcome"":""SUCCEEDED"",""latencyMs"":3},{""itemType"":""hotel"",""operation"":""RESERVE"",""outcome"":""SUCCEEDED"",""latencyMs"":3},{""itemType"":""flight"",""operation"":""CONFIRM"",""outcome"":""SUCCEEDED"",""latencyMs"":3},{""itemType"":""hotel"",""operation"":""CONFIRM"",""outcome"":""SUCCEEDED"",""latencyMs"":4}]",0,0,true,true,,2,0,0,LOW,20,PROCEED,,
20260924_215150_n6lu,E11-lock-contention,opposite-order,2,201,,b9335f60-5054-419f-8e5d-072e74d86b64,COMPLETED,,false,364.091,153,"[{""itemType"":""hotel"",""operation"":""RESERVE"",""outcome"":""SUCCEEDED"",""latencyMs"":7},{""itemType"":""flight"",""operation"":""RESERVE"",""outcome"":""SUCCEEDED"",""latencyMs"":8},{""itemType"":""hotel"",""operation"":""CONFIRM"",""outcome"":""SUCCEEDED"",""latencyMs"":4},{""itemType"":""flight"",""operation"":""CONFIRM"",""outcome"":""SUCCEEDED"",""latencyMs"":4}]",0,0,true,true,,2,0,0,LOW,20,PROCEED,,
20260924_215150_n6lu,E11-lock-contention,opposite-order,3,201,,e8d80783-b945-4416-ad34-8a57ca4a4353,COMPLETED,,false,438.88,58,"[{""itemType"":""flight"",""operation"":""RESERVE"",""outcome"":""SUCCEEDED"",""latencyMs"":4},{""itemType"":""hotel"",""operation"":""RESERVE"",""outcome"":""SUCCEEDED"",""latencyMs"":4},{""itemType"":""flight"",""operation"":""CONFIRM"",""outcome"":""SUCCEEDED"",""latencyMs"":3},{""itemType"":""hotel"",""operation"":""CONFIRM"",""outcome"":""SUCCEEDED"",""latencyMs"":2}]",0,0,true,true,,2,0,0,LOW,20,PROCEED,,
20260924_215150_n6lu,E11-lock-contention,opposite-order,4,201,,735a2a4f-b5d9-4300-8598-8764b5208a95,COMPLETED,,false,514.435,59,"[{""itemType"":""hotel"",""operation"":""RESERVE"",""outcome"":""SUCCEEDED"",""latencyMs"":4},{""itemType"":""flight"",""operation"":""RESERVE"",""outcome"":""SUCCEEDED"",""latencyMs"":2},{""itemType"":""hotel"",""operation"":""CONFIRM"",""outcome"":""SUCCEEDED"",""latencyMs"":3},{""itemType"":""flight"",""operation"":""CONFIRM"",""outcome"":""SUCCEEDED"",""latencyMs"":2}]",0,0,true,true,,2,0,0,LOW,20,PROCEED,,
20260924_215150_n6lu,E11-lock-contention,opposite-order,5,201,,cf5c40a7-2782-4708-b796-19d6bf8fdc9e,COMPLETED,,false,599.316,67,"[{""itemType"":""flight"",""operation"":""RESERVE"",""outcome"":""SUCCEEDED"",""latencyMs"":3},{""itemType"":""hotel"",""operation"":""RESERVE"",""outcome"":""SUCCEEDED"",""latencyMs"":3},{""itemType"":""flight"",""operation"":""CONFIRM"",""outcome"":""SUCCEEDED"",""latencyMs"":2},{""itemType"":""hotel"",""operation"":""CONFIRM"",""outcome"":""SUCCEEDED"",""latencyMs"":2}]",0,0,true,true,,2,0,0,LOW,20,PROCEED,,
20260924_215150_n6lu,E11-lock-contention,opposite-order,6,201,,bd13d40a-0c60-4237-91f1-895a1d44db4b,COMPLETED,,false,715.546,91,"[{""itemType"":""hotel"",""operation"":""RESERVE"",""outcome"":""SUCCEEDED"",""latencyMs"":3},{""itemType"":""flight"",""operation"":""RESERVE"",""outcome"":""SUCCEEDED"",""latencyMs"":9},{""itemType"":""hotel"",""operation"":""CONFIRM"",""outcome"":""SUCCEEDED"",""latencyMs"":3},{""itemType"":""flight"",""operation"":""CONFIRM"",""outcome"":""SUCCEEDED"",""latencyMs"":2}]",0,0,true,true,,2,0,0,LOW,20,PROCEED,,
20260924_215150_n6lu,E11-lock-contention,opposite-order,7,201,,ea1adc75-b0d6-4ccb-81b5-7b6a475218f5,COMPLETED,,false,836.724,90,"[{""itemType"":""flight"",""operation"":""RESERVE"",""outcome"":""SUCCEEDED"",""latencyMs"":2},{""itemType"":""hotel"",""operation"":""RESERVE"",""outcome"":""SUCCEEDED"",""latencyMs"":4},{""itemType"":""flight"",""operation"":""CONFIRM"",""outcome"":""SUCCEEDED"",""latencyMs"":6},{""itemType"":""hotel"",""operation"":""CONFIRM"",""outcome"":""SUCCEEDED"",""latencyMs"":7}]",0,0,true,true,,2,0,0,LOW,20,PROCEED,,
20260924_215150_n6lu,E11-lock-contention,opposite-order,8,201,,9764c36f-6e49-48db-8eb8-3e43a96fada3,COMPLETED,,false,956.635,95,"[{""itemType"":""hotel"",""operation"":""RESERVE"",""outcome"":""SUCCEEDED"",""latencyMs"":6},{""itemType"":""flight"",""operation"":""RESERVE"",""outcome"":""SUCCEEDED"",""latencyMs"":5},{""itemType"":""hotel"",""operation"":""CONFIRM"",""outcome"":""SUCCEEDED"",""latencyMs"":2},{""itemType"":""flight"",""operation"":""CONFIRM"",""outcome"":""SUCCEEDED"",""latencyMs"":2}]",0,0,true,true,,2,0,0,LOW,20,PROCEED,,
20260924_215150_n6lu,E11-lock-contention,opposite-order,9,201,,8a66a229-5f71-46a9-adf2-7805bef5f4d8,COMPLETED,,false,1053.957,79,"[{""itemType"":""flight"",""operation"":""RESERVE"",""outcome"":""SUCCEEDED"",""latencyMs"":8},{""itemType"":""hotel"",""operation"":""RESERVE"",""outcome"":""SUCCEEDED"",""latencyMs"":2},{""itemType"":""flight"",""operation"":""CONFIRM"",""outcome"":""SUCCEEDED"",""latencyMs"":2},{""itemType"":""hotel"",""operation"":""CONFIRM"",""outcome"":""SUCCEEDED"",""latencyMs"":3}]",0,0,true,true,,2,0,0,LOW,20,PROCEED,,
20260924_215150_n6lu,E11-lock-contention,opposite-order,10,201,,a3c68460-3638-4bb5-823c-1e658f92554a,COMPLETED,,false,1195.064,103,"[{""itemType"":""hotel"",""operation"":""RESERVE"",""outcome"":""SUCCEEDED"",""latencyMs"":5},{""itemType"":""flight"",""operation"":""RESERVE"",""outcome"":""SUCCEEDED"",""latencyMs"":5},{""itemType"":""hotel"",""operation"":""CONFIRM"",""outcome"":""SUCCEEDED"",""latencyMs"":2},{""itemType"":""flight"",""operation"":""CONFIRM"",""outcome"":""SUCCEEDED"",""latencyMs"":4}]",0,0,true,true,,2,0,0,LOW,20,PROCEED,,
20260924_215150_n6lu,E11-lock-contention,opposite-order,11,201,,2301dec6-99c2-42cd-aabd-b0844e5c0234,COMPLETED,,false,1332.82,96,"[{""itemType"":""flight"",""operation"":""RESERVE"",""outcome"":""SUCCEEDED"",""latencyMs"":4},{""itemType"":""hotel"",""operation"":""RESERVE"",""outcome"":""SUCCEEDED"",""latencyMs"":3},{""itemType"":""flight"",""operation"":""CONFIRM"",""outcome"":""SUCCEEDED"",""latencyMs"":5},{""itemType"":""hotel"",""operation"":""CONFIRM"",""outcome"":""SUCCEEDED"",""latencyMs"":4}]",0,0,true,true,,2,0,0,LOW,20,PROCEED,,
20260924_215150_n6lu,E11-lock-contention,opposite-order,12,201,,871ab653-59db-4dc7-a7ed-be931f4e6b75,COMPLETED,,false,1423.505,71,"[{""itemType"":""hotel"",""operation"":""RESERVE"",""outcome"":""SUCCEEDED"",""latencyMs"":3},{""itemType"":""flight"",""operation"":""RESERVE"",""outcome"":""SUCCEEDED"",""latencyMs"":4},{""itemType"":""hotel"",""operation"":""CONFIRM"",""outcome"":""SUCCEEDED"",""latencyMs"":3},{""itemType"":""flight"",""operation"":""CONFIRM"",""outcome"":""SUCCEEDED"",""latencyMs"":4}]",0,0,true,true,,2,0,0,LOW,20,PROCEED,,
20260924_215150_n6lu,E11-lock-contention,opposite-order,13,201,,e24430ba-51ba-4d37-83ea-ae732bb77e80,COMPLETED,,false,1519.003,77,"[{""itemType"":""flight"",""operation"":""RESERVE"",""outcome"":""SUCCEEDED"",""latencyMs"":5},{""itemType"":""hotel"",""operation"":""RESERVE"",""outcome"":""SUCCEEDED"",""latencyMs"":3},{""itemType"":""flight"",""operation"":""CONFIRM"",""outcome"":""SUCCEEDED"",""latencyMs"":2},{""itemType"":""hotel"",""operation"":""CONFIRM"",""outcome"":""SUCCEEDED"",""latencyMs"":3}]",0,0,true,true,,2,0,0,LOW,20,PROCEED,,
20260924_215150_n6lu,E11-lock-contention,opposite-order,14,201,,f663e9cf-8633-47f7-9e1c-1c2db3c058c7,COMPLETED,,false,1603.993,63,"[{""itemType"":""hotel"",""operation"":""RESERVE"",""outcome"":""SUCCEEDED"",""latencyMs"":3},{""itemType"":""flight"",""operation"":""RESERVE"",""outcome"":""SUCCEEDED"",""latencyMs"":5},{""itemType"":""hotel"",""operation"":""CONFIRM"",""outcome"":""SUCCEEDED"",""latencyMs"":3},{""itemType"":""flight"",""operation"":""CONFIRM"",""outcome"":""SUCCEEDED"",""latencyMs"":2}]",0,0,true,true,,2,0,0,LOW,20,PROCEED,,
20260924_215150_n6lu,E11-lock-contention,opposite-order,15,201,,8eb28d77-49c0-41d8-bc3f-132fb4a9e049,COMPLETED,,false,1775.706,153,"[{""itemType"":""flight"",""operation"":""RESERVE"",""outcome"":""SUCCEEDED"",""latencyMs"":6},{""itemType"":""hotel"",""operation"":""RESERVE"",""outcome"":""SUCCEEDED"",""latencyMs"":10},{""itemType"":""flight"",""operation"":""CONFIRM"",""outcome"":""SUCCEEDED"",""latencyMs"":8},{""itemType"":""hotel"",""operation"":""CONFIRM"",""outcome"":""SUCCEEDED"",""latencyMs"":8}]",0,0,true,true,,2,0,0,LOW,20,PROCEED,,
20260924_215150_n6lu,E11-lock-contention,opposite-order,16,201,,4efde64a-d4cb-4adc-9ada-62134f3140bd,COMPLETED,,false,1760.107,71,"[{""itemType"":""hotel"",""operation"":""RESERVE"",""outcome"":""SUCCEEDED"",""latencyMs"":2},{""itemType"":""flight"",""operation"":""RESERVE"",""outcome"":""SUCCEEDED"",""latencyMs"":2},{""itemType"":""hotel"",""operation"":""CONFIRM"",""outcome"":""SUCCEEDED"",""latencyMs"":2},{""itemType"":""flight"",""operation"":""CONFIRM"",""outcome"":""SUCCEEDED"",""latencyMs"":2}]",0,0,true,true,,2,0,0,LOW,20,PROCEED,,
20260924_215150_n6lu,E11-lock-contention,opposite-order,17,201,,7edaed0f-a8f7-4007-a8eb-9a7162418774,COMPLETED,,false,1736.155,53,"[{""itemType"":""flight"",""operation"":""RESERVE"",""outcome"":""SUCCEEDED"",""latencyMs"":2},{""itemType"":""hotel"",""operation"":""RESERVE"",""outcome"":""SUCCEEDED"",""latencyMs"":2},{""itemType"":""flight"",""operation"":""CONFIRM"",""outcome"":""SUCCEEDED"",""latencyMs"":2},{""itemType"":""hotel"",""operation"":""CONFIRM"",""outcome"":""SUCCEEDED"",""latencyMs"":2}]",0,0,true,true,,2,0,0,LOW,20,PROCEED,,
20260924_215150_n6lu,E11-lock-contention,opposite-order,18,201,,fc595b1f-ca2a-4e1d-a51a-814930a81340,COMPLETED,,false,1705.559,117,"[{""itemType"":""hotel"",""operation"":""RESERVE"",""outcome"":""SUCCEEDED"",""latencyMs"":6},{""itemType"":""flight"",""operation"":""RESERVE"",""outcome"":""SUCCEEDED"",""latencyMs"":7},{""itemType"":""hotel"",""operation"":""CONFIRM"",""outcome"":""SUCCEEDED"",""latencyMs"":4},{""itemType"":""flight"",""operation"":""CONFIRM"",""outcome"":""SUCCEEDED"",""latencyMs"":9}]",0,0,true,true,,2,0,0,LOW,20,PROCEED,,
20260924_215150_n6lu,E11-lock-contention,opposite-order,19,201,,48daa21c-3868-460f-95fb-c2c3046e157a,COMPLETED,,false,1754.692,95,"[{""itemType"":""flight"",""operation"":""RESERVE"",""outcome"":""SUCCEEDED"",""latencyMs"":4},{""itemType"":""hotel"",""operation"":""RESERVE"",""outcome"":""SUCCEEDED"",""latencyMs"":4},{""itemType"":""flight"",""operation"":""CONFIRM"",""outcome"":""SUCCEEDED"",""latencyMs"":5},{""itemType"":""hotel"",""operation"":""CONFIRM"",""outcome"":""SUCCEEDED"",""latencyMs"":6}]",0,0,true,true,,2,0,0,LOW,20,PROCEED,,
20260924_215150_n6lu,E11-lock-contention,opposite-order,20,201,,18ead952-a590-42d7-83c7-bcba291e4fc7,COMPLETED,,false,1801.981,94,"[{""itemType"":""hotel"",""operation"":""RESERVE"",""outcome"":""SUCCEEDED"",""latencyMs"":2},{""itemType"":""flight"",""operation"":""RESERVE"",""outcome"":""SUCCEEDED"",""latencyMs"":2},{""itemType"":""hotel"",""operation"":""CONFIRM"",""outcome"":""SUCCEEDED"",""latencyMs"":2},{""itemType"":""flight"",""operation"":""CONFIRM"",""outcome"":""SUCCEEDED"",""latencyMs"":7}]",0,0,true,true,,2,0,0,LOW,20,PROCEED,,
20260924_215150_n6lu,E11-lock-contention,opposite-order,21,201,,18b396ae-c1ef-46ef-86ee-a1a922381876,COMPLETED,,false,1859.995,113,"[{""itemType"":""flight"",""operation"":""RESERVE"",""outcome"":""SUCCEEDED"",""latencyMs"":7},{""itemType"":""hotel"",""operation"":""RESERVE"",""outcome"":""SUCCEEDED"",""latencyMs"":4},{""itemType"":""flight"",""operation"":""CONFIRM"",""outcome"":""SUCCEEDED"",""latencyMs"":3},{""itemType"":""hotel"",""operation"":""CONFIRM"",""outcome"":""SUCCEEDED"",""latencyMs"":2}]",0,0,true,true,,2,0,0,LOW,20,PROCEED,,
20260924_215150_n6lu,E11-lock-contention,opposite-order,22,201,,6386197d-059b-4ecc-8260-b9ff674bf181,COMPLETED,,false,1849.101,71,"[{""itemType"":""hotel"",""operation"":""RESERVE"",""outcome"":""SUCCEEDED"",""latencyMs"":4},{""itemType"":""flight"",""operation"":""RESERVE"",""outcome"":""SUCCEEDED"",""latencyMs"":4},{""itemType"":""hotel"",""operation"":""CONFIRM"",""outcome"":""SUCCEEDED"",""latencyMs"":4},{""itemType"":""flight"",""operation"":""CONFIRM"",""outcome"":""SUCCEEDED"",""latencyMs"":3}]",0,0,true,true,,2,0,0,LOW,20,PROCEED,,
20260924_215150_n6lu,E11-lock-contention,opposite-order,23,201,,dc3f6443-59e6-4a6b-b2b1-6d3bc9bcd0b1,COMPLETED,,false,1881.899,107,"[{""itemType"":""flight"",""operation"":""RESERVE"",""outcome"":""SUCCEEDED"",""latencyMs"":5},{""itemType"":""hotel"",""operation"":""RESERVE"",""outcome"":""SUCCEEDED"",""latencyMs"":3},{""itemType"":""flight"",""operation"":""CONFIRM"",""outcome"":""SUCCEEDED"",""latencyMs"":6},{""itemType"":""hotel"",""operation"":""CONFIRM"",""outcome"":""SUCCEEDED"",""latencyMs"":8}]",0,0,true,true,,2,0,0,LOW,20,PROCEED,,
20260924_215150_n6lu,E11-lock-contention,opposite-order,24,201,,7458e8f0-f8c2-4614-a52f-e12c78a22488,COMPLETED,,false,1896.829,103,"[{""itemType"":""hotel"",""operation"":""RESERVE"",""outcome"":""SUCCEEDED"",""latencyMs"":4},{""itemType"":""flight"",""operation"":""RESERVE"",""outcome"":""SUCCEEDED"",""latencyMs"":6},{""itemType"":""hotel"",""operation"":""CONFIRM"",""outcome"":""SUCCEEDED"",""latencyMs"":3},{""itemType"":""flight"",""operation"":""CONFIRM"",""outcome"":""SUCCEEDED"",""latencyMs"":4}]",0,0,true,true,,2,0,0,LOW,20,PROCEED,,
20260924_215150_n6lu,E11-lock-contention,opposite-order,25,201,,77a7a7a4-cbec-4882-8eb0-e5ceb2b88ff3,COMPLETED,,false,1939.984,108,"[{""itemType"":""flight"",""operation"":""RESERVE"",""outcome"":""SUCCEEDED"",""latencyMs"":6},{""itemType"":""hotel"",""operation"":""RESERVE"",""outcome"":""SUCCEEDED"",""latencyMs"":6},{""itemType"":""flight"",""operation"":""CONFIRM"",""outcome"":""SUCCEEDED"",""latencyMs"":5},{""itemType"":""hotel"",""operation"":""CONFIRM"",""outcome"":""SUCCEEDED"",""latencyMs"":5}]",0,0,true,true,,2,0,0,LOW,20,PROCEED,,
20260924_215150_n6lu,E11-lock-contention,opposite-order,26,201,,28f729aa-6b78-4cfd-a941-3e30d839c546,COMPLETED,,false,1929.883,128,"[{""itemType"":""hotel"",""operation"":""RESERVE"",""outcome"":""SUCCEEDED"",""latencyMs"":7},{""itemType"":""flight"",""operation"":""RESERVE"",""outcome"":""SUCCEEDED"",""latencyMs"":7},{""itemType"":""hotel"",""operation"":""CONFIRM"",""outcome"":""SUCCEEDED"",""latencyMs"":11},{""itemType"":""flight"",""operation"":""CONFIRM"",""outcome"":""SUCCEEDED"",""latencyMs"":4}]",0,0,true,true,,2,0,0,LOW,20,PROCEED,,
20260924_215150_n6lu,E11-lock-contention,opposite-order,27,201,,e109a64c-304c-4a7c-804e-f6a78be273a4,COMPLETED,,false,1933.648,93,"[{""itemType"":""flight"",""operation"":""RESERVE"",""outcome"":""SUCCEEDED"",""latencyMs"":4},{""itemType"":""hotel"",""operation"":""RESERVE"",""outcome"":""SUCCEEDED"",""latencyMs"":5},{""itemType"":""flight"",""operation"":""CONFIRM"",""outcome"":""SUCCEEDED"",""latencyMs"":7},{""itemType"":""hotel"",""operation"":""CONFIRM"",""outcome"":""SUCCEEDED"",""latencyMs"":7}]",0,0,true,true,,2,0,0,LOW,20,PROCEED,,
20260924_215150_n6lu,E11-lock-contention,opposite-order,28,201,,4cec0d88-1a68-4b28-838b-181eadf2ed3e,COMPLETED,,false,2013.994,128,"[{""itemType"":""hotel"",""operation"":""RESERVE"",""outcome"":""SUCCEEDED"",""latencyMs"":6},{""itemType"":""flight"",""operation"":""RESERVE"",""outcome"":""SUCCEEDED"",""latencyMs"":3},{""itemType"":""hotel"",""operation"":""CONFIRM"",""outcome"":""SUCCEEDED"",""latencyMs"":6},{""itemType"":""flight"",""operation"":""CONFIRM"",""outcome"":""SUCCEEDED"",""latencyMs"":10}]",0,0,true,true,,2,0,0,LOW,20,PROCEED,,
20260924_215150_n6lu,E11-lock-contention,opposite-order,29,201,,093fc3d6-fbbd-4668-be4b-7f0178baa5c4,COMPLETED,,false,2072.843,125,"[{""itemType"":""flight"",""operation"":""RESERVE"",""outcome"":""SUCCEEDED"",""latencyMs"":5},{""itemType"":""hotel"",""operation"":""RESERVE"",""outcome"":""SUCCEEDED"",""latencyMs"":7},{""itemType"":""flight"",""operation"":""CONFIRM"",""outcome"":""SUCCEEDED"",""latencyMs"":3},{""itemType"":""hotel"",""operation"":""CONFIRM"",""outcome"":""SUCCEEDED"",""latencyMs"":3}]",0,0,true,true,,2,0,0,LOW,20,PROCEED,,
20260924_215150_n6lu,E11-lock-contention,opposite-order,30,201,,33d58155-7006-429f-9382-1135c609ec4f,COMPLETED,,false,2118.841,105,"[{""itemType"":""hotel"",""operation"":""RESERVE"",""outcome"":""SUCCEEDED"",""latencyMs"":3},{""itemType"":""flight"",""operation"":""RESERVE"",""outcome"":""SUCCEEDED"",""latencyMs"":5},{""itemType"":""hotel"",""operation"":""CONFIRM"",""outcome"":""SUCCEEDED"",""latencyMs"":5},{""itemType"":""flight"",""operation"":""CONFIRM"",""outcome"":""SUCCEEDED"",""latencyMs"":8}]",0,0,true,true,,2,0,0,LOW,20,PROCEED,,
20260924_215150_n6lu,E11-lock-contention,opposite-order,31,201,,4c798d33-9c78-47dd-9d68-31fa184bbeac,COMPLETED,,false,2086.085,101,"[{""itemType"":""flight"",""operation"":""RESERVE"",""outcome"":""SUCCEEDED"",""latencyMs"":7},{""itemType"":""hotel"",""operation"":""RESERVE"",""outcome"":""SUCCEEDED"",""latencyMs"":6},{""itemType"":""flight"",""operation"":""CONFIRM"",""outcome"":""SUCCEEDED"",""latencyMs"":5},{""itemType"":""hotel"",""operation"":""CONFIRM"",""outcome"":""SUCCEEDED"",""latencyMs"":8}]",0,0,true,true,,2,0,0,LOW,35,PROCEED,,
20260924_215150_n6lu,E12-multi-provider-failure-points,k1-none,0,201,,dfccaa70-b9f0-406f-a9a4-c45031803cb8,COMPLETED,,false,99.526,76,"[{""itemType"":""hotel"",""operation"":""RESERVE"",""outcome"":""SUCCEEDED"",""latencyMs"":7},{""itemType"":""hotel"",""operation"":""CONFIRM"",""outcome"":""SUCCEEDED"",""latencyMs"":9}]",0,0,true,true,,1,0,0,LOW,10,PROCEED,,"{""k"":1,""point"":{""kind"":""none""},""expected"":{""state"":""COMPLETED"",""compensationsSucceeded"":0,""compensationsFailed"":0,""captured"":true,""reversal"":null,""confirmedLocks"":1}}"
20260924_215150_n6lu,E12-multi-provider-failure-points,k1-none,1,201,,ea471e94-28b1-41ef-9208-ecabff16e9d4,COMPLETED,,false,77.437,62,"[{""itemType"":""hotel"",""operation"":""RESERVE"",""outcome"":""SUCCEEDED"",""latencyMs"":4},{""itemType"":""hotel"",""operation"":""CONFIRM"",""outcome"":""SUCCEEDED"",""latencyMs"":4}]",0,0,true,true,,1,0,0,LOW,10,PROCEED,,"{""k"":1,""point"":{""kind"":""none""},""expected"":{""state"":""COMPLETED"",""compensationsSucceeded"":0,""compensationsFailed"":0,""captured"":true,""reversal"":null,""confirmedLocks"":1}}"
20260924_215150_n6lu,E12-multi-provider-failure-points,k1-none,2,201,,57895153-ed49-4629-a0be-b2a91afbe7ad,COMPLETED,,false,110.415,89,"[{""itemType"":""hotel"",""operation"":""RESERVE"",""outcome"":""SUCCEEDED"",""latencyMs"":4},{""itemType"":""hotel"",""operation"":""CONFIRM"",""outcome"":""SUCCEEDED"",""latencyMs"":4}]",0,0,true,true,,1,0,0,LOW,10,PROCEED,,"{""k"":1,""point"":{""kind"":""none""},""expected"":{""state"":""COMPLETED"",""compensationsSucceeded"":0,""compensationsFailed"":0,""captured"":true,""reversal"":null,""confirmedLocks"":1}}"
20260924_215150_n6lu,E12-multi-provider-failure-points,k1-reserve@1,0,409,,d0440022-9e76-4c2f-9bef-c6ebf65076fe,ROLLED_BACK,PROVIDER_RESERVE,false,83.422,63,"[{""itemType"":""hotel"",""operation"":""RESERVE"",""outcome"":""FAILED"",""latencyMs"":7}]",0,0,true,false,VOIDED,0,1,0,LOW,10,PROCEED,,"{""k"":1,""point"":{""kind"":""reserve"",""index"":1},""expected"":{""state"":""ROLLED_BACK"",""compensationsSucceeded"":0,""compensationsFailed"":0,""captured"":false,""reversal"":""VOIDED"",""confirmedLocks"":0}}"
20260924_215150_n6lu,E12-multi-provider-failure-points,k1-reserve@1,1,409,,4aead190-5439-43d7-9113-29685e768924,ROLLED_BACK,PROVIDER_RESERVE,false,164.039,128,"[{""itemType"":""hotel"",""operation"":""RESERVE"",""outcome"":""FAILED"",""latencyMs"":20}]",0,0,true,false,VOIDED,0,1,0,LOW,10,PROCEED,,"{""k"":1,""point"":{""kind"":""reserve"",""index"":1},""expected"":{""state"":""ROLLED_BACK"",""compensationsSucceeded"":0,""compensationsFailed"":0,""captured"":false,""reversal"":""VOIDED"",""confirmedLocks"":0}}"
20260924_215150_n6lu,E12-multi-provider-failure-points,k1-reserve@1,2,409,,40abba3e-057e-4181-8fec-f7ab2dff2d52,ROLLED_BACK,PROVIDER_RESERVE,false,95.524,80,"[{""itemType"":""hotel"",""operation"":""RESERVE"",""outcome"":""FAILED"",""latencyMs"":11}]",0,0,true,false,VOIDED,0,1,0,LOW,10,PROCEED,,"{""k"":1,""point"":{""kind"":""reserve"",""index"":1},""expected"":{""state"":""ROLLED_BACK"",""compensationsSucceeded"":0,""compensationsFailed"":0,""captured"":false,""reversal"":""VOIDED"",""confirmedLocks"":0}}"
20260924_215150_n6lu,E12-multi-provider-failure-points,k1-confirm@1,0,409,,aa8d83df-0233-4ef3-8461-dfdc3e8812fa,ROLLED_BACK,PROVIDER_CONFIRM,false,132.552,112,"[{""itemType"":""hotel"",""operation"":""RESERVE"",""outcome"":""SUCCEEDED"",""latencyMs"":6},{""itemType"":""hotel"",""operation"":""CONFIRM"",""outcome"":""FAILED"",""latencyMs"":7},{""itemType"":""hotel"",""operation"":""CANCEL"",""outcome"":""SUCCEEDED"",""latencyMs"":9}]",1,0,true,true,REFUNDED,0,1,0,LOW,10,PROCEED,,"{""k"":1,""point"":{""kind"":""confirm"",""index"":1},""expected"":{""state"":""ROLLED_BACK"",""compensationsSucceeded"":1,""compensationsFailed"":0,""captured"":true,""reversal"":""REFUNDED"",""confirmedLocks"":0}}"
20260924_215150_n6lu,E12-multi-provider-failure-points,k1-confirm@1,1,409,,1bf4b3da-b714-4073-9313-ea04c4de70ce,ROLLED_BACK,PROVIDER_CONFIRM,false,99.579,75,"[{""itemType"":""hotel"",""operation"":""RESERVE"",""outcome"":""SUCCEEDED"",""latencyMs"":3},{""itemType"":""hotel"",""operation"":""CONFIRM"",""outcome"":""FAILED"",""latencyMs"":5},{""itemType"":""hotel"",""operation"":""CANCEL"",""outcome"":""SUCCEEDED"",""latencyMs"":5}]",1,0,true,true,REFUNDED,0,1,0,LOW,10,PROCEED,,"{""k"":1,""point"":{""kind"":""confirm"",""index"":1},""expected"":{""state"":""ROLLED_BACK"",""compensationsSucceeded"":1,""compensationsFailed"":0,""captured"":true,""reversal"":""REFUNDED"",""confirmedLocks"":0}}"
20260924_215150_n6lu,E12-multi-provider-failure-points,k1-confirm@1,2,409,,cb8570e6-ac60-4238-9015-f63959d11d2b,ROLLED_BACK,PROVIDER_CONFIRM,false,128.781,108,"[{""itemType"":""hotel"",""operation"":""RESERVE"",""outcome"":""SUCCEEDED"",""latencyMs"":5},{""itemType"":""hotel"",""operation"":""CONFIRM"",""outcome"":""FAILED"",""latencyMs"":8},{""itemType"":""hotel"",""operation"":""CANCEL"",""outcome"":""SUCCEEDED"",""latencyMs"":8}]",1,0,true,true,REFUNDED,0,1,0,LOW,10,PROCEED,,"{""k"":1,""point"":{""kind"":""confirm"",""index"":1},""expected"":{""state"":""ROLLED_BACK"",""compensationsSucceeded"":1,""compensationsFailed"":0,""captured"":true,""reversal"":""REFUNDED"",""confirmedLocks"":0}}"
20260924_215150_n6lu,E12-multi-provider-failure-points,k2-none,0,201,,2008cda6-c501-4545-ac3e-70c450f0fed1,COMPLETED,,false,155.027,130,"[{""itemType"":""hotel"",""operation"":""RESERVE"",""outcome"":""SUCCEEDED"",""latencyMs"":8},{""itemType"":""flight"",""operation"":""RESERVE"",""outcome"":""SUCCEEDED"",""latencyMs"":9},{""itemType"":""hotel"",""operation"":""CONFIRM"",""outcome"":""SUCCEEDED"",""latencyMs"":4},{""itemType"":""flight"",""operation"":""CONFIRM"",""outcome"":""SUCCEEDED"",""latencyMs"":4}]",0,0,true,true,,2,0,0,LOW,20,PROCEED,,"{""k"":2,""point"":{""kind"":""none""},""expected"":{""state"":""COMPLETED"",""compensationsSucceeded"":0,""compensationsFailed"":0,""captured"":true,""reversal"":null,""confirmedLocks"":2}}"
20260924_215150_n6lu,E12-multi-provider-failure-points,k2-none,1,201,,fc0adee9-06e7-4e3a-8d25-0b6155f9f8c6,COMPLETED,,false,122.524,99,"[{""itemType"":""hotel"",""operation"":""RESERVE"",""outcome"":""SUCCEEDED"",""latencyMs"":3},{""itemType"":""flight"",""operation"":""RESERVE"",""outcome"":""SUCCEEDED"",""latencyMs"":4},{""itemType"":""hotel"",""operation"":""CONFIRM"",""outcome"":""SUCCEEDED"",""latencyMs"":7},{""itemType"":""flight"",""operation"":""CONFIRM"",""outcome"":""SUCCEEDED"",""latencyMs"":7}]",0,0,true,true,,2,0,0,LOW,20,PROCEED,,"{""k"":2,""point"":{""kind"":""none""},""expected"":{""state"":""COMPLETED"",""compensationsSucceeded"":0,""compensationsFailed"":0,""captured"":true,""reversal"":null,""confirmedLocks"":2}}"
20260924_215150_n6lu,E12-multi-provider-failure-points,k2-none,2,201,,7bdafb69-d9d7-46cf-9580-ab19d35ceae6,COMPLETED,,false,172.65,157,"[{""itemType"":""hotel"",""operation"":""RESERVE"",""outcome"":""SUCCEEDED"",""latencyMs"":8},{""itemType"":""flight"",""operation"":""RESERVE"",""outcome"":""SUCCEEDED"",""latencyMs"":5},{""itemType"":""hotel"",""operation"":""CONFIRM"",""outcome"":""SUCCEEDED"",""latencyMs"":6},{""itemType"":""flight"",""operation"":""CONFIRM"",""outcome"":""SUCCEEDED"",""latencyMs"":13}]",0,0,true,true,,2,0,0,LOW,20,PROCEED,,"{""k"":2,""point"":{""kind"":""none""},""expected"":{""state"":""COMPLETED"",""compensationsSucceeded"":0,""compensationsFailed"":0,""captured"":true,""reversal"":null,""confirmedLocks"":2}}"
20260924_215150_n6lu,E12-multi-provider-failure-points,k2-reserve@1,0,409,,450d9deb-0dd2-4458-a721-0688842edec3,ROLLED_BACK,PROVIDER_RESERVE,false,68.137,53,"[{""itemType"":""hotel"",""operation"":""RESERVE"",""outcome"":""FAILED"",""latencyMs"":6}]",0,0,true,false,VOIDED,0,2,0,LOW,20,PROCEED,,"{""k"":2,""point"":{""kind"":""reserve"",""index"":1},""expected"":{""state"":""ROLLED_BACK"",""compensationsSucceeded"":0,""compensationsFailed"":0,""captured"":false,""reversal"":""VOIDED"",""confirmedLocks"":0}}"
20260924_215150_n6lu,E12-multi-provider-failure-points,k2-reserve@1,1,409,,0b3b0c99-c8a6-4037-aed5-ac66ed1150a6,ROLLED_BACK,PROVIDER_RESERVE,false,64.188,47,"[{""itemType"":""hotel"",""operation"":""RESERVE"",""outcome"":""FAILED"",""latencyMs"":5}]",0,0,true,false,VOIDED,0,2,0,LOW,20,PROCEED,,"{""k"":2,""point"":{""kind"":""reserve"",""index"":1},""expected"":{""state"":""ROLLED_BACK"",""compensationsSucceeded"":0,""compensationsFailed"":0,""captured"":false,""reversal"":""VOIDED"",""confirmedLocks"":0}}"
20260924_215150_n6lu,E12-multi-provider-failure-points,k2-reserve@1,2,409,,440a0476-f4cb-468e-80ea-a922f2260500,ROLLED_BACK,PROVIDER_RESERVE,false,138.09,105,"[{""itemType"":""hotel"",""operation"":""RESERVE"",""outcome"":""FAILED"",""latencyMs"":9}]",0,0,true,false,VOIDED,0,2,0,LOW,20,PROCEED,,"{""k"":2,""point"":{""kind"":""reserve"",""index"":1},""expected"":{""state"":""ROLLED_BACK"",""compensationsSucceeded"":0,""compensationsFailed"":0,""captured"":false,""reversal"":""VOIDED"",""confirmedLocks"":0}}"
20260924_215150_n6lu,E12-multi-provider-failure-points,k2-reserve@2,0,409,,bff6350c-5677-4d1b-a862-193e43ef29d4,ROLLED_BACK,PROVIDER_RESERVE,false,153.007,134,"[{""itemType"":""hotel"",""operation"":""RESERVE"",""outcome"":""SUCCEEDED"",""latencyMs"":11},{""itemType"":""flight"",""operation"":""RESERVE"",""outcome"":""FAILED"",""latencyMs"":15},{""itemType"":""hotel"",""operation"":""CANCEL"",""outcome"":""SUCCEEDED"",""latencyMs"":4}]",1,0,true,false,VOIDED,0,2,0,LOW,20,PROCEED,,"{""k"":2,""point"":{""kind"":""reserve"",""index"":2},""expected"":{""state"":""ROLLED_BACK"",""compensationsSucceeded"":1,""compensationsFailed"":0,""captured"":false,""reversal"":""VOIDED"",""confirmedLocks"":0}}"
20260924_215150_n6lu,E12-multi-provider-failure-points,k2-reserve@2,1,409,,52a92e8b-0431-4ecb-b27e-6890c8c9e72b,ROLLED_BACK,PROVIDER_RESERVE,false,200.506,178,"[{""itemType"":""hotel"",""operation"":""RESERVE"",""outcome"":""SUCCEEDED"",""latencyMs"":6},{""itemType"":""flight"",""operation"":""RESERVE"",""outcome"":""FAILED"",""latencyMs"":9},{""itemType"":""hotel"",""operation"":""CANCEL"",""outcome"":""SUCCEEDED"",""latencyMs"":8}]",1,0,true,false,VOIDED,0,2,0,LOW,20,PROCEED,,"{""k"":2,""point"":{""kind"":""reserve"",""index"":2},""expected"":{""state"":""ROLLED_BACK"",""compensationsSucceeded"":1,""compensationsFailed"":0,""captured"":false,""reversal"":""VOIDED"",""confirmedLocks"":0}}"
20260924_215150_n6lu,E12-multi-provider-failure-points,k2-reserve@2,2,409,,532d82c1-b0e9-435f-bb55-372cf036b400,ROLLED_BACK,PROVIDER_RESERVE,false,120.316,103,"[{""itemType"":""hotel"",""operation"":""RESERVE"",""outcome"":""SUCCEEDED"",""latencyMs"":5},{""itemType"":""flight"",""operation"":""RESERVE"",""outcome"":""FAILED"",""latencyMs"":5},{""itemType"":""hotel"",""operation"":""CANCEL"",""outcome"":""SUCCEEDED"",""latencyMs"":7}]",1,0,true,false,VOIDED,0,2,0,LOW,20,PROCEED,,"{""k"":2,""point"":{""kind"":""reserve"",""index"":2},""expected"":{""state"":""ROLLED_BACK"",""compensationsSucceeded"":1,""compensationsFailed"":0,""captured"":false,""reversal"":""VOIDED"",""confirmedLocks"":0}}"
20260924_215150_n6lu,E12-multi-provider-failure-points,k2-confirm@1,0,409,,bf29c67a-2d46-402a-b541-10096577598b,ROLLED_BACK,PROVIDER_CONFIRM,false,154.23,137,"[{""itemType"":""hotel"",""operation"":""RESERVE"",""outcome"":""SUCCEEDED"",""latencyMs"":4},{""itemType"":""flight"",""operation"":""RESERVE"",""outcome"":""SUCCEEDED"",""latencyMs"":4},{""itemType"":""hotel"",""operation"":""CONFIRM"",""outcome"":""FAILED"",""latencyMs"":5},{""itemType"":""flight"",""operation"":""CANCEL"",""outcome"":""SUCCEEDED"",""latencyMs"":9},{""itemType"":""hotel"",""operation"":""CANCEL"",""outcome"":""SUCCEEDED"",""latencyMs"":10}]",2,0,true,true,REFUNDED,0,2,0,LOW,20,PROCEED,,"{""k"":2,""point"":{""kind"":""confirm"",""index"":1},""expected"":{""state"":""ROLLED_BACK"",""compensationsSucceeded"":2,""compensationsFailed"":0,""captured"":true,""reversal"":""REFUNDED"",""confirmedLocks"":0}}"
20260924_215150_n6lu,E12-multi-provider-failure-points,k2-confirm@1,1,409,,93d66900-5b75-42f6-bf54-83bd36bb396d,ROLLED_BACK,PROVIDER_CONFIRM,false,160.474,138,"[{""itemType"":""hotel"",""operation"":""RESERVE"",""outcome"":""SUCCEEDED"",""latencyMs"":13},{""itemType"":""flight"",""operation"":""RESERVE"",""outcome"":""SUCCEEDED"",""latencyMs"":5},{""itemType"":""hotel"",""operation"":""CONFIRM"",""outcome"":""FAILED"",""latencyMs"":7},{""itemType"":""flight"",""operation"":""CANCEL"",""outcome"":""SUCCEEDED"",""latencyMs"":7},{""itemType"":""hotel"",""operation"":""CANCEL"",""outcome"":""SUCCEEDED"",""latencyMs"":7}]",2,0,true,true,REFUNDED,0,2,0,LOW,20,PROCEED,,"{""k"":2,""point"":{""kind"":""confirm"",""index"":1},""expected"":{""state"":""ROLLED_BACK"",""compensationsSucceeded"":2,""compensationsFailed"":0,""captured"":true,""reversal"":""REFUNDED"",""confirmedLocks"":0}}"
20260924_215150_n6lu,E12-multi-provider-failure-points,k2-confirm@1,2,409,,cca8d547-d7fa-406b-8a5e-c1f04315b1e2,ROLLED_BACK,PROVIDER_CONFIRM,false,112.19,99,"[{""itemType"":""hotel"",""operation"":""RESERVE"",""outcome"":""SUCCEEDED"",""latencyMs"":3},{""itemType"":""flight"",""operation"":""RESERVE"",""outcome"":""SUCCEEDED"",""latencyMs"":3},{""itemType"":""hotel"",""operation"":""CONFIRM"",""outcome"":""FAILED"",""latencyMs"":4},{""itemType"":""flight"",""operation"":""CANCEL"",""outcome"":""SUCCEEDED"",""latencyMs"":3},{""itemType"":""hotel"",""operation"":""CANCEL"",""outcome"":""SUCCEEDED"",""latencyMs"":8}]",2,0,true,true,REFUNDED,0,2,0,LOW,20,PROCEED,,"{""k"":2,""point"":{""kind"":""confirm"",""index"":1},""expected"":{""state"":""ROLLED_BACK"",""compensationsSucceeded"":2,""compensationsFailed"":0,""captured"":true,""reversal"":""REFUNDED"",""confirmedLocks"":0}}"
20260924_215150_n6lu,E12-multi-provider-failure-points,k2-confirm@2,0,409,,d08b04c9-23fb-49d3-8f6d-d8758296dd20,ROLLED_BACK,PROVIDER_CONFIRM,false,107.283,95,"[{""itemType"":""hotel"",""operation"":""RESERVE"",""outcome"":""SUCCEEDED"",""latencyMs"":3},{""itemType"":""flight"",""operation"":""RESERVE"",""outcome"":""SUCCEEDED"",""latencyMs"":7},{""itemType"":""hotel"",""operation"":""CONFIRM"",""outcome"":""SUCCEEDED"",""latencyMs"":3},{""itemType"":""flight"",""operation"":""CONFIRM"",""outcome"":""FAILED"",""latencyMs"":3},{""itemType"":""flight"",""operation"":""CANCEL"",""outcome"":""SUCCEEDED"",""latencyMs"":3},{""itemType"":""hotel"",""operation"":""CANCEL"",""outcome"":""SUCCEEDED"",""latencyMs"":3}]",2,0,true,true,REFUNDED,0,2,0,LOW,20,PROCEED,,"{""k"":2,""point"":{""kind"":""confirm"",""index"":2},""expected"":{""state"":""ROLLED_BACK"",""compensationsSucceeded"":2,""compensationsFailed"":0,""captured"":true,""reversal"":""REFUNDED"",""confirmedLocks"":0}}"
20260924_215150_n6lu,E12-multi-provider-failure-points,k2-confirm@2,1,409,,9f21a19b-58e2-44cd-b675-73bd2a1230c8,ROLLED_BACK,PROVIDER_CONFIRM,false,171.498,155,"[{""itemType"":""hotel"",""operation"":""RESERVE"",""outcome"":""SUCCEEDED"",""latencyMs"":10},{""itemType"":""flight"",""operation"":""RESERVE"",""outcome"":""SUCCEEDED"",""latencyMs"":7},{""itemType"":""hotel"",""operation"":""CONFIRM"",""outcome"":""SUCCEEDED"",""latencyMs"":4},{""itemType"":""flight"",""operation"":""CONFIRM"",""outcome"":""FAILED"",""latencyMs"":5},{""itemType"":""flight"",""operation"":""CANCEL"",""outcome"":""SUCCEEDED"",""latencyMs"":4},{""itemType"":""hotel"",""operation"":""CANCEL"",""outcome"":""SUCCEEDED"",""latencyMs"":5}]",2,0,true,true,REFUNDED,0,2,0,LOW,20,PROCEED,,"{""k"":2,""point"":{""kind"":""confirm"",""index"":2},""expected"":{""state"":""ROLLED_BACK"",""compensationsSucceeded"":2,""compensationsFailed"":0,""captured"":true,""reversal"":""REFUNDED"",""confirmedLocks"":0}}"
20260924_215150_n6lu,E12-multi-provider-failure-points,k2-confirm@2,2,409,,dbefe80b-3f54-4e9e-84aa-b5139e005f11,ROLLED_BACK,PROVIDER_CONFIRM,false,229.793,202,"[{""itemType"":""hotel"",""operation"":""RESERVE"",""outcome"":""SUCCEEDED"",""latencyMs"":7},{""itemType"":""flight"",""operation"":""RESERVE"",""outcome"":""SUCCEEDED"",""latencyMs"":6},{""itemType"":""hotel"",""operation"":""CONFIRM"",""outcome"":""SUCCEEDED"",""latencyMs"":10},{""itemType"":""flight"",""operation"":""CONFIRM"",""outcome"":""FAILED"",""latencyMs"":10},{""itemType"":""flight"",""operation"":""CANCEL"",""outcome"":""SUCCEEDED"",""latencyMs"":8},{""itemType"":""hotel"",""operation"":""CANCEL"",""outcome"":""SUCCEEDED"",""latencyMs"":8}]",2,0,true,true,REFUNDED,0,2,0,LOW,20,PROCEED,,"{""k"":2,""point"":{""kind"":""confirm"",""index"":2},""expected"":{""state"":""ROLLED_BACK"",""compensationsSucceeded"":2,""compensationsFailed"":0,""captured"":true,""reversal"":""REFUNDED"",""confirmedLocks"":0}}"
20260924_215150_n6lu,E12-multi-provider-failure-points,k2-reserve@2+cancel@1,0,409,,d0adbdae-291b-4141-bf20-69fd0481e900,ROLLBACK_FAILED,PROVIDER_RESERVE,false,171.293,129,"[{""itemType"":""hotel"",""operation"":""RESERVE"",""outcome"":""SUCCEEDED"",""latencyMs"":6},{""itemType"":""flight"",""operation"":""RESERVE"",""outcome"":""FAILED"",""latencyMs"":6},{""itemType"":""hotel"",""operation"":""CANCEL"",""outcome"":""FAILED"",""latencyMs"":6}]",0,1,true,false,VOIDED,1,1,1,LOW,20,PROCEED,MANUAL_OPERATOR_REVIEW,"{""k"":2,""point"":{""kind"":""reserve-last+cancel-first""},""expected"":{""state"":""ROLLBACK_FAILED"",""compensationsSucceeded"":0,""compensationsFailed"":1,""captured"":false,""reversal"":""VOIDED"",""confirmedLocks"":1}}"
20260924_215150_n6lu,E12-multi-provider-failure-points,k2-reserve@2+cancel@1,1,409,,1ea4b1aa-516d-47e9-baf4-8107fc42200f,ROLLBACK_FAILED,PROVIDER_RESERVE,false,168.731,122,"[{""itemType"":""hotel"",""operation"":""RESERVE"",""outcome"":""SUCCEEDED"",""latencyMs"":5},{""itemType"":""flight"",""operation"":""RESERVE"",""outcome"":""FAILED"",""latencyMs"":7},{""itemType"":""hotel"",""operation"":""CANCEL"",""outcome"":""FAILED"",""latencyMs"":5}]",0,1,true,false,VOIDED,1,1,1,LOW,20,PROCEED,MANUAL_OPERATOR_REVIEW,"{""k"":2,""point"":{""kind"":""reserve-last+cancel-first""},""expected"":{""state"":""ROLLBACK_FAILED"",""compensationsSucceeded"":0,""compensationsFailed"":1,""captured"":false,""reversal"":""VOIDED"",""confirmedLocks"":1}}"
20260924_215150_n6lu,E12-multi-provider-failure-points,k2-reserve@2+cancel@1,2,409,,80281d45-e445-4679-b1db-1e644b46a423,ROLLBACK_FAILED,PROVIDER_RESERVE,false,171.475,115,"[{""itemType"":""hotel"",""operation"":""RESERVE"",""outcome"":""SUCCEEDED"",""latencyMs"":4},{""itemType"":""flight"",""operation"":""RESERVE"",""outcome"":""FAILED"",""latencyMs"":12},{""itemType"":""hotel"",""operation"":""CANCEL"",""outcome"":""FAILED"",""latencyMs"":11}]",0,1,true,false,VOIDED,1,1,1,LOW,20,PROCEED,MANUAL_OPERATOR_REVIEW,"{""k"":2,""point"":{""kind"":""reserve-last+cancel-first""},""expected"":{""state"":""ROLLBACK_FAILED"",""compensationsSucceeded"":0,""compensationsFailed"":1,""captured"":false,""reversal"":""VOIDED"",""confirmedLocks"":1}}"
20260924_215150_n6lu,E12-multi-provider-failure-points,k3-none,0,201,,6ce81f51-f61c-4708-a4d4-077f95e9969f,COMPLETED,,false,239.635,218,"[{""itemType"":""hotel"",""operation"":""RESERVE"",""outcome"":""SUCCEEDED"",""latencyMs"":15},{""itemType"":""flight"",""operation"":""RESERVE"",""outcome"":""SUCCEEDED"",""latencyMs"":9},{""itemType"":""transport"",""operation"":""RESERVE"",""outcome"":""SUCCEEDED"",""latencyMs"":11},{""itemType"":""hotel"",""operation"":""CONFIRM"",""outcome"":""SUCCEEDED"",""latencyMs"":3},{""itemType"":""flight"",""operation"":""CONFIRM"",""outcome"":""SUCCEEDED"",""latencyMs"":5},{""itemType"":""transport"",""operation"":""CONFIRM"",""outcome"":""SUCCEEDED"",""latencyMs"":4}]",0,0,true,true,,3,0,0,LOW,30,PROCEED,,"{""k"":3,""point"":{""kind"":""none""},""expected"":{""state"":""COMPLETED"",""compensationsSucceeded"":0,""compensationsFailed"":0,""captured"":true,""reversal"":null,""confirmedLocks"":3}}"
20260924_215150_n6lu,E12-multi-provider-failure-points,k3-none,1,201,,5bdf6cc0-56a5-4c81-ac2d-e2d6dc39a07a,COMPLETED,,false,218.469,208,"[{""itemType"":""hotel"",""operation"":""RESERVE"",""outcome"":""SUCCEEDED"",""latencyMs"":12},{""itemType"":""flight"",""operation"":""RESERVE"",""outcome"":""SUCCEEDED"",""latencyMs"":6},{""itemType"":""transport"",""operation"":""RESERVE"",""outcome"":""SUCCEEDED"",""latencyMs"":18},{""itemType"":""hotel"",""operation"":""CONFIRM"",""outcome"":""SUCCEEDED"",""latencyMs"":3},{""itemType"":""flight"",""operation"":""CONFIRM"",""outcome"":""SUCCEEDED"",""latencyMs"":3},{""itemType"":""transport"",""operation"":""CONFIRM"",""outcome"":""SUCCEEDED"",""latencyMs"":3}]",0,0,true,true,,3,0,0,LOW,30,PROCEED,,"{""k"":3,""point"":{""kind"":""none""},""expected"":{""state"":""COMPLETED"",""compensationsSucceeded"":0,""compensationsFailed"":0,""captured"":true,""reversal"":null,""confirmedLocks"":3}}"
20260924_215150_n6lu,E12-multi-provider-failure-points,k3-none,2,201,,4c480f25-7400-4b89-babc-6edf1b2136f3,COMPLETED,,false,148.511,131,"[{""itemType"":""hotel"",""operation"":""RESERVE"",""outcome"":""SUCCEEDED"",""latencyMs"":7},{""itemType"":""flight"",""operation"":""RESERVE"",""outcome"":""SUCCEEDED"",""latencyMs"":6},{""itemType"":""transport"",""operation"":""RESERVE"",""outcome"":""SUCCEEDED"",""latencyMs"":3},{""itemType"":""hotel"",""operation"":""CONFIRM"",""outcome"":""SUCCEEDED"",""latencyMs"":5},{""itemType"":""flight"",""operation"":""CONFIRM"",""outcome"":""SUCCEEDED"",""latencyMs"":5},{""itemType"":""transport"",""operation"":""CONFIRM"",""outcome"":""SUCCEEDED"",""latencyMs"":3}]",0,0,true,true,,3,0,0,LOW,30,PROCEED,,"{""k"":3,""point"":{""kind"":""none""},""expected"":{""state"":""COMPLETED"",""compensationsSucceeded"":0,""compensationsFailed"":0,""captured"":true,""reversal"":null,""confirmedLocks"":3}}"
20260924_215150_n6lu,E12-multi-provider-failure-points,k3-reserve@1,0,409,,6939aa78-6121-4e28-96c8-01248f9e7206,ROLLED_BACK,PROVIDER_RESERVE,false,125.116,99,"[{""itemType"":""hotel"",""operation"":""RESERVE"",""outcome"":""FAILED"",""latencyMs"":7}]",0,0,true,false,VOIDED,0,3,0,LOW,30,PROCEED,,"{""k"":3,""point"":{""kind"":""reserve"",""index"":1},""expected"":{""state"":""ROLLED_BACK"",""compensationsSucceeded"":0,""compensationsFailed"":0,""captured"":false,""reversal"":""VOIDED"",""confirmedLocks"":0}}"
20260924_215150_n6lu,E12-multi-provider-failure-points,k3-reserve@1,1,409,,ff526b60-3c9b-4dae-ab99-e728c1ddd61f,ROLLED_BACK,PROVIDER_RESERVE,false,103.646,71,"[{""itemType"":""hotel"",""operation"":""RESERVE"",""outcome"":""FAILED"",""latencyMs"":3}]",0,0,true,false,VOIDED,0,3,0,LOW,30,PROCEED,,"{""k"":3,""point"":{""kind"":""reserve"",""index"":1},""expected"":{""state"":""ROLLED_BACK"",""compensationsSucceeded"":0,""compensationsFailed"":0,""captured"":false,""reversal"":""VOIDED"",""confirmedLocks"":0}}"
20260924_215150_n6lu,E12-multi-provider-failure-points,k3-reserve@1,2,409,,3d4f8682-c3e4-4013-8e06-9461181afb6a,ROLLED_BACK,PROVIDER_RESERVE,false,109.929,91,"[{""itemType"":""hotel"",""operation"":""RESERVE"",""outcome"":""FAILED"",""latencyMs"":5}]",0,0,true,false,VOIDED,0,3,0,LOW,30,PROCEED,,"{""k"":3,""point"":{""kind"":""reserve"",""index"":1},""expected"":{""state"":""ROLLED_BACK"",""compensationsSucceeded"":0,""compensationsFailed"":0,""captured"":false,""reversal"":""VOIDED"",""confirmedLocks"":0}}"
20260924_215150_n6lu,E12-multi-provider-failure-points,k3-reserve@2,0,409,,5325cb53-a83b-4664-ae9a-a1cd621f39d5,ROLLED_BACK,PROVIDER_RESERVE,false,116.806,88,"[{""itemType"":""hotel"",""operation"":""RESERVE"",""outcome"":""SUCCEEDED"",""latencyMs"":3},{""itemType"":""flight"",""operation"":""RESERVE"",""outcome"":""FAILED"",""latencyMs"":6},{""itemType"":""hotel"",""operation"":""CANCEL"",""outcome"":""SUCCEEDED"",""latencyMs"":4}]",1,0,true,false,VOIDED,0,3,0,LOW,30,PROCEED,,"{""k"":3,""point"":{""kind"":""reserve"",""index"":2},""expected"":{""state"":""ROLLED_BACK"",""compensationsSucceeded"":1,""compensationsFailed"":0,""captured"":false,""reversal"":""VOIDED"",""confirmedLocks"":0}}"
20260924_215150_n6lu,E12-multi-provider-failure-points,k3-reserve@2,1,409,,18a04bd2-7103-4293-932e-641ff9776c0e,ROLLED_BACK,PROVIDER_RESERVE,false,116.989,98,"[{""itemType"":""hotel"",""operation"":""RESERVE"",""outcome"":""SUCCEEDED"",""latencyMs"":3},{""itemType"":""flight"",""operation"":""RESERVE"",""outcome"":""FAILED"",""latencyMs"":5},{""itemType"":""hotel"",""operation"":""CANCEL"",""outcome"":""SUCCEEDED"",""latencyMs"":8}]",1,0,true,false,VOIDED,0,3,0,LOW,30,PROCEED,,"{""k"":3,""point"":{""kind"":""reserve"",""index"":2},""expected"":{""state"":""ROLLED_BACK"",""compensationsSucceeded"":1,""compensationsFailed"":0,""captured"":false,""reversal"":""VOIDED"",""confirmedLocks"":0}}"
20260924_215150_n6lu,E12-multi-provider-failure-points,k3-reserve@2,2,409,,5474ba94-8118-4dcb-8544-f8037bd5a98f,ROLLED_BACK,PROVIDER_RESERVE,false,132.954,98,"[{""itemType"":""hotel"",""operation"":""RESERVE"",""outcome"":""SUCCEEDED"",""latencyMs"":3},{""itemType"":""flight"",""operation"":""RESERVE"",""outcome"":""FAILED"",""latencyMs"":7},{""itemType"":""hotel"",""operation"":""CANCEL"",""outcome"":""SUCCEEDED"",""latencyMs"":10}]",1,0,true,false,VOIDED,0,3,0,LOW,30,PROCEED,,"{""k"":3,""point"":{""kind"":""reserve"",""index"":2},""expected"":{""state"":""ROLLED_BACK"",""compensationsSucceeded"":1,""compensationsFailed"":0,""captured"":false,""reversal"":""VOIDED"",""confirmedLocks"":0}}"
20260924_215150_n6lu,E12-multi-provider-failure-points,k3-reserve@3,0,409,,550028a6-aad8-4b15-a628-73fd0b75fe4f,ROLLED_BACK,PROVIDER_RESERVE,false,124.872,107,"[{""itemType"":""hotel"",""operation"":""RESERVE"",""outcome"":""SUCCEEDED"",""latencyMs"":4},{""itemType"":""flight"",""operation"":""RESERVE"",""outcome"":""SUCCEEDED"",""latencyMs"":3},{""itemType"":""transport"",""operation"":""RESERVE"",""outcome"":""FAILED"",""latencyMs"":4},{""itemType"":""flight"",""operation"":""CANCEL"",""outcome"":""SUCCEEDED"",""latencyMs"":4},{""itemType"":""hotel"",""operation"":""CANCEL"",""outcome"":""SUCCEEDED"",""latencyMs"":4}]",2,0,true,false,VOIDED,0,3,0,LOW,30,PROCEED,,"{""k"":3,""point"":{""kind"":""reserve"",""index"":3},""expected"":{""state"":""ROLLED_BACK"",""compensationsSucceeded"":2,""compensationsFailed"":0,""captured"":false,""reversal"":""VOIDED"",""confirmedLocks"":0}}"
20260924_215150_n6lu,E12-multi-provider-failure-points,k3-reserve@3,1,409,,a17356c4-1d5d-470e-a37a-d2a2906c246c,ROLLED_BACK,PROVIDER_RESERVE,false,155.596,141,"[{""itemType"":""hotel"",""operation"":""RESERVE"",""outcome"":""SUCCEEDED"",""latencyMs"":3},{""itemType"":""flight"",""operation"":""RESERVE"",""outcome"":""SUCCEEDED"",""latencyMs"":5},{""itemType"":""transport"",""operation"":""RESERVE"",""outcome"":""FAILED"",""latencyMs"":9},{""itemType"":""flight"",""operation"":""CANCEL"",""outcome"":""SUCCEEDED"",""latencyMs"":6},{""itemType"":""hotel"",""operation"":""CANCEL"",""outcome"":""SUCCEEDED"",""latencyMs"":4}]",2,0,true,false,VOIDED,0,3,0,LOW,30,PROCEED,,"{""k"":3,""point"":{""kind"":""reserve"",""index"":3},""expected"":{""state"":""ROLLED_BACK"",""compensationsSucceeded"":2,""compensationsFailed"":0,""captured"":false,""reversal"":""VOIDED"",""confirmedLocks"":0}}"
20260924_215150_n6lu,E12-multi-provider-failure-points,k3-reserve@3,2,409,,dc5954ae-8417-4763-9c82-60713865fd56,ROLLED_BACK,PROVIDER_RESERVE,false,172.194,144,"[{""itemType"":""hotel"",""operation"":""RESERVE"",""outcome"":""SUCCEEDED"",""latencyMs"":7},{""itemType"":""flight"",""operation"":""RESERVE"",""outcome"":""SUCCEEDED"",""latencyMs"":5},{""itemType"":""transport"",""operation"":""RESERVE"",""outcome"":""FAILED"",""latencyMs"":6},{""itemType"":""flight"",""operation"":""CANCEL"",""outcome"":""SUCCEEDED"",""latencyMs"":7},{""itemType"":""hotel"",""operation"":""CANCEL"",""outcome"":""SUCCEEDED"",""latencyMs"":4}]",2,0,true,false,VOIDED,0,3,0,LOW,30,PROCEED,,"{""k"":3,""point"":{""kind"":""reserve"",""index"":3},""expected"":{""state"":""ROLLED_BACK"",""compensationsSucceeded"":2,""compensationsFailed"":0,""captured"":false,""reversal"":""VOIDED"",""confirmedLocks"":0}}"
20260924_215150_n6lu,E12-multi-provider-failure-points,k3-confirm@1,0,409,,46437252-0d71-4bbd-9fc1-7d98bc4863e6,ROLLED_BACK,PROVIDER_CONFIRM,false,167.649,148,"[{""itemType"":""hotel"",""operation"":""RESERVE"",""outcome"":""SUCCEEDED"",""latencyMs"":5},{""itemType"":""flight"",""operation"":""RESERVE"",""outcome"":""SUCCEEDED"",""latencyMs"":3},{""itemType"":""transport"",""operation"":""RESERVE"",""outcome"":""SUCCEEDED"",""latencyMs"":3},{""itemType"":""hotel"",""operation"":""CONFIRM"",""outcome"":""FAILED"",""latencyMs"":4},{""itemType"":""transport"",""operation"":""CANCEL"",""outcome"":""SUCCEEDED"",""latencyMs"":7},{""itemType"":""flight"",""operation"":""CANCEL"",""outcome"":""SUCCEEDED"",""latencyMs"":5},{""itemType"":""hotel"",""operation"":""CANCEL"",""outcome"":""SUCCEEDED"",""latencyMs"":8}]",3,0,true,true,REFUNDED,0,3,0,LOW,30,PROCEED,,"{""k"":3,""point"":{""kind"":""confirm"",""index"":1},""expected"":{""state"":""ROLLED_BACK"",""compensationsSucceeded"":3,""compensationsFailed"":0,""captured"":true,""reversal"":""REFUNDED"",""confirmedLocks"":0}}"
20260924_215150_n6lu,E12-multi-provider-failure-points,k3-confirm@1,1,409,,dc8d04d2-75b1-4871-b15c-a9f57a76a5ca,ROLLED_BACK,PROVIDER_CONFIRM,false,185.597,174,"[{""itemType"":""hotel"",""operation"":""RESERVE"",""outcome"":""SUCCEEDED"",""latencyMs"":4},{""itemType"":""flight"",""operation"":""RESERVE"",""outcome"":""SUCCEEDED"",""latencyMs"":5},{""itemType"":""transport"",""operation"":""RESERVE"",""outcome"":""SUCCEEDED"",""latencyMs"":5},{""itemType"":""hotel"",""operation"":""CONFIRM"",""outcome"":""FAILED"",""latencyMs"":15},{""itemType"":""transport"",""operation"":""CANCEL"",""outcome"":""SUCCEEDED"",""latencyMs"":8},{""itemType"":""flight"",""operation"":""CANCEL"",""outcome"":""SUCCEEDED"",""latencyMs"":4},{""itemType"":""hotel"",""operation"":""CANCEL"",""outcome"":""SUCCEEDED"",""latencyMs"":4}]",3,0,true,true,REFUNDED,0,3,0,LOW,30,PROCEED,,"{""k"":3,""point"":{""kind"":""confirm"",""index"":1},""expected"":{""state"":""ROLLED_BACK"",""compensationsSucceeded"":3,""compensationsFailed"":0,""captured"":true,""reversal"":""REFUNDED"",""confirmedLocks"":0}}"
20260924_215150_n6lu,E12-multi-provider-failure-points,k3-confirm@1,2,409,,bd29be36-dbbd-43cf-86d7-2180500466a2,ROLLED_BACK,PROVIDER_CONFIRM,false,137.539,125,"[{""itemType"":""hotel"",""operation"":""RESERVE"",""outcome"":""SUCCEEDED"",""latencyMs"":5},{""itemType"":""flight"",""operation"":""RESERVE"",""outcome"":""SUCCEEDED"",""latencyMs"":6},{""itemType"":""transport"",""operation"":""RESERVE"",""outcome"":""SUCCEEDED"",""latencyMs"":3},{""itemType"":""hotel"",""operation"":""CONFIRM"",""outcome"":""FAILED"",""latencyMs"":5},{""itemType"":""transport"",""operation"":""CANCEL"",""outcome"":""SUCCEEDED"",""latencyMs"":3},{""itemType"":""flight"",""operation"":""CANCEL"",""outcome"":""SUCCEEDED"",""latencyMs"":4},{""itemType"":""hotel"",""operation"":""CANCEL"",""outcome"":""SUCCEEDED"",""latencyMs"":4}]",3,0,true,true,REFUNDED,0,3,0,LOW,30,PROCEED,,"{""k"":3,""point"":{""kind"":""confirm"",""index"":1},""expected"":{""state"":""ROLLED_BACK"",""compensationsSucceeded"":3,""compensationsFailed"":0,""captured"":true,""reversal"":""REFUNDED"",""confirmedLocks"":0}}"
20260924_215150_n6lu,E12-multi-provider-failure-points,k3-confirm@2,0,409,,7277362c-817b-4504-aa8e-3d595c08c03e,ROLLED_BACK,PROVIDER_CONFIRM,false,136.321,126,"[{""itemType"":""hotel"",""operation"":""RESERVE"",""outcome"":""SUCCEEDED"",""latencyMs"":3},{""itemType"":""flight"",""operation"":""RESERVE"",""outcome"":""SUCCEEDED"",""latencyMs"":2},{""itemType"":""transport"",""operation"":""RESERVE"",""outcome"":""SUCCEEDED"",""latencyMs"":3},{""itemType"":""hotel"",""operation"":""CONFIRM"",""outcome"":""SUCCEEDED"",""latencyMs"":3},{""itemType"":""flight"",""operation"":""CONFIRM"",""outcome"":""FAILED"",""latencyMs"":4},{""itemType"":""transport"",""operation"":""CANCEL"",""outcome"":""SUCCEEDED"",""latencyMs"":4},{""itemType"":""flight"",""operation"":""CANCEL"",""outcome"":""SUCCEEDED"",""latencyMs"":3},{""itemType"":""hotel"",""operation"":""CANCEL"",""outcome"":""SUCCEEDED"",""latencyMs"":3}]",3,0,true,true,REFUNDED,0,3,0,LOW,30,PROCEED,,"{""k"":3,""point"":{""kind"":""confirm"",""index"":2},""expected"":{""state"":""ROLLED_BACK"",""compensationsSucceeded"":3,""compensationsFailed"":0,""captured"":true,""reversal"":""REFUNDED"",""confirmedLocks"":0}}"
20260924_215150_n6lu,E12-multi-provider-failure-points,k3-confirm@2,1,409,,93135d54-e8f2-49a4-9de6-b4636e3927fe,ROLLED_BACK,PROVIDER_CONFIRM,false,130.437,114,"[{""itemType"":""hotel"",""operation"":""RESERVE"",""outcome"":""SUCCEEDED"",""latencyMs"":3},{""itemType"":""flight"",""operation"":""RESERVE"",""outcome"":""SUCCEEDED"",""latencyMs"":4},{""itemType"":""transport"",""operation"":""RESERVE"",""outcome"":""SUCCEEDED"",""latencyMs"":3},{""itemType"":""hotel"",""operation"":""CONFIRM"",""outcome"":""SUCCEEDED"",""latencyMs"":2},{""itemType"":""flight"",""operation"":""CONFIRM"",""outcome"":""FAILED"",""latencyMs"":3},{""itemType"":""transport"",""operation"":""CANCEL"",""outcome"":""SUCCEEDED"",""latencyMs"":3},{""itemType"":""flight"",""operation"":""CANCEL"",""outcome"":""SUCCEEDED"",""latencyMs"":3},{""itemType"":""hotel"",""operation"":""CANCEL"",""outcome"":""SUCCEEDED"",""latencyMs"":5}]",3,0,true,true,REFUNDED,0,3,0,LOW,30,PROCEED,,"{""k"":3,""point"":{""kind"":""confirm"",""index"":2},""expected"":{""state"":""ROLLED_BACK"",""compensationsSucceeded"":3,""compensationsFailed"":0,""captured"":true,""reversal"":""REFUNDED"",""confirmedLocks"":0}}"
20260924_215150_n6lu,E12-multi-provider-failure-points,k3-confirm@2,2,409,,e8001908-4814-4c21-a561-6467ace1a3f6,ROLLED_BACK,PROVIDER_CONFIRM,false,126.969,114,"[{""itemType"":""hotel"",""operation"":""RESERVE"",""outcome"":""SUCCEEDED"",""latencyMs"":6},{""itemType"":""flight"",""operation"":""RESERVE"",""outcome"":""SUCCEEDED"",""latencyMs"":3},{""itemType"":""transport"",""operation"":""RESERVE"",""outcome"":""SUCCEEDED"",""latencyMs"":2},{""itemType"":""hotel"",""operation"":""CONFIRM"",""outcome"":""SUCCEEDED"",""latencyMs"":3},{""itemType"":""flight"",""operation"":""CONFIRM"",""outcome"":""FAILED"",""latencyMs"":5},{""itemType"":""transport"",""operation"":""CANCEL"",""outcome"":""SUCCEEDED"",""latencyMs"":3},{""itemType"":""flight"",""operation"":""CANCEL"",""outcome"":""SUCCEEDED"",""latencyMs"":5},{""itemType"":""hotel"",""operation"":""CANCEL"",""outcome"":""SUCCEEDED"",""latencyMs"":3}]",3,0,true,true,REFUNDED,0,3,0,LOW,30,PROCEED,,"{""k"":3,""point"":{""kind"":""confirm"",""index"":2},""expected"":{""state"":""ROLLED_BACK"",""compensationsSucceeded"":3,""compensationsFailed"":0,""captured"":true,""reversal"":""REFUNDED"",""confirmedLocks"":0}}"
20260924_215150_n6lu,E12-multi-provider-failure-points,k3-confirm@3,0,409,,b23e7a99-e10c-4509-a858-df42de13b5df,ROLLED_BACK,PROVIDER_CONFIRM,false,130.17,118,"[{""itemType"":""hotel"",""operation"":""RESERVE"",""outcome"":""SUCCEEDED"",""latencyMs"":5},{""itemType"":""flight"",""operation"":""RESERVE"",""outcome"":""SUCCEEDED"",""latencyMs"":2},{""itemType"":""transport"",""operation"":""RESERVE"",""outcome"":""SUCCEEDED"",""latencyMs"":3},{""itemType"":""hotel"",""operation"":""CONFIRM"",""outcome"":""SUCCEEDED"",""latencyMs"":3},{""itemType"":""flight"",""operation"":""CONFIRM"",""outcome"":""SUCCEEDED"",""latencyMs"":3},{""itemType"":""transport"",""operation"":""CONFIRM"",""outcome"":""FAILED"",""latencyMs"":3},{""itemType"":""transport"",""operation"":""CANCEL"",""outcome"":""SUCCEEDED"",""latencyMs"":4},{""itemType"":""flight"",""operation"":""CANCEL"",""outcome"":""SUCCEEDED"",""latencyMs"":3},{""itemType"":""hotel"",""operation"":""CANCEL"",""outcome"":""SUCCEEDED"",""latencyMs"":3}]",3,0,true,true,REFUNDED,0,3,0,LOW,30,PROCEED,,"{""k"":3,""point"":{""kind"":""confirm"",""index"":3},""expected"":{""state"":""ROLLED_BACK"",""compensationsSucceeded"":3,""compensationsFailed"":0,""captured"":true,""reversal"":""REFUNDED"",""confirmedLocks"":0}}"
20260924_215150_n6lu,E12-multi-provider-failure-points,k3-confirm@3,1,409,,54982f15-c66c-4d0f-a4a0-3765b0edcf22,ROLLED_BACK,PROVIDER_CONFIRM,false,143.034,124,"[{""itemType"":""hotel"",""operation"":""RESERVE"",""outcome"":""SUCCEEDED"",""latencyMs"":2},{""itemType"":""flight"",""operation"":""RESERVE"",""outcome"":""SUCCEEDED"",""latencyMs"":2},{""itemType"":""transport"",""operation"":""RESERVE"",""outcome"":""SUCCEEDED"",""latencyMs"":3},{""itemType"":""hotel"",""operation"":""CONFIRM"",""outcome"":""SUCCEEDED"",""latencyMs"":3},{""itemType"":""flight"",""operation"":""CONFIRM"",""outcome"":""SUCCEEDED"",""latencyMs"":3},{""itemType"":""transport"",""operation"":""CONFIRM"",""outcome"":""FAILED"",""latencyMs"":3},{""itemType"":""transport"",""operation"":""CANCEL"",""outcome"":""SUCCEEDED"",""latencyMs"":3},{""itemType"":""flight"",""operation"":""CANCEL"",""outcome"":""SUCCEEDED"",""latencyMs"":3},{""itemType"":""hotel"",""operation"":""CANCEL"",""outcome"":""SUCCEEDED"",""latencyMs"":5}]",3,0,true,true,REFUNDED,0,3,0,LOW,30,PROCEED,,"{""k"":3,""point"":{""kind"":""confirm"",""index"":3},""expected"":{""state"":""ROLLED_BACK"",""compensationsSucceeded"":3,""compensationsFailed"":0,""captured"":true,""reversal"":""REFUNDED"",""confirmedLocks"":0}}"
20260924_215150_n6lu,E12-multi-provider-failure-points,k3-confirm@3,2,409,,3e29f6a0-e588-473d-833c-cce019131545,ROLLED_BACK,PROVIDER_CONFIRM,false,265.709,238,"[{""itemType"":""hotel"",""operation"":""RESERVE"",""outcome"":""SUCCEEDED"",""latencyMs"":4},{""itemType"":""flight"",""operation"":""RESERVE"",""outcome"":""SUCCEEDED"",""latencyMs"":3},{""itemType"":""transport"",""operation"":""RESERVE"",""outcome"":""SUCCEEDED"",""latencyMs"":3},{""itemType"":""hotel"",""operation"":""CONFIRM"",""outcome"":""SUCCEEDED"",""latencyMs"":12},{""itemType"":""flight"",""operation"":""CONFIRM"",""outcome"":""SUCCEEDED"",""latencyMs"":18},{""itemType"":""transport"",""operation"":""CONFIRM"",""outcome"":""FAILED"",""latencyMs"":8},{""itemType"":""transport"",""operation"":""CANCEL"",""outcome"":""SUCCEEDED"",""latencyMs"":9},{""itemType"":""flight"",""operation"":""CANCEL"",""outcome"":""SUCCEEDED"",""latencyMs"":8},{""itemType"":""hotel"",""operation"":""CANCEL"",""outcome"":""SUCCEEDED"",""latencyMs"":12}]",3,0,true,true,REFUNDED,0,3,0,LOW,30,PROCEED,,"{""k"":3,""point"":{""kind"":""confirm"",""index"":3},""expected"":{""state"":""ROLLED_BACK"",""compensationsSucceeded"":3,""compensationsFailed"":0,""captured"":true,""reversal"":""REFUNDED"",""confirmedLocks"":0}}"
20260924_215150_n6lu,E12-multi-provider-failure-points,k3-reserve@3+cancel@1,0,409,,ffd5cd5d-155d-4a5e-8d68-a843ebe1df47,ROLLBACK_FAILED,PROVIDER_RESERVE,false,178.283,139,"[{""itemType"":""hotel"",""operation"":""RESERVE"",""outcome"":""SUCCEEDED"",""latencyMs"":6},{""itemType"":""flight"",""operation"":""RESERVE"",""outcome"":""SUCCEEDED"",""latencyMs"":3},{""itemType"":""transport"",""operation"":""RESERVE"",""outcome"":""FAILED"",""latencyMs"":5},{""itemType"":""flight"",""operation"":""CANCEL"",""outcome"":""SUCCEEDED"",""latencyMs"":4},{""itemType"":""hotel"",""operation"":""CANCEL"",""outcome"":""FAILED"",""latencyMs"":5}]",1,1,true,false,VOIDED,1,2,1,LOW,30,PROCEED,MANUAL_OPERATOR_REVIEW,"{""k"":3,""point"":{""kind"":""reserve-last+cancel-first""},""expected"":{""state"":""ROLLBACK_FAILED"",""compensationsSucceeded"":1,""compensationsFailed"":1,""captured"":false,""reversal"":""VOIDED"",""confirmedLocks"":1}}"
20260924_215150_n6lu,E12-multi-provider-failure-points,k3-reserve@3+cancel@1,1,409,,ac538807-09c9-4734-8e42-b193c24bb54d,ROLLBACK_FAILED,PROVIDER_RESERVE,false,207.122,163,"[{""itemType"":""hotel"",""operation"":""RESERVE"",""outcome"":""SUCCEEDED"",""latencyMs"":5},{""itemType"":""flight"",""operation"":""RESERVE"",""outcome"":""SUCCEEDED"",""latencyMs"":5},{""itemType"":""transport"",""operation"":""RESERVE"",""outcome"":""FAILED"",""latencyMs"":6},{""itemType"":""flight"",""operation"":""CANCEL"",""outcome"":""SUCCEEDED"",""latencyMs"":5},{""itemType"":""hotel"",""operation"":""CANCEL"",""outcome"":""FAILED"",""latencyMs"":13}]",1,1,true,false,VOIDED,1,2,1,LOW,30,PROCEED,MANUAL_OPERATOR_REVIEW,"{""k"":3,""point"":{""kind"":""reserve-last+cancel-first""},""expected"":{""state"":""ROLLBACK_FAILED"",""compensationsSucceeded"":1,""compensationsFailed"":1,""captured"":false,""reversal"":""VOIDED"",""confirmedLocks"":1}}"
20260924_215150_n6lu,E12-multi-provider-failure-points,k3-reserve@3+cancel@1,2,409,,87d95185-6971-44a3-978a-18805ebe3eb0,ROLLBACK_FAILED,PROVIDER_RESERVE,false,244.433,185,"[{""itemType"":""hotel"",""operation"":""RESERVE"",""outcome"":""SUCCEEDED"",""latencyMs"":6},{""itemType"":""flight"",""operation"":""RESERVE"",""outcome"":""SUCCEEDED"",""latencyMs"":3},{""itemType"":""transport"",""operation"":""RESERVE"",""outcome"":""FAILED"",""latencyMs"":6},{""itemType"":""flight"",""operation"":""CANCEL"",""outcome"":""SUCCEEDED"",""latencyMs"":6},{""itemType"":""hotel"",""operation"":""CANCEL"",""outcome"":""FAILED"",""latencyMs"":8}]",1,1,true,false,VOIDED,1,2,1,LOW,30,PROCEED,MANUAL_OPERATOR_REVIEW,"{""k"":3,""point"":{""kind"":""reserve-last+cancel-first""},""expected"":{""state"":""ROLLBACK_FAILED"",""compensationsSucceeded"":1,""compensationsFailed"":1,""captured"":false,""reversal"":""VOIDED"",""confirmedLocks"":1}}"
20260924_215150_n6lu,E12-multi-provider-failure-points,k4-none,0,201,,b2ff635e-5f83-4c37-a179-ac27761d4201,COMPLETED,,false,258.923,242,"[{""itemType"":""hotel"",""operation"":""RESERVE"",""outcome"":""SUCCEEDED"",""latencyMs"":3},{""itemType"":""flight"",""operation"":""RESERVE"",""outcome"":""SUCCEEDED"",""latencyMs"":6},{""itemType"":""transport"",""operation"":""RESERVE"",""outcome"":""SUCCEEDED"",""latencyMs"":3},{""itemType"":""activity"",""operation"":""RESERVE"",""outcome"":""SUCCEEDED"",""latencyMs"":8},{""itemType"":""hotel"",""operation"":""CONFIRM"",""outcome"":""SUCCEEDED"",""latencyMs"":17},{""itemType"":""flight"",""operation"":""CONFIRM"",""outcome"":""SUCCEEDED"",""latencyMs"":4},{""itemType"":""transport"",""operation"":""CONFIRM"",""outcome"":""SUCCEEDED"",""latencyMs"":5},{""itemType"":""activity"",""operation"":""CONFIRM"",""outcome"":""SUCCEEDED"",""latencyMs"":5}]",0,0,true,true,,4,0,0,MEDIUM,40,PROCEED,,"{""k"":4,""point"":{""kind"":""none""},""expected"":{""state"":""COMPLETED"",""compensationsSucceeded"":0,""compensationsFailed"":0,""captured"":true,""reversal"":null,""confirmedLocks"":4}}"
20260924_215150_n6lu,E12-multi-provider-failure-points,k4-none,1,201,,4f20adb0-1931-45f7-b687-04c310419d7c,COMPLETED,,false,333.109,304,"[{""itemType"":""hotel"",""operation"":""RESERVE"",""outcome"":""SUCCEEDED"",""latencyMs"":6},{""itemType"":""flight"",""operation"":""RESERVE"",""outcome"":""SUCCEEDED"",""latencyMs"":6},{""itemType"":""transport"",""operation"":""RESERVE"",""outcome"":""SUCCEEDED"",""latencyMs"":6},{""itemType"":""activity"",""operation"":""RESERVE"",""outcome"":""SUCCEEDED"",""latencyMs"":5},{""itemType"":""hotel"",""operation"":""CONFIRM"",""outcome"":""SUCCEEDED"",""latencyMs"":15},{""itemType"":""flight"",""operation"":""CONFIRM"",""outcome"":""SUCCEEDED"",""latencyMs"":12},{""itemType"":""transport"",""operation"":""CONFIRM"",""outcome"":""SUCCEEDED"",""latencyMs"":6},{""itemType"":""activity"",""operation"":""CONFIRM"",""outcome"":""SUCCEEDED"",""latencyMs"":5}]",0,0,true,true,,4,0,0,MEDIUM,40,PROCEED,,"{""k"":4,""point"":{""kind"":""none""},""expected"":{""state"":""COMPLETED"",""compensationsSucceeded"":0,""compensationsFailed"":0,""captured"":true,""reversal"":null,""confirmedLocks"":4}}"
20260924_215150_n6lu,E12-multi-provider-failure-points,k4-none,2,201,,11a4fe8a-199b-4224-95cb-bab2a8e5baa2,COMPLETED,,false,265.123,250,"[{""itemType"":""hotel"",""operation"":""RESERVE"",""outcome"":""SUCCEEDED"",""latencyMs"":8},{""itemType"":""flight"",""operation"":""RESERVE"",""outcome"":""SUCCEEDED"",""latencyMs"":10},{""itemType"":""transport"",""operation"":""RESERVE"",""outcome"":""SUCCEEDED"",""latencyMs"":5},{""itemType"":""activity"",""operation"":""RESERVE"",""outcome"":""SUCCEEDED"",""latencyMs"":3},{""itemType"":""hotel"",""operation"":""CONFIRM"",""outcome"":""SUCCEEDED"",""latencyMs"":3},{""itemType"":""flight"",""operation"":""CONFIRM"",""outcome"":""SUCCEEDED"",""latencyMs"":3},{""itemType"":""transport"",""operation"":""CONFIRM"",""outcome"":""SUCCEEDED"",""latencyMs"":5},{""itemType"":""activity"",""operation"":""CONFIRM"",""outcome"":""SUCCEEDED"",""latencyMs"":4}]",0,0,true,true,,4,0,0,MEDIUM,40,PROCEED,,"{""k"":4,""point"":{""kind"":""none""},""expected"":{""state"":""COMPLETED"",""compensationsSucceeded"":0,""compensationsFailed"":0,""captured"":true,""reversal"":null,""confirmedLocks"":4}}"
20260924_215150_n6lu,E12-multi-provider-failure-points,k4-reserve@1,0,409,,2f59be15-f00b-4ada-bbba-a0a77bd46132,ROLLED_BACK,PROVIDER_RESERVE,false,77.007,58,"[{""itemType"":""hotel"",""operation"":""RESERVE"",""outcome"":""FAILED"",""latencyMs"":4}]",0,0,true,false,VOIDED,0,4,0,MEDIUM,40,PROCEED,,"{""k"":4,""point"":{""kind"":""reserve"",""index"":1},""expected"":{""state"":""ROLLED_BACK"",""compensationsSucceeded"":0,""compensationsFailed"":0,""captured"":false,""reversal"":""VOIDED"",""confirmedLocks"":0}}"
20260924_215150_n6lu,E12-multi-provider-failure-points,k4-reserve@1,1,409,,6ea905c7-44db-4cf8-a514-150a58eac2ad,ROLLED_BACK,PROVIDER_RESERVE,false,188.606,170,"[{""itemType"":""hotel"",""operation"":""RESERVE"",""outcome"":""FAILED"",""latencyMs"":10}]",0,0,true,false,VOIDED,0,4,0,MEDIUM,40,PROCEED,,"{""k"":4,""point"":{""kind"":""reserve"",""index"":1},""expected"":{""state"":""ROLLED_BACK"",""compensationsSucceeded"":0,""compensationsFailed"":0,""captured"":false,""reversal"":""VOIDED"",""confirmedLocks"":0}}"
20260924_215150_n6lu,E12-multi-provider-failure-points,k4-reserve@1,2,409,,dc58ff83-4e4c-4069-b622-ff8922e938fe,ROLLED_BACK,PROVIDER_RESERVE,false,116.409,93,"[{""itemType"":""hotel"",""operation"":""RESERVE"",""outcome"":""FAILED"",""latencyMs"":4}]",0,0,true,false,VOIDED,0,4,0,MEDIUM,40,PROCEED,,"{""k"":4,""point"":{""kind"":""reserve"",""index"":1},""expected"":{""state"":""ROLLED_BACK"",""compensationsSucceeded"":0,""compensationsFailed"":0,""captured"":false,""reversal"":""VOIDED"",""confirmedLocks"":0}}"
20260924_215150_n6lu,E12-multi-provider-failure-points,k4-reserve@2,0,409,,8bbe5a3a-9216-4821-8b89-0903d97eed85,ROLLED_BACK,PROVIDER_RESERVE,false,110.461,92,"[{""itemType"":""hotel"",""operation"":""RESERVE"",""outcome"":""SUCCEEDED"",""latencyMs"":4},{""itemType"":""flight"",""operation"":""RESERVE"",""outcome"":""FAILED"",""latencyMs"":4},{""itemType"":""hotel"",""operation"":""CANCEL"",""outcome"":""SUCCEEDED"",""latencyMs"":3}]",1,0,true,false,VOIDED,0,4,0,MEDIUM,40,PROCEED,,"{""k"":4,""point"":{""kind"":""reserve"",""index"":2},""expected"":{""state"":""ROLLED_BACK"",""compensationsSucceeded"":1,""compensationsFailed"":0,""captured"":false,""reversal"":""VOIDED"",""confirmedLocks"":0}}"
20260924_215150_n6lu,E12-multi-provider-failure-points,k4-reserve@2,1,409,,33e47ff8-77d4-45b8-9c72-88f33eb5fd07,ROLLED_BACK,PROVIDER_RESERVE,false,578.791,510,"[{""itemType"":""hotel"",""operation"":""RESERVE"",""outcome"":""SUCCEEDED"",""latencyMs"":21},{""itemType"":""flight"",""operation"":""RESERVE"",""outcome"":""FAILED"",""latencyMs"":34},{""itemType"":""hotel"",""operation"":""CANCEL"",""outcome"":""SUCCEEDED"",""latencyMs"":53}]",1,0,true,false,VOIDED,0,4,0,MEDIUM,40,PROCEED,,"{""k"":4,""point"":{""kind"":""reserve"",""index"":2},""expected"":{""state"":""ROLLED_BACK"",""compensationsSucceeded"":1,""compensationsFailed"":0,""captured"":false,""reversal"":""VOIDED"",""confirmedLocks"":0}}"
20260924_215150_n6lu,E12-multi-provider-failure-points,k4-reserve@2,2,409,,d60697f4-1217-4c32-a840-ff70fdb8e117,ROLLED_BACK,PROVIDER_RESERVE,false,207.272,163,"[{""itemType"":""hotel"",""operation"":""RESERVE"",""outcome"":""SUCCEEDED"",""latencyMs"":4},{""itemType"":""flight"",""operation"":""RESERVE"",""outcome"":""FAILED"",""latencyMs"":6},{""itemType"":""hotel"",""operation"":""CANCEL"",""outcome"":""SUCCEEDED"",""latencyMs"":8}]",1,0,true,false,VOIDED,0,4,0,MEDIUM,40,PROCEED,,"{""k"":4,""point"":{""kind"":""reserve"",""index"":2},""expected"":{""state"":""ROLLED_BACK"",""compensationsSucceeded"":1,""compensationsFailed"":0,""captured"":false,""reversal"":""VOIDED"",""confirmedLocks"":0}}"
20260924_215150_n6lu,E12-multi-provider-failure-points,k4-reserve@3,0,409,,750aa486-6793-4c93-9c9a-8789b918b64d,ROLLED_BACK,PROVIDER_RESERVE,false,262.048,221,"[{""itemType"":""hotel"",""operation"":""RESERVE"",""outcome"":""SUCCEEDED"",""latencyMs"":6},{""itemType"":""flight"",""operation"":""RESERVE"",""outcome"":""SUCCEEDED"",""latencyMs"":12},{""itemType"":""transport"",""operation"":""RESERVE"",""outcome"":""FAILED"",""latencyMs"":9},{""itemType"":""flight"",""operation"":""CANCEL"",""outcome"":""SUCCEEDED"",""latencyMs"":8},{""itemType"":""hotel"",""operation"":""CANCEL"",""outcome"":""SUCCEEDED"",""latencyMs"":7}]",2,0,true,false,VOIDED,0,4,0,MEDIUM,40,PROCEED,,"{""k"":4,""point"":{""kind"":""reserve"",""index"":3},""expected"":{""state"":""ROLLED_BACK"",""compensationsSucceeded"":2,""compensationsFailed"":0,""captured"":false,""reversal"":""VOIDED"",""confirmedLocks"":0}}"
20260924_215150_n6lu,E12-multi-provider-failure-points,k4-reserve@3,1,409,,f54cd0f6-fdbe-45e5-87bc-c42af3b8d3eb,ROLLED_BACK,PROVIDER_RESERVE,false,301.836,257,"[{""itemType"":""hotel"",""operation"":""RESERVE"",""outcome"":""SUCCEEDED"",""latencyMs"":9},{""itemType"":""flight"",""operation"":""RESERVE"",""outcome"":""SUCCEEDED"",""latencyMs"":9},{""itemType"":""transport"",""operation"":""RESERVE"",""outcome"":""FAILED"",""latencyMs"":13},{""itemType"":""flight"",""operation"":""CANCEL"",""outcome"":""SUCCEEDED"",""latencyMs"":8},{""itemType"":""hotel"",""operation"":""CANCEL"",""outcome"":""SUCCEEDED"",""latencyMs"":10}]",2,0,true,false,VOIDED,0,4,0,MEDIUM,40,PROCEED,,"{""k"":4,""point"":{""kind"":""reserve"",""index"":3},""expected"":{""state"":""ROLLED_BACK"",""compensationsSucceeded"":2,""compensationsFailed"":0,""captured"":false,""reversal"":""VOIDED"",""confirmedLocks"":0}}"
20260924_215150_n6lu,E12-multi-provider-failure-points,k4-reserve@3,2,409,,83b33ec2-5757-4ac0-947c-c70eb870f3f1,ROLLED_BACK,PROVIDER_RESERVE,false,261.048,237,"[{""itemType"":""hotel"",""operation"":""RESERVE"",""outcome"":""SUCCEEDED"",""latencyMs"":4},{""itemType"":""flight"",""operation"":""RESERVE"",""outcome"":""SUCCEEDED"",""latencyMs"":3},{""itemType"":""transport"",""operation"":""RESERVE"",""outcome"":""FAILED"",""latencyMs"":5},{""itemType"":""flight"",""operation"":""CANCEL"",""outcome"":""SUCCEEDED"",""latencyMs"":5},{""itemType"":""hotel"",""operation"":""CANCEL"",""outcome"":""SUCCEEDED"",""latencyMs"":4}]",2,0,true,false,VOIDED,0,4,0,MEDIUM,40,PROCEED,,"{""k"":4,""point"":{""kind"":""reserve"",""index"":3},""expected"":{""state"":""ROLLED_BACK"",""compensationsSucceeded"":2,""compensationsFailed"":0,""captured"":false,""reversal"":""VOIDED"",""confirmedLocks"":0}}"
20260924_215150_n6lu,E12-multi-provider-failure-points,k4-reserve@4,0,409,,22269de6-a559-43d4-9bed-2bacf08cc6ac,ROLLED_BACK,PROVIDER_RESERVE,false,287.821,247,"[{""itemType"":""hotel"",""operation"":""RESERVE"",""outcome"":""SUCCEEDED"",""latencyMs"":6},{""itemType"":""flight"",""operation"":""RESERVE"",""outcome"":""SUCCEEDED"",""latencyMs"":4},{""itemType"":""transport"",""operation"":""RESERVE"",""outcome"":""SUCCEEDED"",""latencyMs"":5},{""itemType"":""activity"",""operation"":""RESERVE"",""outcome"":""FAILED"",""latencyMs"":6},{""itemType"":""transport"",""operation"":""CANCEL"",""outcome"":""SUCCEEDED"",""latencyMs"":8},{""itemType"":""flight"",""operation"":""CANCEL"",""outcome"":""SUCCEEDED"",""latencyMs"":7},{""itemType"":""hotel"",""operation"":""CANCEL"",""outcome"":""SUCCEEDED"",""latencyMs"":7}]",3,0,true,false,VOIDED,0,4,0,MEDIUM,40,PROCEED,,"{""k"":4,""point"":{""kind"":""reserve"",""index"":4},""expected"":{""state"":""ROLLED_BACK"",""compensationsSucceeded"":3,""compensationsFailed"":0,""captured"":false,""reversal"":""VOIDED"",""confirmedLocks"":0}}"
20260924_215150_n6lu,E12-multi-provider-failure-points,k4-reserve@4,1,409,,09835095-a764-483c-be26-e800aafc4b46,ROLLED_BACK,PROVIDER_RESERVE,false,442.3,419,"[{""itemType"":""hotel"",""operation"":""RESERVE"",""outcome"":""SUCCEEDED"",""latencyMs"":12},{""itemType"":""flight"",""operation"":""RESERVE"",""outcome"":""SUCCEEDED"",""latencyMs"":11},{""itemType"":""transport"",""operation"":""RESERVE"",""outcome"":""SUCCEEDED"",""latencyMs"":8},{""itemType"":""activity"",""operation"":""RESERVE"",""outcome"":""FAILED"",""latencyMs"":11},{""itemType"":""transport"",""operation"":""CANCEL"",""outcome"":""SUCCEEDED"",""latencyMs"":6},{""itemType"":""flight"",""operation"":""CANCEL"",""outcome"":""SUCCEEDED"",""latencyMs"":5},{""itemType"":""hotel"",""operation"":""CANCEL"",""outcome"":""SUCCEEDED"",""latencyMs"":5}]",3,0,true,false,VOIDED,0,4,0,MEDIUM,40,PROCEED,,"{""k"":4,""point"":{""kind"":""reserve"",""index"":4},""expected"":{""state"":""ROLLED_BACK"",""compensationsSucceeded"":3,""compensationsFailed"":0,""captured"":false,""reversal"":""VOIDED"",""confirmedLocks"":0}}"
20260924_215150_n6lu,E12-multi-provider-failure-points,k4-reserve@4,2,409,,5047fae6-8fd5-4e46-bb22-86578424c7ca,ROLLED_BACK,PROVIDER_RESERVE,false,550.904,484,"[{""itemType"":""hotel"",""operation"":""RESERVE"",""outcome"":""SUCCEEDED"",""latencyMs"":15},{""itemType"":""flight"",""operation"":""RESERVE"",""outcome"":""SUCCEEDED"",""latencyMs"":11},{""itemType"":""transport"",""operation"":""RESERVE"",""outcome"":""SUCCEEDED"",""latencyMs"":9},{""itemType"":""activity"",""operation"":""RESERVE"",""outcome"":""FAILED"",""latencyMs"":21},{""itemType"":""transport"",""operation"":""CANCEL"",""outcome"":""SUCCEEDED"",""latencyMs"":22},{""itemType"":""flight"",""operation"":""CANCEL"",""outcome"":""SUCCEEDED"",""latencyMs"":22},{""itemType"":""hotel"",""operation"":""CANCEL"",""outcome"":""SUCCEEDED"",""latencyMs"":20}]",3,0,true,false,VOIDED,0,4,0,MEDIUM,40,PROCEED,,"{""k"":4,""point"":{""kind"":""reserve"",""index"":4},""expected"":{""state"":""ROLLED_BACK"",""compensationsSucceeded"":3,""compensationsFailed"":0,""captured"":false,""reversal"":""VOIDED"",""confirmedLocks"":0}}"
20260924_215150_n6lu,E12-multi-provider-failure-points,k4-confirm@1,0,409,,2bdcb780-2b1d-4ddf-8fce-b34f6566a069,ROLLED_BACK,PROVIDER_CONFIRM,false,412.948,378,"[{""itemType"":""hotel"",""operation"":""RESERVE"",""outcome"":""SUCCEEDED"",""latencyMs"":5},{""itemType"":""flight"",""operation"":""RESERVE"",""outcome"":""SUCCEEDED"",""latencyMs"":5},{""itemType"":""transport"",""operation"":""RESERVE"",""outcome"":""SUCCEEDED"",""latencyMs"":5},{""itemType"":""activity"",""operation"":""RESERVE"",""outcome"":""SUCCEEDED"",""latencyMs"":4},{""itemType"":""hotel"",""operation"":""CONFIRM"",""outcome"":""FAILED"",""latencyMs"":9},{""itemType"":""activity"",""operation"":""CANCEL"",""outcome"":""SUCCEEDED"",""latencyMs"":7},{""itemType"":""transport"",""operation"":""CANCEL"",""outcome"":""SUCCEEDED"",""latencyMs"":6},{""itemType"":""flight"",""operation"":""CANCEL"",""outcome"":""SUCCEEDED"",""latencyMs"":6},{""itemType"":""hotel"",""operation"":""CANCEL"",""outcome"":""SUCCEEDED"",""latencyMs"":10}]",4,0,true,true,REFUNDED,0,4,0,MEDIUM,40,PROCEED,,"{""k"":4,""point"":{""kind"":""confirm"",""index"":1},""expected"":{""state"":""ROLLED_BACK"",""compensationsSucceeded"":4,""compensationsFailed"":0,""captured"":true,""reversal"":""REFUNDED"",""confirmedLocks"":0}}"
20260924_215150_n6lu,E12-multi-provider-failure-points,k4-confirm@1,1,409,,70fcf5c6-91c0-4ebb-a7f9-11490b75a818,ROLLED_BACK,PROVIDER_CONFIRM,false,571.944,534,"[{""itemType"":""hotel"",""operation"":""RESERVE"",""outcome"":""SUCCEEDED"",""latencyMs"":7},{""itemType"":""flight"",""operation"":""RESERVE"",""outcome"":""SUCCEEDED"",""latencyMs"":5},{""itemType"":""transport"",""operation"":""RESERVE"",""outcome"":""SUCCEEDED"",""latencyMs"":7},{""itemType"":""activity"",""operation"":""RESERVE"",""outcome"":""SUCCEEDED"",""latencyMs"":7},{""itemType"":""hotel"",""operation"":""CONFIRM"",""outcome"":""FAILED"",""latencyMs"":25},{""itemType"":""activity"",""operation"":""CANCEL"",""outcome"":""SUCCEEDED"",""latencyMs"":28},{""itemType"":""transport"",""operation"":""CANCEL"",""outcome"":""SUCCEEDED"",""latencyMs"":26},{""itemType"":""flight"",""operation"":""CANCEL"",""outcome"":""SUCCEEDED"",""latencyMs"":23},{""itemType"":""hotel"",""operation"":""CANCEL"",""outcome"":""SUCCEEDED"",""latencyMs"":21}]",4,0,true,true,REFUNDED,0,4,0,MEDIUM,40,PROCEED,,"{""k"":4,""point"":{""kind"":""confirm"",""index"":1},""expected"":{""state"":""ROLLED_BACK"",""compensationsSucceeded"":4,""compensationsFailed"":0,""captured"":true,""reversal"":""REFUNDED"",""confirmedLocks"":0}}"
20260924_215150_n6lu,E12-multi-provider-failure-points,k4-confirm@1,2,409,,d20a8edf-2fc0-42c1-a7ce-53ea310c4b35,ROLLED_BACK,PROVIDER_CONFIRM,false,539.95,511,"[{""itemType"":""hotel"",""operation"":""RESERVE"",""outcome"":""SUCCEEDED"",""latencyMs"":7},{""itemType"":""flight"",""operation"":""RESERVE"",""outcome"":""SUCCEEDED"",""latencyMs"":10},{""itemType"":""transport"",""operation"":""RESERVE"",""outcome"":""SUCCEEDED"",""latencyMs"":8},{""itemType"":""activity"",""operation"":""RESERVE"",""outcome"":""SUCCEEDED"",""latencyMs"":12},{""itemType"":""hotel"",""operation"":""CONFIRM"",""outcome"":""FAILED"",""latencyMs"":11},{""itemType"":""activity"",""operation"":""CANCEL"",""outcome"":""SUCCEEDED"",""latencyMs"":19},{""itemType"":""transport"",""operation"":""CANCEL"",""outcome"":""SUCCEEDED"",""latencyMs"":14},{""itemType"":""flight"",""operation"":""CANCEL"",""outcome"":""SUCCEEDED"",""latencyMs"":17},{""itemType"":""hotel"",""operation"":""CANCEL"",""outcome"":""SUCCEEDED"",""latencyMs"":23}]",4,0,true,true,REFUNDED,0,4,0,MEDIUM,40,PROCEED,,"{""k"":4,""point"":{""kind"":""confirm"",""index"":1},""expected"":{""state"":""ROLLED_BACK"",""compensationsSucceeded"":4,""compensationsFailed"":0,""captured"":true,""reversal"":""REFUNDED"",""confirmedLocks"":0}}"
20260924_215150_n6lu,E12-multi-provider-failure-points,k4-confirm@2,0,409,,8df5bb05-22ee-4649-950a-812efee341e3,ROLLED_BACK,PROVIDER_CONFIRM,false,530.247,495,"[{""itemType"":""hotel"",""operation"":""RESERVE"",""outcome"":""SUCCEEDED"",""latencyMs"":11},{""itemType"":""flight"",""operation"":""RESERVE"",""outcome"":""SUCCEEDED"",""latencyMs"":8},{""itemType"":""transport"",""operation"":""RESERVE"",""outcome"":""SUCCEEDED"",""latencyMs"":10},{""itemType"":""activity"",""operation"":""RESERVE"",""outcome"":""SUCCEEDED"",""latencyMs"":9},{""itemType"":""hotel"",""operation"":""CONFIRM"",""outcome"":""SUCCEEDED"",""latencyMs"":12},{""itemType"":""flight"",""operation"":""CONFIRM"",""outcome"":""FAILED"",""latencyMs"":14},{""itemType"":""activity"",""operation"":""CANCEL"",""outcome"":""SUCCEEDED"",""latencyMs"":12},{""itemType"":""transport"",""operation"":""CANCEL"",""outcome"":""SUCCEEDED"",""latencyMs"":11},{""itemType"":""flight"",""operation"":""CANCEL"",""outcome"":""SUCCEEDED"",""latencyMs"":18},{""itemType"":""hotel"",""operation"":""CANCEL"",""outcome"":""SUCCEEDED"",""latencyMs"":16}]",4,0,true,true,REFUNDED,0,4,0,MEDIUM,40,PROCEED,,"{""k"":4,""point"":{""kind"":""confirm"",""index"":2},""expected"":{""state"":""ROLLED_BACK"",""compensationsSucceeded"":4,""compensationsFailed"":0,""captured"":true,""reversal"":""REFUNDED"",""confirmedLocks"":0}}"
20260924_215150_n6lu,E12-multi-provider-failure-points,k4-confirm@2,1,409,,ae943916-1fa2-441c-a7a2-f29baec20673,ROLLED_BACK,PROVIDER_CONFIRM,false,541.911,495,"[{""itemType"":""hotel"",""operation"":""RESERVE"",""outcome"":""SUCCEEDED"",""latencyMs"":12},{""itemType"":""flight"",""operation"":""RESERVE"",""outcome"":""SUCCEEDED"",""latencyMs"":13},{""itemType"":""transport"",""operation"":""RESERVE"",""outcome"":""SUCCEEDED"",""latencyMs"":12},{""itemType"":""activity"",""operation"":""RESERVE"",""outcome"":""SUCCEEDED"",""latencyMs"":9},{""itemType"":""hotel"",""operation"":""CONFIRM"",""outcome"":""SUCCEEDED"",""latencyMs"":13},{""itemType"":""flight"",""operation"":""CONFIRM"",""outcome"":""FAILED"",""latencyMs"":16},{""itemType"":""activity"",""operation"":""CANCEL"",""outcome"":""SUCCEEDED"",""latencyMs"":13},{""itemType"":""transport"",""operation"":""CANCEL"",""outcome"":""SUCCEEDED"",""latencyMs"":8},{""itemType"":""flight"",""operation"":""CANCEL"",""outcome"":""SUCCEEDED"",""latencyMs"":9},{""itemType"":""hotel"",""operation"":""CANCEL"",""outcome"":""SUCCEEDED"",""latencyMs"":10}]",4,0,true,true,REFUNDED,0,4,0,MEDIUM,40,PROCEED,,"{""k"":4,""point"":{""kind"":""confirm"",""index"":2},""expected"":{""state"":""ROLLED_BACK"",""compensationsSucceeded"":4,""compensationsFailed"":0,""captured"":true,""reversal"":""REFUNDED"",""confirmedLocks"":0}}"
20260924_215150_n6lu,E12-multi-provider-failure-points,k4-confirm@2,2,409,,e4d70ca9-fa7b-4c7e-8274-b882403c8e11,ROLLED_BACK,PROVIDER_CONFIRM,false,424.433,385,"[{""itemType"":""hotel"",""operation"":""RESERVE"",""outcome"":""SUCCEEDED"",""latencyMs"":7},{""itemType"":""flight"",""operation"":""RESERVE"",""outcome"":""SUCCEEDED"",""latencyMs"":9},{""itemType"":""transport"",""operation"":""RESERVE"",""outcome"":""SUCCEEDED"",""latencyMs"":4},{""itemType"":""activity"",""operation"":""RESERVE"",""outcome"":""SUCCEEDED"",""latencyMs"":5},{""itemType"":""hotel"",""operation"":""CONFIRM"",""outcome"":""SUCCEEDED"",""latencyMs"":2},{""itemType"":""flight"",""operation"":""CONFIRM"",""outcome"":""FAILED"",""latencyMs"":4},{""itemType"":""activity"",""operation"":""CANCEL"",""outcome"":""SUCCEEDED"",""latencyMs"":6},{""itemType"":""transport"",""operation"":""CANCEL"",""outcome"":""SUCCEEDED"",""latencyMs"":11},{""itemType"":""flight"",""operation"":""CANCEL"",""outcome"":""SUCCEEDED"",""latencyMs"":9},{""itemType"":""hotel"",""operation"":""CANCEL"",""outcome"":""SUCCEEDED"",""latencyMs"":10}]",4,0,true,true,REFUNDED,0,4,0,MEDIUM,40,PROCEED,,"{""k"":4,""point"":{""kind"":""confirm"",""index"":2},""expected"":{""state"":""ROLLED_BACK"",""compensationsSucceeded"":4,""compensationsFailed"":0,""captured"":true,""reversal"":""REFUNDED"",""confirmedLocks"":0}}"
20260924_215150_n6lu,E12-multi-provider-failure-points,k4-confirm@3,0,409,,eaf7d120-1227-45ba-ae43-2d10d3f64776,ROLLED_BACK,PROVIDER_CONFIRM,false,420.353,405,"[{""itemType"":""hotel"",""operation"":""RESERVE"",""outcome"":""SUCCEEDED"",""latencyMs"":11},{""itemType"":""flight"",""operation"":""RESERVE"",""outcome"":""SUCCEEDED"",""latencyMs"":11},{""itemType"":""transport"",""operation"":""RESERVE"",""outcome"":""SUCCEEDED"",""latencyMs"":11},{""itemType"":""activity"",""operation"":""RESERVE"",""outcome"":""SUCCEEDED"",""latencyMs"":9},{""itemType"":""hotel"",""operation"":""CONFIRM"",""outcome"":""SUCCEEDED"",""latencyMs"":9},{""itemType"":""flight"",""operation"":""CONFIRM"",""outcome"":""SUCCEEDED"",""latencyMs"":14},{""itemType"":""transport"",""operation"":""CONFIRM"",""outcome"":""FAILED"",""latencyMs"":9},{""itemType"":""activity"",""operation"":""CANCEL"",""outcome"":""SUCCEEDED"",""latencyMs"":7},{""itemType"":""transport"",""operation"":""CANCEL"",""outcome"":""SUCCEEDED"",""latencyMs"":5},{""itemType"":""flight"",""operation"":""CANCEL"",""outcome"":""SUCCEEDED"",""latencyMs"":4},{""itemType"":""hotel"",""operation"":""CANCEL"",""outcome"":""SUCCEEDED"",""latencyMs"":6}]",4,0,true,true,REFUNDED,0,4,0,MEDIUM,40,PROCEED,,"{""k"":4,""point"":{""kind"":""confirm"",""index"":3},""expected"":{""state"":""ROLLED_BACK"",""compensationsSucceeded"":4,""compensationsFailed"":0,""captured"":true,""reversal"":""REFUNDED"",""confirmedLocks"":0}}"
20260924_215150_n6lu,E12-multi-provider-failure-points,k4-confirm@3,1,409,,3d85ddbd-f2f4-4fba-89e2-f81325216938,ROLLED_BACK,PROVIDER_CONFIRM,false,524.632,489,"[{""itemType"":""hotel"",""operation"":""RESERVE"",""outcome"":""SUCCEEDED"",""latencyMs"":11},{""itemType"":""flight"",""operation"":""RESERVE"",""outcome"":""SUCCEEDED"",""latencyMs"":12},{""itemType"":""transport"",""operation"":""RESERVE"",""outcome"":""SUCCEEDED"",""latencyMs"":21},{""itemType"":""activity"",""operation"":""RESERVE"",""outcome"":""SUCCEEDED"",""latencyMs"":21},{""itemType"":""hotel"",""operation"":""CONFIRM"",""outcome"":""SUCCEEDED"",""latencyMs"":10},{""itemType"":""flight"",""operation"":""CONFIRM"",""outcome"":""SUCCEEDED"",""latencyMs"":4},{""itemType"":""transport"",""operation"":""CONFIRM"",""outcome"":""FAILED"",""latencyMs"":6},{""itemType"":""activity"",""operation"":""CANCEL"",""outcome"":""SUCCEEDED"",""latencyMs"":6},{""itemType"":""transport"",""operation"":""CANCEL"",""outcome"":""SUCCEEDED"",""latencyMs"":5},{""itemType"":""flight"",""operation"":""CANCEL"",""outcome"":""SUCCEEDED"",""latencyMs"":5},{""itemType"":""hotel"",""operation"":""CANCEL"",""outcome"":""SUCCEEDED"",""latencyMs"":22}]",4,0,true,true,REFUNDED,0,4,0,MEDIUM,40,PROCEED,,"{""k"":4,""point"":{""kind"":""confirm"",""index"":3},""expected"":{""state"":""ROLLED_BACK"",""compensationsSucceeded"":4,""compensationsFailed"":0,""captured"":true,""reversal"":""REFUNDED"",""confirmedLocks"":0}}"
20260924_215150_n6lu,E12-multi-provider-failure-points,k4-confirm@3,2,409,,37d2a3a5-12f5-4b36-8663-ec6f9ef9f458,ROLLED_BACK,PROVIDER_CONFIRM,false,458.151,435,"[{""itemType"":""hotel"",""operation"":""RESERVE"",""outcome"":""SUCCEEDED"",""latencyMs"":7},{""itemType"":""flight"",""operation"":""RESERVE"",""outcome"":""SUCCEEDED"",""latencyMs"":12},{""itemType"":""transport"",""operation"":""RESERVE"",""outcome"":""SUCCEEDED"",""latencyMs"":9},{""itemType"":""activity"",""operation"":""RESERVE"",""outcome"":""SUCCEEDED"",""latencyMs"":7},{""itemType"":""hotel"",""operation"":""CONFIRM"",""outcome"":""SUCCEEDED"",""latencyMs"":6},{""itemType"":""flight"",""operation"":""CONFIRM"",""outcome"":""SUCCEEDED"",""latencyMs"":7},{""itemType"":""transport"",""operation"":""CONFIRM"",""outcome"":""FAILED"",""latencyMs"":8},{""itemType"":""activity"",""operation"":""CANCEL"",""outcome"":""SUCCEEDED"",""latencyMs"":8},{""itemType"":""transport"",""operation"":""CANCEL"",""outcome"":""SUCCEEDED"",""latencyMs"":8},{""itemType"":""flight"",""operation"":""CANCEL"",""outcome"":""SUCCEEDED"",""latencyMs"":7},{""itemType"":""hotel"",""operation"":""CANCEL"",""outcome"":""SUCCEEDED"",""latencyMs"":4}]",4,0,true,true,REFUNDED,0,4,0,MEDIUM,40,PROCEED,,"{""k"":4,""point"":{""kind"":""confirm"",""index"":3},""expected"":{""state"":""ROLLED_BACK"",""compensationsSucceeded"":4,""compensationsFailed"":0,""captured"":true,""reversal"":""REFUNDED"",""confirmedLocks"":0}}"
20260924_215150_n6lu,E12-multi-provider-failure-points,k4-confirm@4,0,409,,cf4cf921-6ebf-4d16-9da0-4ee5b89e447e,ROLLED_BACK,PROVIDER_CONFIRM,false,455.61,433,"[{""itemType"":""hotel"",""operation"":""RESERVE"",""outcome"":""SUCCEEDED"",""latencyMs"":5},{""itemType"":""flight"",""operation"":""RESERVE"",""outcome"":""SUCCEEDED"",""latencyMs"":7},{""itemType"":""transport"",""operation"":""RESERVE"",""outcome"":""SUCCEEDED"",""latencyMs"":8},{""itemType"":""activity"",""operation"":""RESERVE"",""outcome"":""SUCCEEDED"",""latencyMs"":7},{""itemType"":""hotel"",""operation"":""CONFIRM"",""outcome"":""SUCCEEDED"",""latencyMs"":7},{""itemType"":""flight"",""operation"":""CONFIRM"",""outcome"":""SUCCEEDED"",""latencyMs"":11},{""itemType"":""transport"",""operation"":""CONFIRM"",""outcome"":""SUCCEEDED"",""latencyMs"":7},{""itemType"":""activity"",""operation"":""CONFIRM"",""outcome"":""FAILED"",""latencyMs"":21},{""itemType"":""activity"",""operation"":""CANCEL"",""outcome"":""SUCCEEDED"",""latencyMs"":19},{""itemType"":""transport"",""operation"":""CANCEL"",""outcome"":""SUCCEEDED"",""latencyMs"":8},{""itemType"":""flight"",""operation"":""CANCEL"",""outcome"":""SUCCEEDED"",""latencyMs"":12},{""itemType"":""hotel"",""operation"":""CANCEL"",""outcome"":""SUCCEEDED"",""latencyMs"":6}]",4,0,true,true,REFUNDED,0,4,0,MEDIUM,40,PROCEED,,"{""k"":4,""point"":{""kind"":""confirm"",""index"":4},""expected"":{""state"":""ROLLED_BACK"",""compensationsSucceeded"":4,""compensationsFailed"":0,""captured"":true,""reversal"":""REFUNDED"",""confirmedLocks"":0}}"
20260924_215150_n6lu,E12-multi-provider-failure-points,k4-confirm@4,1,409,,7f4d6f94-044a-4a6d-8782-3db3329751e4,ROLLED_BACK,PROVIDER_CONFIRM,false,294.176,267,"[{""itemType"":""hotel"",""operation"":""RESERVE"",""outcome"":""SUCCEEDED"",""latencyMs"":5},{""itemType"":""flight"",""operation"":""RESERVE"",""outcome"":""SUCCEEDED"",""latencyMs"":5},{""itemType"":""transport"",""operation"":""RESERVE"",""outcome"":""SUCCEEDED"",""latencyMs"":5},{""itemType"":""activity"",""operation"":""RESERVE"",""outcome"":""SUCCEEDED"",""latencyMs"":6},{""itemType"":""hotel"",""operation"":""CONFIRM"",""outcome"":""SUCCEEDED"",""latencyMs"":13},{""itemType"":""flight"",""operation"":""CONFIRM"",""outcome"":""SUCCEEDED"",""latencyMs"":7},{""itemType"":""transport"",""operation"":""CONFIRM"",""outcome"":""SUCCEEDED"",""latencyMs"":5},{""itemType"":""activity"",""operation"":""CONFIRM"",""outcome"":""FAILED"",""latencyMs"":9},{""itemType"":""activity"",""operation"":""CANCEL"",""outcome"":""SUCCEEDED"",""latencyMs"":4},{""itemType"":""transport"",""operation"":""CANCEL"",""outcome"":""SUCCEEDED"",""latencyMs"":4},{""itemType"":""flight"",""operation"":""CANCEL"",""outcome"":""SUCCEEDED"",""latencyMs"":7},{""itemType"":""hotel"",""operation"":""CANCEL"",""outcome"":""SUCCEEDED"",""latencyMs"":5}]",4,0,true,true,REFUNDED,0,4,0,MEDIUM,40,PROCEED,,"{""k"":4,""point"":{""kind"":""confirm"",""index"":4},""expected"":{""state"":""ROLLED_BACK"",""compensationsSucceeded"":4,""compensationsFailed"":0,""captured"":true,""reversal"":""REFUNDED"",""confirmedLocks"":0}}"
20260924_215150_n6lu,E12-multi-provider-failure-points,k4-confirm@4,2,409,,c6e3d70a-323a-4049-b8e6-6e62e46b3d8c,ROLLED_BACK,PROVIDER_CONFIRM,false,357.435,329,"[{""itemType"":""hotel"",""operation"":""RESERVE"",""outcome"":""SUCCEEDED"",""latencyMs"":4},{""itemType"":""flight"",""operation"":""RESERVE"",""outcome"":""SUCCEEDED"",""latencyMs"":6},{""itemType"":""transport"",""operation"":""RESERVE"",""outcome"":""SUCCEEDED"",""latencyMs"":8},{""itemType"":""activity"",""operation"":""RESERVE"",""outcome"":""SUCCEEDED"",""latencyMs"":9},{""itemType"":""hotel"",""operation"":""CONFIRM"",""outcome"":""SUCCEEDED"",""latencyMs"":11},{""itemType"":""flight"",""operation"":""CONFIRM"",""outcome"":""SUCCEEDED"",""latencyMs"":8},{""itemType"":""transport"",""operation"":""CONFIRM"",""outcome"":""SUCCEEDED"",""latencyMs"":8},{""itemType"":""activity"",""operation"":""CONFIRM"",""outcome"":""FAILED"",""latencyMs"":9},{""itemType"":""activity"",""operation"":""CANCEL"",""outcome"":""SUCCEEDED"",""latencyMs"":5},{""itemType"":""transport"",""operation"":""CANCEL"",""outcome"":""SUCCEEDED"",""latencyMs"":4},{""itemType"":""flight"",""operation"":""CANCEL"",""outcome"":""SUCCEEDED"",""latencyMs"":4},{""itemType"":""hotel"",""operation"":""CANCEL"",""outcome"":""SUCCEEDED"",""latencyMs"":4}]",4,0,true,true,REFUNDED,0,4,0,MEDIUM,40,PROCEED,,"{""k"":4,""point"":{""kind"":""confirm"",""index"":4},""expected"":{""state"":""ROLLED_BACK"",""compensationsSucceeded"":4,""compensationsFailed"":0,""captured"":true,""reversal"":""REFUNDED"",""confirmedLocks"":0}}"
20260924_215150_n6lu,E12-multi-provider-failure-points,k4-reserve@4+cancel@1,0,409,,88e28bf4-ff55-4d50-81a4-b2e8adad5e4a,ROLLBACK_FAILED,PROVIDER_RESERVE,false,240.32,200,"[{""itemType"":""hotel"",""operation"":""RESERVE"",""outcome"":""SUCCEEDED"",""latencyMs"":5},{""itemType"":""flight"",""operation"":""RESERVE"",""outcome"":""SUCCEEDED"",""latencyMs"":5},{""itemType"":""transport"",""operation"":""RESERVE"",""outcome"":""SUCCEEDED"",""latencyMs"":8},{""itemType"":""activity"",""operation"":""RESERVE"",""outcome"":""FAILED"",""latencyMs"":12},{""itemType"":""transport"",""operation"":""CANCEL"",""outcome"":""SUCCEEDED"",""latencyMs"":7},{""itemType"":""flight"",""operation"":""CANCEL"",""outcome"":""SUCCEEDED"",""latencyMs"":8},{""itemType"":""hotel"",""operation"":""CANCEL"",""outcome"":""FAILED"",""latencyMs"":4}]",2,1,true,false,VOIDED,1,3,1,MEDIUM,40,PROCEED,MANUAL_OPERATOR_REVIEW,"{""k"":4,""point"":{""kind"":""reserve-last+cancel-first""},""expected"":{""state"":""ROLLBACK_FAILED"",""compensationsSucceeded"":2,""compensationsFailed"":1,""captured"":false,""reversal"":""VOIDED"",""confirmedLocks"":1}}"
20260924_215150_n6lu,E12-multi-provider-failure-points,k4-reserve@4+cancel@1,1,409,,1f8fbc68-edab-4947-9733-dfdbc9bc8bb3,ROLLBACK_FAILED,PROVIDER_RESERVE,false,251.562,225,"[{""itemType"":""hotel"",""operation"":""RESERVE"",""outcome"":""SUCCEEDED"",""latencyMs"":10},{""itemType"":""flight"",""operation"":""RESERVE"",""outcome"":""SUCCEEDED"",""latencyMs"":9},{""itemType"":""transport"",""operation"":""RESERVE"",""outcome"":""SUCCEEDED"",""latencyMs"":9},{""itemType"":""activity"",""operation"":""RESERVE"",""outcome"":""FAILED"",""latencyMs"":5},{""itemType"":""transport"",""operation"":""CANCEL"",""outcome"":""SUCCEEDED"",""latencyMs"":5},{""itemType"":""flight"",""operation"":""CANCEL"",""outcome"":""SUCCEEDED"",""latencyMs"":5},{""itemType"":""hotel"",""operation"":""CANCEL"",""outcome"":""FAILED"",""latencyMs"":4}]",2,1,true,false,VOIDED,1,3,1,MEDIUM,40,PROCEED,MANUAL_OPERATOR_REVIEW,"{""k"":4,""point"":{""kind"":""reserve-last+cancel-first""},""expected"":{""state"":""ROLLBACK_FAILED"",""compensationsSucceeded"":2,""compensationsFailed"":1,""captured"":false,""reversal"":""VOIDED"",""confirmedLocks"":1}}"
20260924_215150_n6lu,E12-multi-provider-failure-points,k4-reserve@4+cancel@1,2,409,,0bc2caa6-f62e-49dd-95f6-61b5146de682,ROLLBACK_FAILED,PROVIDER_RESERVE,false,186.854,157,"[{""itemType"":""hotel"",""operation"":""RESERVE"",""outcome"":""SUCCEEDED"",""latencyMs"":4},{""itemType"":""flight"",""operation"":""RESERVE"",""outcome"":""SUCCEEDED"",""latencyMs"":3},{""itemType"":""transport"",""operation"":""RESERVE"",""outcome"":""SUCCEEDED"",""latencyMs"":5},{""itemType"":""activity"",""operation"":""RESERVE"",""outcome"":""FAILED"",""latencyMs"":7},{""itemType"":""transport"",""operation"":""CANCEL"",""outcome"":""SUCCEEDED"",""latencyMs"":4},{""itemType"":""flight"",""operation"":""CANCEL"",""outcome"":""SUCCEEDED"",""latencyMs"":4},{""itemType"":""hotel"",""operation"":""CANCEL"",""outcome"":""FAILED"",""latencyMs"":4}]",2,1,true,false,VOIDED,1,3,1,MEDIUM,40,PROCEED,MANUAL_OPERATOR_REVIEW,"{""k"":4,""point"":{""kind"":""reserve-last+cancel-first""},""expected"":{""state"":""ROLLBACK_FAILED"",""compensationsSucceeded"":2,""compensationsFailed"":1,""captured"":false,""reversal"":""VOIDED"",""confirmedLocks"":1}}"
20260924_215150_n6lu,E13-risk-under-provider-conditions,condition:baseline,0,201,,f5f44245-7bcb-4244-b75b-cd2a81fe3093,COMPLETED,,false,189.654,162,"[{""itemType"":""hotel"",""operation"":""RESERVE"",""outcome"":""SUCCEEDED"",""latencyMs"":5},{""itemType"":""flight"",""operation"":""RESERVE"",""outcome"":""SUCCEEDED"",""latencyMs"":3},{""itemType"":""transport"",""operation"":""RESERVE"",""outcome"":""SUCCEEDED"",""latencyMs"":6},{""itemType"":""hotel"",""operation"":""CONFIRM"",""outcome"":""SUCCEEDED"",""latencyMs"":5},{""itemType"":""flight"",""operation"":""CONFIRM"",""outcome"":""SUCCEEDED"",""latencyMs"":6},{""itemType"":""transport"",""operation"":""CONFIRM"",""outcome"":""SUCCEEDED"",""latencyMs"":6}]",0,0,true,true,,3,0,0,LOW,30,PROCEED,,
20260924_215150_n6lu,E13-risk-under-provider-conditions,condition:baseline,1,201,,24be4aa3-98fc-459b-b44c-54bc1def3d32,COMPLETED,,false,319.089,272,"[{""itemType"":""hotel"",""operation"":""RESERVE"",""outcome"":""SUCCEEDED"",""latencyMs"":10},{""itemType"":""flight"",""operation"":""RESERVE"",""outcome"":""SUCCEEDED"",""latencyMs"":7},{""itemType"":""transport"",""operation"":""RESERVE"",""outcome"":""SUCCEEDED"",""latencyMs"":6},{""itemType"":""hotel"",""operation"":""CONFIRM"",""outcome"":""SUCCEEDED"",""latencyMs"":15},{""itemType"":""flight"",""operation"":""CONFIRM"",""outcome"":""SUCCEEDED"",""latencyMs"":15},{""itemType"":""transport"",""operation"":""CONFIRM"",""outcome"":""SUCCEEDED"",""latencyMs"":20}]",0,0,true,true,,3,0,0,LOW,30,PROCEED,,
20260924_215150_n6lu,E13-risk-under-provider-conditions,condition:baseline,2,201,,11f7948d-f9c2-426a-9ca5-84088031f51c,COMPLETED,,false,180.992,167,"[{""itemType"":""hotel"",""operation"":""RESERVE"",""outcome"":""SUCCEEDED"",""latencyMs"":3},{""itemType"":""flight"",""operation"":""RESERVE"",""outcome"":""SUCCEEDED"",""latencyMs"":3},{""itemType"":""transport"",""operation"":""RESERVE"",""outcome"":""SUCCEEDED"",""latencyMs"":3},{""itemType"":""hotel"",""operation"":""CONFIRM"",""outcome"":""SUCCEEDED"",""latencyMs"":3},{""itemType"":""flight"",""operation"":""CONFIRM"",""outcome"":""SUCCEEDED"",""latencyMs"":4},{""itemType"":""transport"",""operation"":""CONFIRM"",""outcome"":""SUCCEEDED"",""latencyMs"":4}]",0,0,true,true,,3,0,0,LOW,30,PROCEED,,
20260924_215150_n6lu,E13-risk-under-provider-conditions,condition:reliability-0.92,0,201,,f04acb30-8a60-414c-9131-bb5402ee7f1a,COMPLETED,,false,174.34,153,"[{""itemType"":""hotel"",""operation"":""RESERVE"",""outcome"":""SUCCEEDED"",""latencyMs"":4},{""itemType"":""flight"",""operation"":""RESERVE"",""outcome"":""SUCCEEDED"",""latencyMs"":7},{""itemType"":""transport"",""operation"":""RESERVE"",""outcome"":""SUCCEEDED"",""latencyMs"":8},{""itemType"":""hotel"",""operation"":""CONFIRM"",""outcome"":""SUCCEEDED"",""latencyMs"":7},{""itemType"":""flight"",""operation"":""CONFIRM"",""outcome"":""SUCCEEDED"",""latencyMs"":5},{""itemType"":""transport"",""operation"":""CONFIRM"",""outcome"":""SUCCEEDED"",""latencyMs"":4}]",0,0,true,true,,3,0,0,HIGH,75,REVIEW,,
20260924_215150_n6lu,E13-risk-under-provider-conditions,condition:reliability-0.92,1,201,,af7551fe-e0ed-4896-be7b-1a417f885dc5,COMPLETED,,false,233.245,213,"[{""itemType"":""hotel"",""operation"":""RESERVE"",""outcome"":""SUCCEEDED"",""latencyMs"":8},{""itemType"":""flight"",""operation"":""RESERVE"",""outcome"":""SUCCEEDED"",""latencyMs"":6},{""itemType"":""transport"",""operation"":""RESERVE"",""outcome"":""SUCCEEDED"",""latencyMs"":5},{""itemType"":""hotel"",""operation"":""CONFIRM"",""outcome"":""SUCCEEDED"",""latencyMs"":9},{""itemType"":""flight"",""operation"":""CONFIRM"",""outcome"":""SUCCEEDED"",""latencyMs"":7},{""itemType"":""transport"",""operation"":""CONFIRM"",""outcome"":""SUCCEEDED"",""latencyMs"":9}]",0,0,true,true,,3,0,0,HIGH,75,REVIEW,,
20260924_215150_n6lu,E13-risk-under-provider-conditions,condition:reliability-0.92,2,201,,c7dd3e92-c58d-4027-ba79-715a8c15ebf3,COMPLETED,,false,195.867,182,"[{""itemType"":""hotel"",""operation"":""RESERVE"",""outcome"":""SUCCEEDED"",""latencyMs"":7},{""itemType"":""flight"",""operation"":""RESERVE"",""outcome"":""SUCCEEDED"",""latencyMs"":8},{""itemType"":""transport"",""operation"":""RESERVE"",""outcome"":""SUCCEEDED"",""latencyMs"":10},{""itemType"":""hotel"",""operation"":""CONFIRM"",""outcome"":""SUCCEEDED"",""latencyMs"":10},{""itemType"":""flight"",""operation"":""CONFIRM"",""outcome"":""SUCCEEDED"",""latencyMs"":7},{""itemType"":""transport"",""operation"":""CONFIRM"",""outcome"":""SUCCEEDED"",""latencyMs"":4}]",0,0,true,true,,3,0,0,HIGH,75,REVIEW,,
20260924_215150_n6lu,E13-risk-under-provider-conditions,condition:reliability-0.85,0,201,,4e2030a3-b1f2-4dfb-9c9f-c670d6e228e8,COMPLETED,,false,127.948,112,"[{""itemType"":""hotel"",""operation"":""RESERVE"",""outcome"":""SUCCEEDED"",""latencyMs"":3},{""itemType"":""flight"",""operation"":""RESERVE"",""outcome"":""SUCCEEDED"",""latencyMs"":3},{""itemType"":""transport"",""operation"":""RESERVE"",""outcome"":""SUCCEEDED"",""latencyMs"":2},{""itemType"":""hotel"",""operation"":""CONFIRM"",""outcome"":""SUCCEEDED"",""latencyMs"":4},{""itemType"":""flight"",""operation"":""CONFIRM"",""outcome"":""SUCCEEDED"",""latencyMs"":5},{""itemType"":""transport"",""operation"":""CONFIRM"",""outcome"":""SUCCEEDED"",""latencyMs"":8}]",0,0,true,true,,3,0,0,HIGH,100,REVIEW,,
20260924_215150_n6lu,E13-risk-under-provider-conditions,condition:reliability-0.85,1,201,,bb23875d-287d-4ca6-9cc5-e76d0e47e527,COMPLETED,,false,248.695,223,"[{""itemType"":""hotel"",""operation"":""RESERVE"",""outcome"":""SUCCEEDED"",""latencyMs"":9},{""itemType"":""flight"",""operation"":""RESERVE"",""outcome"":""SUCCEEDED"",""latencyMs"":7},{""itemType"":""transport"",""operation"":""RESERVE"",""outcome"":""SUCCEEDED"",""latencyMs"":11},{""itemType"":""hotel"",""operation"":""CONFIRM"",""outcome"":""SUCCEEDED"",""latencyMs"":7},{""itemType"":""flight"",""operation"":""CONFIRM"",""outcome"":""SUCCEEDED"",""latencyMs"":5},{""itemType"":""transport"",""operation"":""CONFIRM"",""outcome"":""SUCCEEDED"",""latencyMs"":6}]",0,0,true,true,,3,0,0,HIGH,100,REVIEW,,
20260924_215150_n6lu,E13-risk-under-provider-conditions,condition:reliability-0.85,2,201,,19b2f9bc-b043-4921-bfcd-678e48cc928a,COMPLETED,,false,194.323,180,"[{""itemType"":""hotel"",""operation"":""RESERVE"",""outcome"":""SUCCEEDED"",""latencyMs"":9},{""itemType"":""flight"",""operation"":""RESERVE"",""outcome"":""SUCCEEDED"",""latencyMs"":6},{""itemType"":""transport"",""operation"":""RESERVE"",""outcome"":""SUCCEEDED"",""latencyMs"":3},{""itemType"":""hotel"",""operation"":""CONFIRM"",""outcome"":""SUCCEEDED"",""latencyMs"":4},{""itemType"":""flight"",""operation"":""CONFIRM"",""outcome"":""SUCCEEDED"",""latencyMs"":4},{""itemType"":""transport"",""operation"":""CONFIRM"",""outcome"":""SUCCEEDED"",""latencyMs"":3}]",0,0,true,true,,3,0,0,HIGH,100,REVIEW,,
20260924_215150_n6lu,E13-risk-under-provider-conditions,condition:maintenance,0,201,,42f1d0ab-dbcc-484f-97e5-b5edb8e5d967,COMPLETED,,false,149.802,129,"[{""itemType"":""hotel"",""operation"":""RESERVE"",""outcome"":""SUCCEEDED"",""latencyMs"":2},{""itemType"":""flight"",""operation"":""RESERVE"",""outcome"":""SUCCEEDED"",""latencyMs"":3},{""itemType"":""transport"",""operation"":""RESERVE"",""outcome"":""SUCCEEDED"",""latencyMs"":3},{""itemType"":""hotel"",""operation"":""CONFIRM"",""outcome"":""SUCCEEDED"",""latencyMs"":3},{""itemType"":""flight"",""operation"":""CONFIRM"",""outcome"":""SUCCEEDED"",""latencyMs"":3},{""itemType"":""transport"",""operation"":""CONFIRM"",""outcome"":""SUCCEEDED"",""latencyMs"":4}]",0,0,true,true,,3,0,0,HIGH,100,REVIEW,,
20260924_215150_n6lu,E13-risk-under-provider-conditions,condition:maintenance,1,201,,bf18749c-dd90-4423-9dc5-5ccd539a12a9,COMPLETED,,false,238.43,215,"[{""itemType"":""hotel"",""operation"":""RESERVE"",""outcome"":""SUCCEEDED"",""latencyMs"":8},{""itemType"":""flight"",""operation"":""RESERVE"",""outcome"":""SUCCEEDED"",""latencyMs"":8},{""itemType"":""transport"",""operation"":""RESERVE"",""outcome"":""SUCCEEDED"",""latencyMs"":4},{""itemType"":""hotel"",""operation"":""CONFIRM"",""outcome"":""SUCCEEDED"",""latencyMs"":8},{""itemType"":""flight"",""operation"":""CONFIRM"",""outcome"":""SUCCEEDED"",""latencyMs"":6},{""itemType"":""transport"",""operation"":""CONFIRM"",""outcome"":""SUCCEEDED"",""latencyMs"":9}]",0,0,true,true,,3,0,0,HIGH,100,REVIEW,,
20260924_215150_n6lu,E13-risk-under-provider-conditions,condition:maintenance,2,201,,d7e6b7c4-57eb-4a36-b1a6-c7cb6571eadf,COMPLETED,,false,160.925,143,"[{""itemType"":""hotel"",""operation"":""RESERVE"",""outcome"":""SUCCEEDED"",""latencyMs"":3},{""itemType"":""flight"",""operation"":""RESERVE"",""outcome"":""SUCCEEDED"",""latencyMs"":3},{""itemType"":""transport"",""operation"":""RESERVE"",""outcome"":""SUCCEEDED"",""latencyMs"":4},{""itemType"":""hotel"",""operation"":""CONFIRM"",""outcome"":""SUCCEEDED"",""latencyMs"":3},{""itemType"":""flight"",""operation"":""CONFIRM"",""outcome"":""SUCCEEDED"",""latencyMs"":3},{""itemType"":""transport"",""operation"":""CONFIRM"",""outcome"":""SUCCEEDED"",""latencyMs"":4}]",0,0,true,true,,3,0,0,HIGH,100,REVIEW,,
20260924_215150_n6lu,E13-risk-under-provider-conditions,condition:suspended,0,201,,e6565b35-165a-4cca-8362-1c82c8f356a7,COMPLETED,,false,238.402,211,"[{""itemType"":""hotel"",""operation"":""RESERVE"",""outcome"":""SUCCEEDED"",""latencyMs"":8},{""itemType"":""flight"",""operation"":""RESERVE"",""outcome"":""SUCCEEDED"",""latencyMs"":8},{""itemType"":""transport"",""operation"":""RESERVE"",""outcome"":""SUCCEEDED"",""latencyMs"":8},{""itemType"":""hotel"",""operation"":""CONFIRM"",""outcome"":""SUCCEEDED"",""latencyMs"":8},{""itemType"":""flight"",""operation"":""CONFIRM"",""outcome"":""SUCCEEDED"",""latencyMs"":7},{""itemType"":""transport"",""operation"":""CONFIRM"",""outcome"":""SUCCEEDED"",""latencyMs"":8}]",0,0,true,true,,3,0,0,HIGH,100,REVIEW,,
20260924_215150_n6lu,E13-risk-under-provider-conditions,condition:suspended,1,201,,8ee5dcf1-d8f7-437f-b458-c6ed742cfbda,COMPLETED,,false,191.304,162,"[{""itemType"":""hotel"",""operation"":""RESERVE"",""outcome"":""SUCCEEDED"",""latencyMs"":3},{""itemType"":""flight"",""operation"":""RESERVE"",""outcome"":""SUCCEEDED"",""latencyMs"":6},{""itemType"":""transport"",""operation"":""RESERVE"",""outcome"":""SUCCEEDED"",""latencyMs"":7},{""itemType"":""hotel"",""operation"":""CONFIRM"",""outcome"":""SUCCEEDED"",""latencyMs"":6},{""itemType"":""flight"",""operation"":""CONFIRM"",""outcome"":""SUCCEEDED"",""latencyMs"":6},{""itemType"":""transport"",""operation"":""CONFIRM"",""outcome"":""SUCCEEDED"",""latencyMs"":8}]",0,0,true,true,,3,0,0,HIGH,100,REVIEW,,
20260924_215150_n6lu,E13-risk-under-provider-conditions,condition:suspended,2,201,,2fe4dcf3-7bcd-41db-8b10-9afaab804a13,COMPLETED,,false,196.381,180,"[{""itemType"":""hotel"",""operation"":""RESERVE"",""outcome"":""SUCCEEDED"",""latencyMs"":5},{""itemType"":""flight"",""operation"":""RESERVE"",""outcome"":""SUCCEEDED"",""latencyMs"":8},{""itemType"":""transport"",""operation"":""RESERVE"",""outcome"":""SUCCEEDED"",""latencyMs"":4},{""itemType"":""hotel"",""operation"":""CONFIRM"",""outcome"":""SUCCEEDED"",""latencyMs"":5},{""itemType"":""flight"",""operation"":""CONFIRM"",""outcome"":""SUCCEEDED"",""latencyMs"":6},{""itemType"":""transport"",""operation"":""CONFIRM"",""outcome"":""SUCCEEDED"",""latencyMs"":6}]",0,0,true,true,,3,0,0,HIGH,100,REVIEW,,
20260924_215150_n6lu,E13-risk-under-provider-conditions,condition:no-rollback,0,201,,d1c81de4-502e-4bf3-b34d-34afb88ad909,COMPLETED,,false,163.035,142,"[{""itemType"":""hotel"",""operation"":""RESERVE"",""outcome"":""SUCCEEDED"",""latencyMs"":13},{""itemType"":""flight"",""operation"":""RESERVE"",""outcome"":""SUCCEEDED"",""latencyMs"":3},{""itemType"":""transport"",""operation"":""RESERVE"",""outcome"":""SUCCEEDED"",""latencyMs"":4},{""itemType"":""hotel"",""operation"":""CONFIRM"",""outcome"":""SUCCEEDED"",""latencyMs"":2},{""itemType"":""flight"",""operation"":""CONFIRM"",""outcome"":""SUCCEEDED"",""latencyMs"":4},{""itemType"":""transport"",""operation"":""CONFIRM"",""outcome"":""SUCCEEDED"",""latencyMs"":4}]",0,0,true,true,,3,0,0,HIGH,90,REVIEW,,
20260924_215150_n6lu,E13-risk-under-provider-conditions,condition:no-rollback,1,201,,a545faf9-18c0-4cfd-9b76-004c2bd5dd1e,COMPLETED,,false,276.975,259,"[{""itemType"":""hotel"",""operation"":""RESERVE"",""outcome"":""SUCCEEDED"",""latencyMs"":9},{""itemType"":""flight"",""operation"":""RESERVE"",""outcome"":""SUCCEEDED"",""latencyMs"":9},{""itemType"":""transport"",""operation"":""RESERVE"",""outcome"":""SUCCEEDED"",""latencyMs"":5},{""itemType"":""hotel"",""operation"":""CONFIRM"",""outcome"":""SUCCEEDED"",""latencyMs"":9},{""itemType"":""flight"",""operation"":""CONFIRM"",""outcome"":""SUCCEEDED"",""latencyMs"":5},{""itemType"":""transport"",""operation"":""CONFIRM"",""outcome"":""SUCCEEDED"",""latencyMs"":7}]",0,0,true,true,,3,0,0,HIGH,90,REVIEW,,
20260924_215150_n6lu,E13-risk-under-provider-conditions,condition:no-rollback,2,201,,5818b873-7f96-4816-aa45-66bd165687c8,COMPLETED,,false,151.805,113,"[{""itemType"":""hotel"",""operation"":""RESERVE"",""outcome"":""SUCCEEDED"",""latencyMs"":4},{""itemType"":""flight"",""operation"":""RESERVE"",""outcome"":""SUCCEEDED"",""latencyMs"":3},{""itemType"":""transport"",""operation"":""RESERVE"",""outcome"":""SUCCEEDED"",""latencyMs"":5},{""itemType"":""hotel"",""operation"":""CONFIRM"",""outcome"":""SUCCEEDED"",""latencyMs"":3},{""itemType"":""flight"",""operation"":""CONFIRM"",""outcome"":""SUCCEEDED"",""latencyMs"":3},{""itemType"":""transport"",""operation"":""CONFIRM"",""outcome"":""SUCCEEDED"",""latencyMs"":4}]",0,0,true,true,,3,0,0,HIGH,90,REVIEW,,
20260924_215150_n6lu,E13-risk-under-provider-conditions,condition:latency-1500ms,0,201,,11a23934-c9ec-4f13-9eca-a7d2d622a695,COMPLETED,,false,142.285,129,"[{""itemType"":""hotel"",""operation"":""RESERVE"",""outcome"":""SUCCEEDED"",""latencyMs"":7},{""itemType"":""flight"",""operation"":""RESERVE"",""outcome"":""SUCCEEDED"",""latencyMs"":4},{""itemType"":""transport"",""operation"":""RESERVE"",""outcome"":""SUCCEEDED"",""latencyMs"":5},{""itemType"":""hotel"",""operation"":""CONFIRM"",""outcome"":""SUCCEEDED"",""latencyMs"":4},{""itemType"":""flight"",""operation"":""CONFIRM"",""outcome"":""SUCCEEDED"",""latencyMs"":3},{""itemType"":""transport"",""operation"":""CONFIRM"",""outcome"":""SUCCEEDED"",""latencyMs"":4}]",0,0,true,true,,3,0,0,MEDIUM,45,PROCEED,,
20260924_215150_n6lu,E13-risk-under-provider-conditions,condition:latency-1500ms,1,201,,fdf88e0c-f1eb-4fa3-81c6-ccc42c02b318,COMPLETED,,false,170.06,157,"[{""itemType"":""hotel"",""operation"":""RESERVE"",""outcome"":""SUCCEEDED"",""latencyMs"":7},{""itemType"":""flight"",""operation"":""RESERVE"",""outcome"":""SUCCEEDED"",""latencyMs"":6},{""itemType"":""transport"",""operation"":""RESERVE"",""outcome"":""SUCCEEDED"",""latencyMs"":4},{""itemType"":""hotel"",""operation"":""CONFIRM"",""outcome"":""SUCCEEDED"",""latencyMs"":9},{""itemType"":""flight"",""operation"":""CONFIRM"",""outcome"":""SUCCEEDED"",""latencyMs"":5},{""itemType"":""transport"",""operation"":""CONFIRM"",""outcome"":""SUCCEEDED"",""latencyMs"":5}]",0,0,true,true,,3,0,0,MEDIUM,45,PROCEED,,
20260924_215150_n6lu,E13-risk-under-provider-conditions,condition:latency-1500ms,2,201,,8150892e-7268-4381-9d74-e4699929470d,COMPLETED,,false,191.308,166,"[{""itemType"":""hotel"",""operation"":""RESERVE"",""outcome"":""SUCCEEDED"",""latencyMs"":3},{""itemType"":""flight"",""operation"":""RESERVE"",""outcome"":""SUCCEEDED"",""latencyMs"":3},{""itemType"":""transport"",""operation"":""RESERVE"",""outcome"":""SUCCEEDED"",""latencyMs"":6},{""itemType"":""hotel"",""operation"":""CONFIRM"",""outcome"":""SUCCEEDED"",""latencyMs"":4},{""itemType"":""flight"",""operation"":""CONFIRM"",""outcome"":""SUCCEEDED"",""latencyMs"":7},{""itemType"":""transport"",""operation"":""CONFIRM"",""outcome"":""SUCCEEDED"",""latencyMs"":8}]",0,0,true,true,,3,0,0,MEDIUM,45,PROCEED,,
20260924_215150_n6lu,E13-risk-under-provider-conditions,condition:latency-2500ms,0,201,,10c9e09f-35d8-4b21-97f1-fb56055cbb6d,COMPLETED,,false,175.947,165,"[{""itemType"":""hotel"",""operation"":""RESERVE"",""outcome"":""SUCCEEDED"",""latencyMs"":7},{""itemType"":""flight"",""operation"":""RESERVE"",""outcome"":""SUCCEEDED"",""latencyMs"":9},{""itemType"":""transport"",""operation"":""RESERVE"",""outcome"":""SUCCEEDED"",""latencyMs"":10},{""itemType"":""hotel"",""operation"":""CONFIRM"",""outcome"":""SUCCEEDED"",""latencyMs"":6},{""itemType"":""flight"",""operation"":""CONFIRM"",""outcome"":""SUCCEEDED"",""latencyMs"":4},{""itemType"":""transport"",""operation"":""CONFIRM"",""outcome"":""SUCCEEDED"",""latencyMs"":4}]",0,0,true,true,,3,0,0,MEDIUM,60,PROCEED,,
20260924_215150_n6lu,E13-risk-under-provider-conditions,condition:latency-2500ms,1,201,,1737bf89-174d-4b6e-bb39-075d581fb4d8,COMPLETED,,false,148.526,132,"[{""itemType"":""hotel"",""operation"":""RESERVE"",""outcome"":""SUCCEEDED"",""latencyMs"":2},{""itemType"":""flight"",""operation"":""RESERVE"",""outcome"":""SUCCEEDED"",""latencyMs"":12},{""itemType"":""transport"",""operation"":""RESERVE"",""outcome"":""SUCCEEDED"",""latencyMs"":8},{""itemType"":""hotel"",""operation"":""CONFIRM"",""outcome"":""SUCCEEDED"",""latencyMs"":3},{""itemType"":""flight"",""operation"":""CONFIRM"",""outcome"":""SUCCEEDED"",""latencyMs"":4},{""itemType"":""transport"",""operation"":""CONFIRM"",""outcome"":""SUCCEEDED"",""latencyMs"":3}]",0,0,true,true,,3,0,0,MEDIUM,60,PROCEED,,
20260924_215150_n6lu,E13-risk-under-provider-conditions,condition:latency-2500ms,2,201,,108f3a82-ae54-4e09-a45a-4094935499a6,COMPLETED,,false,224.043,197,"[{""itemType"":""hotel"",""operation"":""RESERVE"",""outcome"":""SUCCEEDED"",""latencyMs"":3},{""itemType"":""flight"",""operation"":""RESERVE"",""outcome"":""SUCCEEDED"",""latencyMs"":6},{""itemType"":""transport"",""operation"":""RESERVE"",""outcome"":""SUCCEEDED"",""latencyMs"":8},{""itemType"":""hotel"",""operation"":""CONFIRM"",""outcome"":""SUCCEEDED"",""latencyMs"":7},{""itemType"":""flight"",""operation"":""CONFIRM"",""outcome"":""SUCCEEDED"",""latencyMs"":8},{""itemType"":""transport"",""operation"":""CONFIRM"",""outcome"":""SUCCEEDED"",""latencyMs"":10}]",0,0,true,true,,3,0,0,MEDIUM,60,PROCEED,,
20260924_215150_n6lu,E13-risk-under-provider-conditions,condition:historical-failures-2,0,201,,c9429929-0bd4-4195-b4f6-f697e59721b2,COMPLETED,,false,180.386,153,"[{""itemType"":""hotel"",""operation"":""RESERVE"",""outcome"":""SUCCEEDED"",""latencyMs"":7},{""itemType"":""flight"",""operation"":""RESERVE"",""outcome"":""SUCCEEDED"",""latencyMs"":5},{""itemType"":""transport"",""operation"":""RESERVE"",""outcome"":""SUCCEEDED"",""latencyMs"":7},{""itemType"":""hotel"",""operation"":""CONFIRM"",""outcome"":""SUCCEEDED"",""latencyMs"":5},{""itemType"":""flight"",""operation"":""CONFIRM"",""outcome"":""SUCCEEDED"",""latencyMs"":7},{""itemType"":""transport"",""operation"":""CONFIRM"",""outcome"":""SUCCEEDED"",""latencyMs"":7}]",0,0,true,true,,3,0,0,HIGH,75,REVIEW,,
20260924_215150_n6lu,E13-risk-under-provider-conditions,condition:historical-failures-2,1,201,,d9d00a39-ff0c-44b5-bc8c-0f798a0f1a4b,COMPLETED,,false,260.759,240,"[{""itemType"":""hotel"",""operation"":""RESERVE"",""outcome"":""SUCCEEDED"",""latencyMs"":15},{""itemType"":""flight"",""operation"":""RESERVE"",""outcome"":""SUCCEEDED"",""latencyMs"":9},{""itemType"":""transport"",""operation"":""RESERVE"",""outcome"":""SUCCEEDED"",""latencyMs"":9},{""itemType"":""hotel"",""operation"":""CONFIRM"",""outcome"":""SUCCEEDED"",""latencyMs"":5},{""itemType"":""flight"",""operation"":""CONFIRM"",""outcome"":""SUCCEEDED"",""latencyMs"":8},{""itemType"":""transport"",""operation"":""CONFIRM"",""outcome"":""SUCCEEDED"",""latencyMs"":6}]",0,0,true,true,,3,0,0,HIGH,75,REVIEW,,
20260924_215150_n6lu,E13-risk-under-provider-conditions,condition:historical-failures-2,2,201,,704088f9-7e6d-4145-b970-d2bf3758987c,COMPLETED,,false,190.164,174,"[{""itemType"":""hotel"",""operation"":""RESERVE"",""outcome"":""SUCCEEDED"",""latencyMs"":9},{""itemType"":""flight"",""operation"":""RESERVE"",""outcome"":""SUCCEEDED"",""latencyMs"":4},{""itemType"":""transport"",""operation"":""RESERVE"",""outcome"":""SUCCEEDED"",""latencyMs"":4},{""itemType"":""hotel"",""operation"":""CONFIRM"",""outcome"":""SUCCEEDED"",""latencyMs"":3},{""itemType"":""flight"",""operation"":""CONFIRM"",""outcome"":""SUCCEEDED"",""latencyMs"":3},{""itemType"":""transport"",""operation"":""CONFIRM"",""outcome"":""SUCCEEDED"",""latencyMs"":3}]",0,0,true,true,,3,0,0,HIGH,75,REVIEW,,
20260924_215150_n6lu,E13-risk-under-provider-conditions,condition:historical-rollback-failure,0,201,,88f1f084-708c-4a39-9d72-f7c1b1f822d0,COMPLETED,,false,180.403,157,"[{""itemType"":""hotel"",""operation"":""RESERVE"",""outcome"":""SUCCEEDED"",""latencyMs"":4},{""itemType"":""flight"",""operation"":""RESERVE"",""outcome"":""SUCCEEDED"",""latencyMs"":4},{""itemType"":""transport"",""operation"":""RESERVE"",""outcome"":""SUCCEEDED"",""latencyMs"":3},{""itemType"":""hotel"",""operation"":""CONFIRM"",""outcome"":""SUCCEEDED"",""latencyMs"":3},{""itemType"":""flight"",""operation"":""CONFIRM"",""outcome"":""SUCCEEDED"",""latencyMs"":4},{""itemType"":""transport"",""operation"":""CONFIRM"",""outcome"":""SUCCEEDED"",""latencyMs"":5}]",0,0,true,true,,3,0,0,HIGH,90,REVIEW,,
20260924_215150_n6lu,E13-risk-under-provider-conditions,condition:historical-rollback-failure,1,201,,92210311-be2b-42f8-9400-239e95be1a21,COMPLETED,,false,244.08,207,"[{""itemType"":""hotel"",""operation"":""RESERVE"",""outcome"":""SUCCEEDED"",""latencyMs"":3},{""itemType"":""flight"",""operation"":""RESERVE"",""outcome"":""SUCCEEDED"",""latencyMs"":6},{""itemType"":""transport"",""operation"":""RESERVE"",""outcome"":""SUCCEEDED"",""latencyMs"":9},{""itemType"":""hotel"",""operation"":""CONFIRM"",""outcome"":""SUCCEEDED"",""latencyMs"":15},{""itemType"":""flight"",""operation"":""CONFIRM"",""outcome"":""SUCCEEDED"",""latencyMs"":16},{""itemType"":""transport"",""operation"":""CONFIRM"",""outcome"":""SUCCEEDED"",""latencyMs"":11}]",0,0,true,true,,3,0,0,HIGH,90,REVIEW,,
20260924_215150_n6lu,E13-risk-under-provider-conditions,condition:historical-rollback-failure,2,201,,891f70ee-6ee6-4c63-a7cc-a52d1c8ebd5d,COMPLETED,,false,153.65,127,"[{""itemType"":""hotel"",""operation"":""RESERVE"",""outcome"":""SUCCEEDED"",""latencyMs"":5},{""itemType"":""flight"",""operation"":""RESERVE"",""outcome"":""SUCCEEDED"",""latencyMs"":5},{""itemType"":""transport"",""operation"":""RESERVE"",""outcome"":""SUCCEEDED"",""latencyMs"":4},{""itemType"":""hotel"",""operation"":""CONFIRM"",""outcome"":""SUCCEEDED"",""latencyMs"":3},{""itemType"":""flight"",""operation"":""CONFIRM"",""outcome"":""SUCCEEDED"",""latencyMs"":3},{""itemType"":""transport"",""operation"":""CONFIRM"",""outcome"":""SUCCEEDED"",""latencyMs"":6}]",0,0,true,true,,3,0,0,HIGH,90,REVIEW,,
20260924_215150_n6lu,E13-risk-under-provider-conditions,condition:worst-case,0,201,,158e96cd-5093-4aa8-bbf4-a7f47fc6ac2d,COMPLETED,,false,160.104,139,"[{""itemType"":""hotel"",""operation"":""RESERVE"",""outcome"":""SUCCEEDED"",""latencyMs"":6},{""itemType"":""flight"",""operation"":""RESERVE"",""outcome"":""SUCCEEDED"",""latencyMs"":5},{""itemType"":""transport"",""operation"":""RESERVE"",""outcome"":""SUCCEEDED"",""latencyMs"":4},{""itemType"":""hotel"",""operation"":""CONFIRM"",""outcome"":""SUCCEEDED"",""latencyMs"":4},{""itemType"":""flight"",""operation"":""CONFIRM"",""outcome"":""SUCCEEDED"",""latencyMs"":6},{""itemType"":""transport"",""operation"":""CONFIRM"",""outcome"":""SUCCEEDED"",""latencyMs"":4}]",0,0,true,true,,3,0,0,HIGH,100,REVIEW,,
20260924_215150_n6lu,E13-risk-under-provider-conditions,condition:worst-case,1,201,,e972bb2b-1263-4180-9227-350c4fae7982,COMPLETED,,false,162.276,144,"[{""itemType"":""hotel"",""operation"":""RESERVE"",""outcome"":""SUCCEEDED"",""latencyMs"":3},{""itemType"":""flight"",""operation"":""RESERVE"",""outcome"":""SUCCEEDED"",""latencyMs"":3},{""itemType"":""transport"",""operation"":""RESERVE"",""outcome"":""SUCCEEDED"",""latencyMs"":4},{""itemType"":""hotel"",""operation"":""CONFIRM"",""outcome"":""SUCCEEDED"",""latencyMs"":3},{""itemType"":""flight"",""operation"":""CONFIRM"",""outcome"":""SUCCEEDED"",""latencyMs"":4},{""itemType"":""transport"",""operation"":""CONFIRM"",""outcome"":""SUCCEEDED"",""latencyMs"":3}]",0,0,true,true,,3,0,0,HIGH,100,REVIEW,,
20260924_215150_n6lu,E13-risk-under-provider-conditions,condition:worst-case,2,201,,69f48264-a245-44dc-b833-ea710f28380d,COMPLETED,,false,188.599,163,"[{""itemType"":""hotel"",""operation"":""RESERVE"",""outcome"":""SUCCEEDED"",""latencyMs"":4},{""itemType"":""flight"",""operation"":""RESERVE"",""outcome"":""SUCCEEDED"",""latencyMs"":3},{""itemType"":""transport"",""operation"":""RESERVE"",""outcome"":""SUCCEEDED"",""latencyMs"":7},{""itemType"":""hotel"",""operation"":""CONFIRM"",""outcome"":""SUCCEEDED"",""latencyMs"":8},{""itemType"":""flight"",""operation"":""CONFIRM"",""outcome"":""SUCCEEDED"",""latencyMs"":8},{""itemType"":""transport"",""operation"":""CONFIRM"",""outcome"":""SUCCEEDED"",""latencyMs"":6}]",0,0,true,true,,3,0,0,HIGH,100,REVIEW,,
20260924_215150_n6lu,E13-risk-under-provider-conditions,providers:1,0,201,,b1b5ca1d-db4d-4e2d-89fd-d1281e3bf750,COMPLETED,,false,61.096,50,"[{""itemType"":""hotel"",""operation"":""RESERVE"",""outcome"":""SUCCEEDED"",""latencyMs"":4},{""itemType"":""hotel"",""operation"":""CONFIRM"",""outcome"":""SUCCEEDED"",""latencyMs"":3}]",0,0,true,true,,1,0,0,LOW,10,PROCEED,,
20260924_215150_n6lu,E13-risk-under-provider-conditions,providers:1,1,201,,34be0013-50d5-4391-8835-b2fa9aa07db7,COMPLETED,,false,90.537,69,"[{""itemType"":""hotel"",""operation"":""RESERVE"",""outcome"":""SUCCEEDED"",""latencyMs"":7},{""itemType"":""hotel"",""operation"":""CONFIRM"",""outcome"":""SUCCEEDED"",""latencyMs"":7}]",0,0,true,true,,1,0,0,LOW,10,PROCEED,,
20260924_215150_n6lu,E13-risk-under-provider-conditions,providers:1,2,201,,0a8fe113-5139-4ed4-8383-a6067d9e2052,COMPLETED,,false,58.239,47,"[{""itemType"":""hotel"",""operation"":""RESERVE"",""outcome"":""SUCCEEDED"",""latencyMs"":3},{""itemType"":""hotel"",""operation"":""CONFIRM"",""outcome"":""SUCCEEDED"",""latencyMs"":4}]",0,0,true,true,,1,0,0,LOW,10,PROCEED,,
20260924_215150_n6lu,E13-risk-under-provider-conditions,providers:2,0,201,,2a66cd8d-4e18-45a6-9aff-1782b73e2176,COMPLETED,,false,106.04,86,"[{""itemType"":""hotel"",""operation"":""RESERVE"",""outcome"":""SUCCEEDED"",""latencyMs"":4},{""itemType"":""flight"",""operation"":""RESERVE"",""outcome"":""SUCCEEDED"",""latencyMs"":5},{""itemType"":""hotel"",""operation"":""CONFIRM"",""outcome"":""SUCCEEDED"",""latencyMs"":3},{""itemType"":""flight"",""operation"":""CONFIRM"",""outcome"":""SUCCEEDED"",""latencyMs"":6}]",0,0,true,true,,2,0,0,LOW,20,PROCEED,,
20260924_215150_n6lu,E13-risk-under-provider-conditions,providers:2,1,201,,2fc708de-d6c1-4cfc-a881-2ec728077987,COMPLETED,,false,167.406,142,"[{""itemType"":""hotel"",""operation"":""RESERVE"",""outcome"":""SUCCEEDED"",""latencyMs"":6},{""itemType"":""flight"",""operation"":""RESERVE"",""outcome"":""SUCCEEDED"",""latencyMs"":5},{""itemType"":""hotel"",""operation"":""CONFIRM"",""outcome"":""SUCCEEDED"",""latencyMs"":10},{""itemType"":""flight"",""operation"":""CONFIRM"",""outcome"":""SUCCEEDED"",""latencyMs"":9}]",0,0,true,true,,2,0,0,LOW,20,PROCEED,,
20260924_215150_n6lu,E13-risk-under-provider-conditions,providers:2,2,201,,f53f50c7-80b1-45db-a904-07e19e62671a,COMPLETED,,false,157.538,136,"[{""itemType"":""hotel"",""operation"":""RESERVE"",""outcome"":""SUCCEEDED"",""latencyMs"":3},{""itemType"":""flight"",""operation"":""RESERVE"",""outcome"":""SUCCEEDED"",""latencyMs"":9},{""itemType"":""hotel"",""operation"":""CONFIRM"",""outcome"":""SUCCEEDED"",""latencyMs"":9},{""itemType"":""flight"",""operation"":""CONFIRM"",""outcome"":""SUCCEEDED"",""latencyMs"":13}]",0,0,true,true,,2,0,0,LOW,20,PROCEED,,
20260924_215150_n6lu,E13-risk-under-provider-conditions,providers:3,0,201,,0b7350de-70cb-49ac-915e-7d7134091f61,COMPLETED,,false,168.789,151,"[{""itemType"":""hotel"",""operation"":""RESERVE"",""outcome"":""SUCCEEDED"",""latencyMs"":5},{""itemType"":""flight"",""operation"":""RESERVE"",""outcome"":""SUCCEEDED"",""latencyMs"":4},{""itemType"":""transport"",""operation"":""RESERVE"",""outcome"":""SUCCEEDED"",""latencyMs"":11},{""itemType"":""hotel"",""operation"":""CONFIRM"",""outcome"":""SUCCEEDED"",""latencyMs"":3},{""itemType"":""flight"",""operation"":""CONFIRM"",""outcome"":""SUCCEEDED"",""latencyMs"":4},{""itemType"":""transport"",""operation"":""CONFIRM"",""outcome"":""SUCCEEDED"",""latencyMs"":3}]",0,0,true,true,,3,0,0,LOW,30,PROCEED,,
20260924_215150_n6lu,E13-risk-under-provider-conditions,providers:3,1,201,,1e0c3739-268c-4b55-bbca-356593816270,COMPLETED,,false,166.578,143,"[{""itemType"":""hotel"",""operation"":""RESERVE"",""outcome"":""SUCCEEDED"",""latencyMs"":5},{""itemType"":""flight"",""operation"":""RESERVE"",""outcome"":""SUCCEEDED"",""latencyMs"":3},{""itemType"":""transport"",""operation"":""RESERVE"",""outcome"":""SUCCEEDED"",""latencyMs"":6},{""itemType"":""hotel"",""operation"":""CONFIRM"",""outcome"":""SUCCEEDED"",""latencyMs"":7},{""itemType"":""flight"",""operation"":""CONFIRM"",""outcome"":""SUCCEEDED"",""latencyMs"":8},{""itemType"":""transport"",""operation"":""CONFIRM"",""outcome"":""SUCCEEDED"",""latencyMs"":6}]",0,0,true,true,,3,0,0,LOW,30,PROCEED,,
20260924_215150_n6lu,E13-risk-under-provider-conditions,providers:3,2,201,,40565402-5552-448b-b9af-0e4565b9d605,COMPLETED,,false,260.961,217,"[{""itemType"":""hotel"",""operation"":""RESERVE"",""outcome"":""SUCCEEDED"",""latencyMs"":6},{""itemType"":""flight"",""operation"":""RESERVE"",""outcome"":""SUCCEEDED"",""latencyMs"":7},{""itemType"":""transport"",""operation"":""RESERVE"",""outcome"":""SUCCEEDED"",""latencyMs"":7},{""itemType"":""hotel"",""operation"":""CONFIRM"",""outcome"":""SUCCEEDED"",""latencyMs"":8},{""itemType"":""flight"",""operation"":""CONFIRM"",""outcome"":""SUCCEEDED"",""latencyMs"":11},{""itemType"":""transport"",""operation"":""CONFIRM"",""outcome"":""SUCCEEDED"",""latencyMs"":13}]",0,0,true,true,,3,0,0,LOW,30,PROCEED,,
20260924_215150_n6lu,E13-risk-under-provider-conditions,providers:4,0,201,,fca3eddd-a413-4936-9dd3-90a36549f168,COMPLETED,,false,428.448,403,"[{""itemType"":""hotel"",""operation"":""RESERVE"",""outcome"":""SUCCEEDED"",""latencyMs"":12},{""itemType"":""flight"",""operation"":""RESERVE"",""outcome"":""SUCCEEDED"",""latencyMs"":14},{""itemType"":""transport"",""operation"":""RESERVE"",""outcome"":""SUCCEEDED"",""latencyMs"":6},{""itemType"":""activity"",""operation"":""RESERVE"",""outcome"":""SUCCEEDED"",""latencyMs"":6},{""itemType"":""hotel"",""operation"":""CONFIRM"",""outcome"":""SUCCEEDED"",""latencyMs"":10},{""itemType"":""flight"",""operation"":""CONFIRM"",""outcome"":""SUCCEEDED"",""latencyMs"":8},{""itemType"":""transport"",""operation"":""CONFIRM"",""outcome"":""SUCCEEDED"",""latencyMs"":12},{""itemType"":""activity"",""operation"":""CONFIRM"",""outcome"":""SUCCEEDED"",""latencyMs"":8}]",0,0,true,true,,4,0,0,MEDIUM,40,PROCEED,,
20260924_215150_n6lu,E13-risk-under-provider-conditions,providers:4,1,201,,675c0913-4bc9-449d-adb3-15ee613415dd,COMPLETED,,false,209.51,189,"[{""itemType"":""hotel"",""operation"":""RESERVE"",""outcome"":""SUCCEEDED"",""latencyMs"":3},{""itemType"":""flight"",""operation"":""RESERVE"",""outcome"":""SUCCEEDED"",""latencyMs"":3},{""itemType"":""transport"",""operation"":""RESERVE"",""outcome"":""SUCCEEDED"",""latencyMs"":3},{""itemType"":""activity"",""operation"":""RESERVE"",""outcome"":""SUCCEEDED"",""latencyMs"":3},{""itemType"":""hotel"",""operation"":""CONFIRM"",""outcome"":""SUCCEEDED"",""latencyMs"":8},{""itemType"":""flight"",""operation"":""CONFIRM"",""outcome"":""SUCCEEDED"",""latencyMs"":11},{""itemType"":""transport"",""operation"":""CONFIRM"",""outcome"":""SUCCEEDED"",""latencyMs"":9},{""itemType"":""activity"",""operation"":""CONFIRM"",""outcome"":""SUCCEEDED"",""latencyMs"":9}]",0,0,true,true,,4,0,0,MEDIUM,40,PROCEED,,
20260924_215150_n6lu,E13-risk-under-provider-conditions,providers:4,2,201,,00d7fe6d-9162-446e-a1ea-2dbd35f12321,COMPLETED,,false,345.115,322,"[{""itemType"":""hotel"",""operation"":""RESERVE"",""outcome"":""SUCCEEDED"",""latencyMs"":9},{""itemType"":""flight"",""operation"":""RESERVE"",""outcome"":""SUCCEEDED"",""latencyMs"":9},{""itemType"":""transport"",""operation"":""RESERVE"",""outcome"":""SUCCEEDED"",""latencyMs"":11},{""itemType"":""activity"",""operation"":""RESERVE"",""outcome"":""SUCCEEDED"",""latencyMs"":11},{""itemType"":""hotel"",""operation"":""CONFIRM"",""outcome"":""SUCCEEDED"",""latencyMs"":8},{""itemType"":""flight"",""operation"":""CONFIRM"",""outcome"":""SUCCEEDED"",""latencyMs"":7},{""itemType"":""transport"",""operation"":""CONFIRM"",""outcome"":""SUCCEEDED"",""latencyMs"":8},{""itemType"":""activity"",""operation"":""CONFIRM"",""outcome"":""SUCCEEDED"",""latencyMs"":6}]",0,0,true,true,,4,0,0,MEDIUM,40,PROCEED,,
20260924_215150_n6lu,E13-risk-under-provider-conditions,capacity-pressure,0,201,,a418cab2-8cf4-450e-96c1-74919cd5e784,COMPLETED,,false,260.091,238,"[{""itemType"":""hotel"",""operation"":""RESERVE"",""outcome"":""SUCCEEDED"",""latencyMs"":10},{""itemType"":""flight"",""operation"":""RESERVE"",""outcome"":""SUCCEEDED"",""latencyMs"":10},{""itemType"":""transport"",""operation"":""RESERVE"",""outcome"":""SUCCEEDED"",""latencyMs"":8},{""itemType"":""hotel"",""operation"":""CONFIRM"",""outcome"":""SUCCEEDED"",""latencyMs"":6},{""itemType"":""flight"",""operation"":""CONFIRM"",""outcome"":""SUCCEEDED"",""latencyMs"":6},{""itemType"":""transport"",""operation"":""CONFIRM"",""outcome"":""SUCCEEDED"",""latencyMs"":6}]",0,0,true,true,,3,0,0,MEDIUM,45,PROCEED,,
20260924_215150_n6lu,E13-risk-under-provider-conditions,capacity-pressure,1,201,,567d8eae-4344-4493-96da-5105acda93b3,COMPLETED,,false,258.86,234,"[{""itemType"":""hotel"",""operation"":""RESERVE"",""outcome"":""SUCCEEDED"",""latencyMs"":5},{""itemType"":""flight"",""operation"":""RESERVE"",""outcome"":""SUCCEEDED"",""latencyMs"":9},{""itemType"":""transport"",""operation"":""RESERVE"",""outcome"":""SUCCEEDED"",""latencyMs"":7},{""itemType"":""hotel"",""operation"":""CONFIRM"",""outcome"":""SUCCEEDED"",""latencyMs"":6},{""itemType"":""flight"",""operation"":""CONFIRM"",""outcome"":""SUCCEEDED"",""latencyMs"":7},{""itemType"":""transport"",""operation"":""CONFIRM"",""outcome"":""SUCCEEDED"",""latencyMs"":11}]",0,0,true,true,,3,0,0,MEDIUM,45,PROCEED,,
20260924_215150_n6lu,E13-risk-under-provider-conditions,capacity-pressure,2,201,,cbd5a746-e4ec-48cb-90f6-0fe2db7d76ef,COMPLETED,,false,185.106,153,"[{""itemType"":""hotel"",""operation"":""RESERVE"",""outcome"":""SUCCEEDED"",""latencyMs"":4},{""itemType"":""flight"",""operation"":""RESERVE"",""outcome"":""SUCCEEDED"",""latencyMs"":3},{""itemType"":""transport"",""operation"":""RESERVE"",""outcome"":""SUCCEEDED"",""latencyMs"":5},{""itemType"":""hotel"",""operation"":""CONFIRM"",""outcome"":""SUCCEEDED"",""latencyMs"":3},{""itemType"":""flight"",""operation"":""CONFIRM"",""outcome"":""SUCCEEDED"",""latencyMs"":6},{""itemType"":""transport"",""operation"":""CONFIRM"",""outcome"":""SUCCEEDED"",""latencyMs"":7}]",0,0,true,true,,3,0,0,MEDIUM,45,PROCEED,,
20260924_215150_n6lu,E14-recovery-advisor-classification,transient-timeout,0,409,,d142d34f-16a6-469d-8913-ba50606253da,ROLLED_BACK,PROVIDER_RESERVE,false,279.979,250,"[{""itemType"":""hotel"",""operation"":""RESERVE"",""outcome"":""SUCCEEDED"",""latencyMs"":6},{""itemType"":""flight"",""operation"":""RESERVE"",""outcome"":""SUCCEEDED"",""latencyMs"":3},{""itemType"":""transport"",""operation"":""RESERVE"",""outcome"":""FAILED"",""latencyMs"":8},{""itemType"":""flight"",""operation"":""CANCEL"",""outcome"":""SUCCEEDED"",""latencyMs"":14},{""itemType"":""hotel"",""operation"":""CANCEL"",""outcome"":""SUCCEEDED"",""latencyMs"":16}]",2,0,true,false,VOIDED,0,3,0,LOW,30,PROCEED,,"{""expected"":""AUTOMATIC_RETRY"",""rule"":""transient error, active provider, no lock/compensation issue"",""directRecommendation"":""AUTOMATIC_RETRY"",""directSeverity"":""LOW"",""directConfidence"":90,""directReasonCodes"":[""TRANSIENT_FAILURE_DETECTED""]}"
20260924_215150_n6lu,E14-recovery-advisor-classification,transient-timeout,1,409,,4785190b-486f-4309-9c52-b7c13532938b,ROLLED_BACK,PROVIDER_RESERVE,false,116.904,102,"[{""itemType"":""hotel"",""operation"":""RESERVE"",""outcome"":""SUCCEEDED"",""latencyMs"":3},{""itemType"":""flight"",""operation"":""RESERVE"",""outcome"":""SUCCEEDED"",""latencyMs"":4},{""itemType"":""transport"",""operation"":""RESERVE"",""outcome"":""FAILED"",""latencyMs"":4},{""itemType"":""flight"",""operation"":""CANCEL"",""outcome"":""SUCCEEDED"",""latencyMs"":4},{""itemType"":""hotel"",""operation"":""CANCEL"",""outcome"":""SUCCEEDED"",""latencyMs"":5}]",2,0,true,false,VOIDED,0,3,0,LOW,30,PROCEED,,"{""expected"":""AUTOMATIC_RETRY"",""rule"":""transient error, active provider, no lock/compensation issue"",""directRecommendation"":""AUTOMATIC_RETRY"",""directSeverity"":""LOW"",""directConfidence"":90,""directReasonCodes"":[""TRANSIENT_FAILURE_DETECTED""]}"
20260924_215150_n6lu,E14-recovery-advisor-classification,transient-timeout,2,409,,fa74bfd0-5c25-4a13-8ee8-4d5e9056175a,ROLLED_BACK,PROVIDER_RESERVE,false,131.227,114,"[{""itemType"":""hotel"",""operation"":""RESERVE"",""outcome"":""SUCCEEDED"",""latencyMs"":3},{""itemType"":""flight"",""operation"":""RESERVE"",""outcome"":""SUCCEEDED"",""latencyMs"":3},{""itemType"":""transport"",""operation"":""RESERVE"",""outcome"":""FAILED"",""latencyMs"":5},{""itemType"":""flight"",""operation"":""CANCEL"",""outcome"":""SUCCEEDED"",""latencyMs"":8},{""itemType"":""hotel"",""operation"":""CANCEL"",""outcome"":""SUCCEEDED"",""latencyMs"":5}]",2,0,true,false,VOIDED,0,3,0,LOW,30,PROCEED,,"{""expected"":""AUTOMATIC_RETRY"",""rule"":""transient error, active provider, no lock/compensation issue"",""directRecommendation"":""AUTOMATIC_RETRY"",""directSeverity"":""LOW"",""directConfidence"":90,""directReasonCodes"":[""TRANSIENT_FAILURE_DETECTED""]}"
20260924_215150_n6lu,E14-recovery-advisor-classification,maintenance-error,0,409,,42b34f98-e6a5-4508-8959-eaf62a4fe57e,ROLLED_BACK,PROVIDER_RESERVE,false,201.73,164,"[{""itemType"":""hotel"",""operation"":""RESERVE"",""outcome"":""SUCCEEDED"",""latencyMs"":5},{""itemType"":""flight"",""operation"":""RESERVE"",""outcome"":""SUCCEEDED"",""latencyMs"":6},{""itemType"":""transport"",""operation"":""RESERVE"",""outcome"":""FAILED"",""latencyMs"":5},{""itemType"":""flight"",""operation"":""CANCEL"",""outcome"":""SUCCEEDED"",""latencyMs"":8},{""itemType"":""hotel"",""operation"":""CANCEL"",""outcome"":""SUCCEEDED"",""latencyMs"":5}]",2,0,true,false,VOIDED,0,3,0,LOW,30,PROCEED,,"{""expected"":""ALTERNATIVE_PROVIDER"",""rule"":""maintenance in error message"",""directRecommendation"":""ALTERNATIVE_PROVIDER"",""directSeverity"":""MEDIUM"",""directConfidence"":88,""directReasonCodes"":[""PROVIDER_MAINTENANCE""]}"
20260924_215150_n6lu,E14-recovery-advisor-classification,maintenance-error,1,409,,fee80ba3-11f3-41c1-a52c-019320a0a493,ROLLED_BACK,PROVIDER_RESERVE,false,187.417,154,"[{""itemType"":""hotel"",""operation"":""RESERVE"",""outcome"":""SUCCEEDED"",""latencyMs"":4},{""itemType"":""flight"",""operation"":""RESERVE"",""outcome"":""SUCCEEDED"",""latencyMs"":8},{""itemType"":""transport"",""operation"":""RESERVE"",""outcome"":""FAILED"",""latencyMs"":9},{""itemType"":""flight"",""operation"":""CANCEL"",""outcome"":""SUCCEEDED"",""latencyMs"":11},{""itemType"":""hotel"",""operation"":""CANCEL"",""outcome"":""SUCCEEDED"",""latencyMs"":8}]",2,0,true,false,VOIDED,0,3,0,LOW,30,PROCEED,,"{""expected"":""ALTERNATIVE_PROVIDER"",""rule"":""maintenance in error message"",""directRecommendation"":""ALTERNATIVE_PROVIDER"",""directSeverity"":""MEDIUM"",""directConfidence"":88,""directReasonCodes"":[""PROVIDER_MAINTENANCE""]}"
20260924_215150_n6lu,E14-recovery-advisor-classification,maintenance-error,2,409,,854ab03e-f6b5-401e-95ab-c6d65c40ee69,ROLLED_BACK,PROVIDER_RESERVE,false,226.405,198,"[{""itemType"":""hotel"",""operation"":""RESERVE"",""outcome"":""SUCCEEDED"",""latencyMs"":6},{""itemType"":""flight"",""operation"":""RESERVE"",""outcome"":""SUCCEEDED"",""latencyMs"":7},{""itemType"":""transport"",""operation"":""RESERVE"",""outcome"":""FAILED"",""latencyMs"":8},{""itemType"":""flight"",""operation"":""CANCEL"",""outcome"":""SUCCEEDED"",""latencyMs"":11},{""itemType"":""hotel"",""operation"":""CANCEL"",""outcome"":""SUCCEEDED"",""latencyMs"":9}]",2,0,true,false,VOIDED,0,3,0,LOW,30,PROCEED,,"{""expected"":""ALTERNATIVE_PROVIDER"",""rule"":""maintenance in error message"",""directRecommendation"":""ALTERNATIVE_PROVIDER"",""directSeverity"":""MEDIUM"",""directConfidence"":88,""directReasonCodes"":[""PROVIDER_MAINTENANCE""]}"
20260924_215150_n6lu,E14-recovery-advisor-classification,maintenance-telemetry,0,409,,44a8b71b-0cd2-40df-9e76-5bc2aa3c664d,ROLLED_BACK,PROVIDER_RESERVE,false,237.708,209,"[{""itemType"":""hotel"",""operation"":""RESERVE"",""outcome"":""SUCCEEDED"",""latencyMs"":6},{""itemType"":""flight"",""operation"":""RESERVE"",""outcome"":""SUCCEEDED"",""latencyMs"":12},{""itemType"":""transport"",""operation"":""RESERVE"",""outcome"":""FAILED"",""latencyMs"":11},{""itemType"":""flight"",""operation"":""CANCEL"",""outcome"":""SUCCEEDED"",""latencyMs"":6},{""itemType"":""hotel"",""operation"":""CANCEL"",""outcome"":""SUCCEEDED"",""latencyMs"":7}]",2,0,true,false,VOIDED,0,3,0,LOW,30,PROCEED,,"{""expected"":""ALTERNATIVE_PROVIDER"",""rule"":""provider status maintenance"",""directRecommendation"":""ALTERNATIVE_PROVIDER"",""directSeverity"":""MEDIUM"",""directConfidence"":88,""directReasonCodes"":[""PROVIDER_MAINTENANCE""]}"
20260924_215150_n6lu,E14-recovery-advisor-classification,maintenance-telemetry,1,409,,637f6611-a70f-4e5c-9004-ff3fb0367d89,ROLLED_BACK,PROVIDER_RESERVE,false,242.165,211,"[{""itemType"":""hotel"",""operation"":""RESERVE"",""outcome"":""SUCCEEDED"",""latencyMs"":7},{""itemType"":""flight"",""operation"":""RESERVE"",""outcome"":""SUCCEEDED"",""latencyMs"":9},{""itemType"":""transport"",""operation"":""RESERVE"",""outcome"":""FAILED"",""latencyMs"":9},{""itemType"":""flight"",""operation"":""CANCEL"",""outcome"":""SUCCEEDED"",""latencyMs"":7},{""itemType"":""hotel"",""operation"":""CANCEL"",""outcome"":""SUCCEEDED"",""latencyMs"":7}]",2,0,true,false,VOIDED,0,3,0,LOW,30,PROCEED,,"{""expected"":""ALTERNATIVE_PROVIDER"",""rule"":""provider status maintenance"",""directRecommendation"":""ALTERNATIVE_PROVIDER"",""directSeverity"":""MEDIUM"",""directConfidence"":88,""directReasonCodes"":[""PROVIDER_MAINTENANCE""]}"
20260924_215150_n6lu,E14-recovery-advisor-classification,maintenance-telemetry,2,409,,f14ef299-2222-426b-a86b-bcfa2782c5a0,ROLLED_BACK,PROVIDER_RESERVE,false,232.46,205,"[{""itemType"":""hotel"",""operation"":""RESERVE"",""outcome"":""SUCCEEDED"",""latencyMs"":7},{""itemType"":""flight"",""operation"":""RESERVE"",""outcome"":""SUCCEEDED"",""latencyMs"":9},{""itemType"":""transport"",""operation"":""RESERVE"",""outcome"":""FAILED"",""latencyMs"":12},{""itemType"":""flight"",""operation"":""CANCEL"",""outcome"":""SUCCEEDED"",""latencyMs"":8},{""itemType"":""hotel"",""operation"":""CANCEL"",""outcome"":""SUCCEEDED"",""latencyMs"":8}]",2,0,true,false,VOIDED,0,3,0,LOW,30,PROCEED,,"{""expected"":""ALTERNATIVE_PROVIDER"",""rule"":""provider status maintenance"",""directRecommendation"":""ALTERNATIVE_PROVIDER"",""directSeverity"":""MEDIUM"",""directConfidence"":88,""directReasonCodes"":[""PROVIDER_MAINTENANCE""]}"
20260924_215150_n6lu,E14-recovery-advisor-classification,repeated-failures,0,409,,688750d5-7e8a-42f6-b2e7-32fe68ec2acb,ROLLED_BACK,PROVIDER_RESERVE,false,304.42,271,"[{""itemType"":""hotel"",""operation"":""RESERVE"",""outcome"":""SUCCEEDED"",""latencyMs"":8},{""itemType"":""flight"",""operation"":""RESERVE"",""outcome"":""SUCCEEDED"",""latencyMs"":9},{""itemType"":""transport"",""operation"":""RESERVE"",""outcome"":""FAILED"",""latencyMs"":18},{""itemType"":""flight"",""operation"":""CANCEL"",""outcome"":""SUCCEEDED"",""latencyMs"":10},{""itemType"":""hotel"",""operation"":""CANCEL"",""outcome"":""SUCCEEDED"",""latencyMs"":9}]",2,0,true,false,VOIDED,0,3,0,LOW,30,PROCEED,,"{""expected"":""ALTERNATIVE_PROVIDER"",""rule"":"">= 2 historical failures"",""directRecommendation"":""ALTERNATIVE_PROVIDER"",""directSeverity"":""MEDIUM"",""directConfidence"":88,""directReasonCodes"":[""REPEATED_HISTORICAL_FAILURES""]}"
20260924_215150_n6lu,E14-recovery-advisor-classification,repeated-failures,1,409,,102d8765-9859-4ceb-bb61-dd0713bf54f2,ROLLED_BACK,PROVIDER_RESERVE,false,266.993,237,"[{""itemType"":""hotel"",""operation"":""RESERVE"",""outcome"":""SUCCEEDED"",""latencyMs"":7},{""itemType"":""flight"",""operation"":""RESERVE"",""outcome"":""SUCCEEDED"",""latencyMs"":7},{""itemType"":""transport"",""operation"":""RESERVE"",""outcome"":""FAILED"",""latencyMs"":11},{""itemType"":""flight"",""operation"":""CANCEL"",""outcome"":""SUCCEEDED"",""latencyMs"":12},{""itemType"":""hotel"",""operation"":""CANCEL"",""outcome"":""SUCCEEDED"",""latencyMs"":9}]",2,0,true,false,VOIDED,0,3,0,LOW,30,PROCEED,,"{""expected"":""ALTERNATIVE_PROVIDER"",""rule"":"">= 2 historical failures"",""directRecommendation"":""ALTERNATIVE_PROVIDER"",""directSeverity"":""MEDIUM"",""directConfidence"":88,""directReasonCodes"":[""REPEATED_HISTORICAL_FAILURES""]}"
20260924_215150_n6lu,E14-recovery-advisor-classification,repeated-failures,2,409,,d4ae155f-7bee-4953-92c9-45cc73607d1d,ROLLED_BACK,PROVIDER_RESERVE,false,233.382,203,"[{""itemType"":""hotel"",""operation"":""RESERVE"",""outcome"":""SUCCEEDED"",""latencyMs"":6},{""itemType"":""flight"",""operation"":""RESERVE"",""outcome"":""SUCCEEDED"",""latencyMs"":7},{""itemType"":""transport"",""operation"":""RESERVE"",""outcome"":""FAILED"",""latencyMs"":9},{""itemType"":""flight"",""operation"":""CANCEL"",""outcome"":""SUCCEEDED"",""latencyMs"":9},{""itemType"":""hotel"",""operation"":""CANCEL"",""outcome"":""SUCCEEDED"",""latencyMs"":9}]",2,0,true,false,VOIDED,0,3,0,LOW,30,PROCEED,,"{""expected"":""ALTERNATIVE_PROVIDER"",""rule"":"">= 2 historical failures"",""directRecommendation"":""ALTERNATIVE_PROVIDER"",""directSeverity"":""MEDIUM"",""directConfidence"":88,""directReasonCodes"":[""REPEATED_HISTORICAL_FAILURES""]}"
20260924_215150_n6lu,E14-recovery-advisor-classification,no-rollback-support,0,409,,7308625c-9fb4-453e-9b92-2e22cb74de2e,ROLLED_BACK,PROVIDER_RESERVE,false,262.787,237,"[{""itemType"":""hotel"",""operation"":""RESERVE"",""outcome"":""SUCCEEDED"",""latencyMs"":8},{""itemType"":""flight"",""operation"":""RESERVE"",""outcome"":""SUCCEEDED"",""latencyMs"":8},{""itemType"":""transport"",""operation"":""RESERVE"",""outcome"":""FAILED"",""latencyMs"":16},{""itemType"":""flight"",""operation"":""CANCEL"",""outcome"":""SUCCEEDED"",""latencyMs"":9},{""itemType"":""hotel"",""operation"":""CANCEL"",""outcome"":""SUCCEEDED"",""latencyMs"":9}]",2,0,true,false,VOIDED,0,3,0,LOW,30,PROCEED,,"{""expected"":""MANUAL_OPERATOR_REVIEW"",""rule"":""provider does not support rollback"",""directRecommendation"":""MANUAL_OPERATOR_REVIEW"",""directSeverity"":""HIGH"",""directConfidence"":94,""directReasonCodes"":[""UNSUPPORTED_ROLLBACK""]}"
20260924_215150_n6lu,E14-recovery-advisor-classification,no-rollback-support,1,409,,3505a181-5e2a-4bf9-94d5-2bb582427faf,ROLLED_BACK,PROVIDER_RESERVE,false,237.264,204,"[{""itemType"":""hotel"",""operation"":""RESERVE"",""outcome"":""SUCCEEDED"",""latencyMs"":7},{""itemType"":""flight"",""operation"":""RESERVE"",""outcome"":""SUCCEEDED"",""latencyMs"":7},{""itemType"":""transport"",""operation"":""RESERVE"",""outcome"":""FAILED"",""latencyMs"":8},{""itemType"":""flight"",""operation"":""CANCEL"",""outcome"":""SUCCEEDED"",""latencyMs"":9},{""itemType"":""hotel"",""operation"":""CANCEL"",""outcome"":""SUCCEEDED"",""latencyMs"":8}]",2,0,true,false,VOIDED,0,3,0,LOW,30,PROCEED,,"{""expected"":""MANUAL_OPERATOR_REVIEW"",""rule"":""provider does not support rollback"",""directRecommendation"":""MANUAL_OPERATOR_REVIEW"",""directSeverity"":""HIGH"",""directConfidence"":94,""directReasonCodes"":[""UNSUPPORTED_ROLLBACK""]}"
20260924_215150_n6lu,E14-recovery-advisor-classification,no-rollback-support,2,409,,75eecda7-9ecb-4666-859c-84b34f684acd,ROLLED_BACK,PROVIDER_RESERVE,false,252.175,220,"[{""itemType"":""hotel"",""operation"":""RESERVE"",""outcome"":""SUCCEEDED"",""latencyMs"":8},{""itemType"":""flight"",""operation"":""RESERVE"",""outcome"":""SUCCEEDED"",""latencyMs"":8},{""itemType"":""transport"",""operation"":""RESERVE"",""outcome"":""FAILED"",""latencyMs"":11},{""itemType"":""flight"",""operation"":""CANCEL"",""outcome"":""SUCCEEDED"",""latencyMs"":8},{""itemType"":""hotel"",""operation"":""CANCEL"",""outcome"":""SUCCEEDED"",""latencyMs"":9}]",2,0,true,false,VOIDED,0,3,0,LOW,30,PROCEED,,"{""expected"":""MANUAL_OPERATOR_REVIEW"",""rule"":""provider does not support rollback"",""directRecommendation"":""MANUAL_OPERATOR_REVIEW"",""directSeverity"":""HIGH"",""directConfidence"":94,""directReasonCodes"":[""UNSUPPORTED_ROLLBACK""]}"
20260924_215150_n6lu,E14-recovery-advisor-classification,allocation-rejected,0,409,,4c8a7510-2427-4037-9685-819249aa69d5,ROLLED_BACK,PROVIDER_RESERVE,false,251.941,229,"[{""itemType"":""hotel"",""operation"":""RESERVE"",""outcome"":""SUCCEEDED"",""latencyMs"":12},{""itemType"":""flight"",""operation"":""RESERVE"",""outcome"":""SUCCEEDED"",""latencyMs"":7},{""itemType"":""transport"",""operation"":""RESERVE"",""outcome"":""FAILED"",""latencyMs"":9},{""itemType"":""flight"",""operation"":""CANCEL"",""outcome"":""SUCCEEDED"",""latencyMs"":6},{""itemType"":""hotel"",""operation"":""CANCEL"",""outcome"":""SUCCEEDED"",""latencyMs"":13}]",2,0,true,false,VOIDED,0,3,0,LOW,30,PROCEED,,"{""expected"":""MANUAL_OPERATOR_REVIEW"",""rule"":""non-transient allocation rejection (conservative fallback)"",""directRecommendation"":""MANUAL_OPERATOR_REVIEW"",""directSeverity"":""MEDIUM"",""directConfidence"":75,""directReasonCodes"":[""AMBIGUOUS_ERROR_CONDITION""]}"
20260924_215150_n6lu,E14-recovery-advisor-classification,allocation-rejected,1,409,,d28df149-623d-4e23-865c-573c50683594,ROLLED_BACK,PROVIDER_RESERVE,false,271.064,243,"[{""itemType"":""hotel"",""operation"":""RESERVE"",""outcome"":""SUCCEEDED"",""latencyMs"":7},{""itemType"":""flight"",""operation"":""RESERVE"",""outcome"":""SUCCEEDED"",""latencyMs"":6},{""itemType"":""transport"",""operation"":""RESERVE"",""outcome"":""FAILED"",""latencyMs"":14},{""itemType"":""flight"",""operation"":""CANCEL"",""outcome"":""SUCCEEDED"",""latencyMs"":19},{""itemType"":""hotel"",""operation"":""CANCEL"",""outcome"":""SUCCEEDED"",""latencyMs"":8}]",2,0,true,false,VOIDED,0,3,0,LOW,30,PROCEED,,"{""expected"":""MANUAL_OPERATOR_REVIEW"",""rule"":""non-transient allocation rejection (conservative fallback)"",""directRecommendation"":""MANUAL_OPERATOR_REVIEW"",""directSeverity"":""MEDIUM"",""directConfidence"":75,""directReasonCodes"":[""AMBIGUOUS_ERROR_CONDITION""]}"
20260924_215150_n6lu,E14-recovery-advisor-classification,allocation-rejected,2,409,,1d809529-5f55-4607-92d8-eb8243f48837,ROLLED_BACK,PROVIDER_RESERVE,false,161.334,147,"[{""itemType"":""hotel"",""operation"":""RESERVE"",""outcome"":""SUCCEEDED"",""latencyMs"":5},{""itemType"":""flight"",""operation"":""RESERVE"",""outcome"":""SUCCEEDED"",""latencyMs"":3},{""itemType"":""transport"",""operation"":""RESERVE"",""outcome"":""FAILED"",""latencyMs"":6},{""itemType"":""flight"",""operation"":""CANCEL"",""outcome"":""SUCCEEDED"",""latencyMs"":5},{""itemType"":""hotel"",""operation"":""CANCEL"",""outcome"":""SUCCEEDED"",""latencyMs"":7}]",2,0,true,false,VOIDED,0,3,0,LOW,30,PROCEED,,"{""expected"":""MANUAL_OPERATOR_REVIEW"",""rule"":""non-transient allocation rejection (conservative fallback)"",""directRecommendation"":""MANUAL_OPERATOR_REVIEW"",""directSeverity"":""MEDIUM"",""directConfidence"":75,""directReasonCodes"":[""AMBIGUOUS_ERROR_CONDITION""]}"
20260924_215150_n6lu,E14-recovery-advisor-classification,ambiguous,0,409,,57d0ca78-57b0-4623-afc5-3025a634dd88,ROLLED_BACK,PROVIDER_RESERVE,false,150.294,122,"[{""itemType"":""hotel"",""operation"":""RESERVE"",""outcome"":""SUCCEEDED"",""latencyMs"":3},{""itemType"":""flight"",""operation"":""RESERVE"",""outcome"":""SUCCEEDED"",""latencyMs"":3},{""itemType"":""transport"",""operation"":""RESERVE"",""outcome"":""FAILED"",""latencyMs"":6},{""itemType"":""flight"",""operation"":""CANCEL"",""outcome"":""SUCCEEDED"",""latencyMs"":7},{""itemType"":""hotel"",""operation"":""CANCEL"",""outcome"":""SUCCEEDED"",""latencyMs"":7}]",2,0,true,false,VOIDED,0,3,0,LOW,30,PROCEED,,"{""expected"":""MANUAL_OPERATOR_REVIEW"",""rule"":""ambiguous error (conservative fallback)"",""directRecommendation"":""MANUAL_OPERATOR_REVIEW"",""directSeverity"":""MEDIUM"",""directConfidence"":75,""directReasonCodes"":[""AMBIGUOUS_ERROR_CONDITION""]}"
20260924_215150_n6lu,E14-recovery-advisor-classification,ambiguous,1,409,,bfd74799-fe5c-48cc-9a76-34e6e4c6ac77,ROLLED_BACK,PROVIDER_RESERVE,false,240.712,209,"[{""itemType"":""hotel"",""operation"":""RESERVE"",""outcome"":""SUCCEEDED"",""latencyMs"":7},{""itemType"":""flight"",""operation"":""RESERVE"",""outcome"":""SUCCEEDED"",""latencyMs"":8},{""itemType"":""transport"",""operation"":""RESERVE"",""outcome"":""FAILED"",""latencyMs"":11},{""itemType"":""flight"",""operation"":""CANCEL"",""outcome"":""SUCCEEDED"",""latencyMs"":10},{""itemType"":""hotel"",""operation"":""CANCEL"",""outcome"":""SUCCEEDED"",""latencyMs"":7}]",2,0,true,false,VOIDED,0,3,0,LOW,30,PROCEED,,"{""expected"":""MANUAL_OPERATOR_REVIEW"",""rule"":""ambiguous error (conservative fallback)"",""directRecommendation"":""MANUAL_OPERATOR_REVIEW"",""directSeverity"":""MEDIUM"",""directConfidence"":75,""directReasonCodes"":[""AMBIGUOUS_ERROR_CONDITION""]}"
20260924_215150_n6lu,E14-recovery-advisor-classification,ambiguous,2,409,,e9f5e102-3c43-4d19-8b2b-006641d45352,ROLLED_BACK,PROVIDER_RESERVE,false,398.061,330,"[{""itemType"":""hotel"",""operation"":""RESERVE"",""outcome"":""SUCCEEDED"",""latencyMs"":7},{""itemType"":""flight"",""operation"":""RESERVE"",""outcome"":""SUCCEEDED"",""latencyMs"":9},{""itemType"":""transport"",""operation"":""RESERVE"",""outcome"":""FAILED"",""latencyMs"":8},{""itemType"":""flight"",""operation"":""CANCEL"",""outcome"":""SUCCEEDED"",""latencyMs"":18},{""itemType"":""hotel"",""operation"":""CANCEL"",""outcome"":""SUCCEEDED"",""latencyMs"":31}]",2,0,true,false,VOIDED,0,3,0,LOW,30,PROCEED,,"{""expected"":""MANUAL_OPERATOR_REVIEW"",""rule"":""ambiguous error (conservative fallback)"",""directRecommendation"":""MANUAL_OPERATOR_REVIEW"",""directSeverity"":""MEDIUM"",""directConfidence"":75,""directReasonCodes"":[""AMBIGUOUS_ERROR_CONDITION""]}"
20260924_215150_n6lu,E14-recovery-advisor-classification,compensation-failure,0,409,,1dd4b775-1707-4d65-b737-a8d96405df35,ROLLBACK_FAILED,PROVIDER_RESERVE,false,400.071,306,"[{""itemType"":""hotel"",""operation"":""RESERVE"",""outcome"":""SUCCEEDED"",""latencyMs"":13},{""itemType"":""flight"",""operation"":""RESERVE"",""outcome"":""SUCCEEDED"",""latencyMs"":21},{""itemType"":""transport"",""operation"":""RESERVE"",""outcome"":""FAILED"",""latencyMs"":10},{""itemType"":""flight"",""operation"":""CANCEL"",""outcome"":""FAILED"",""latencyMs"":10},{""itemType"":""hotel"",""operation"":""CANCEL"",""outcome"":""SUCCEEDED"",""latencyMs"":13}]",1,1,true,false,VOIDED,1,2,1,LOW,30,PROCEED,MANUAL_OPERATOR_REVIEW,"{""expected"":""MANUAL_OPERATOR_REVIEW"",""rule"":""compensation failed + unresolved lock"",""directRecommendation"":""MANUAL_OPERATOR_REVIEW"",""directSeverity"":""HIGH"",""directConfidence"":98,""directReasonCodes"":[""COMPENSATION_FAILED"",""UNRESOLVED_RESOURCE_LOCK""]}"
20260924_215150_n6lu,E14-recovery-advisor-classification,compensation-failure,1,409,,cc0f08c4-2531-45c7-8b4f-7ce2bef74472,ROLLBACK_FAILED,PROVIDER_RESERVE,false,270.786,220,"[{""itemType"":""hotel"",""operation"":""RESERVE"",""outcome"":""SUCCEEDED"",""latencyMs"":8},{""itemType"":""flight"",""operation"":""RESERVE"",""outcome"":""SUCCEEDED"",""latencyMs"":7},{""itemType"":""transport"",""operation"":""RESERVE"",""outcome"":""FAILED"",""latencyMs"":5},{""itemType"":""flight"",""operation"":""CANCEL"",""outcome"":""FAILED"",""latencyMs"":11},{""itemType"":""hotel"",""operation"":""CANCEL"",""outcome"":""SUCCEEDED"",""latencyMs"":9}]",1,1,true,false,VOIDED,1,2,1,LOW,30,PROCEED,MANUAL_OPERATOR_REVIEW,"{""expected"":""MANUAL_OPERATOR_REVIEW"",""rule"":""compensation failed + unresolved lock"",""directRecommendation"":""MANUAL_OPERATOR_REVIEW"",""directSeverity"":""HIGH"",""directConfidence"":98,""directReasonCodes"":[""COMPENSATION_FAILED"",""UNRESOLVED_RESOURCE_LOCK""]}"
20260924_215150_n6lu,E14-recovery-advisor-classification,compensation-failure,2,409,,6bef837c-714e-4ea2-b7d8-9670d6ef30be,ROLLBACK_FAILED,PROVIDER_RESERVE,false,313.191,215,"[{""itemType"":""hotel"",""operation"":""RESERVE"",""outcome"":""SUCCEEDED"",""latencyMs"":5},{""itemType"":""flight"",""operation"":""RESERVE"",""outcome"":""SUCCEEDED"",""latencyMs"":8},{""itemType"":""transport"",""operation"":""RESERVE"",""outcome"":""FAILED"",""latencyMs"":13},{""itemType"":""flight"",""operation"":""CANCEL"",""outcome"":""FAILED"",""latencyMs"":11},{""itemType"":""hotel"",""operation"":""CANCEL"",""outcome"":""SUCCEEDED"",""latencyMs"":13}]",1,1,true,false,VOIDED,1,2,1,LOW,30,PROCEED,MANUAL_OPERATOR_REVIEW,"{""expected"":""MANUAL_OPERATOR_REVIEW"",""rule"":""compensation failed + unresolved lock"",""directRecommendation"":""MANUAL_OPERATOR_REVIEW"",""directSeverity"":""HIGH"",""directConfidence"":98,""directReasonCodes"":[""COMPENSATION_FAILED"",""UNRESOLVED_RESOURCE_LOCK""]}"
20260924_215150_n6lu,E14-recovery-advisor-classification,refund-failure,0,409,,623b7e07-1d6f-4b18-83dd-3d58f30358c0,ROLLBACK_FAILED,PROVIDER_RESERVE,false,393.433,265,"[{""itemType"":""hotel"",""operation"":""RESERVE"",""outcome"":""SUCCEEDED"",""latencyMs"":9},{""itemType"":""flight"",""operation"":""RESERVE"",""outcome"":""SUCCEEDED"",""latencyMs"":9},{""itemType"":""transport"",""operation"":""RESERVE"",""outcome"":""FAILED"",""latencyMs"":11},{""itemType"":""flight"",""operation"":""CANCEL"",""outcome"":""SUCCEEDED"",""latencyMs"":12},{""itemType"":""hotel"",""operation"":""CANCEL"",""outcome"":""SUCCEEDED"",""latencyMs"":11}]",2,0,true,false,FAILED,0,3,0,LOW,30,PROCEED,MANUAL_OPERATOR_REVIEW,"{""expected"":""MANUAL_OPERATOR_REVIEW"",""rule"":""payment refund failed"",""directRecommendation"":""MANUAL_OPERATOR_REVIEW"",""directSeverity"":""HIGH"",""directConfidence"":94,""directReasonCodes"":[""PAYMENT_REFUND_DISCREPANCY""]}"
20260924_215150_n6lu,E14-recovery-advisor-classification,refund-failure,1,409,,8f391557-f642-492f-9d94-fe053f89fae8,ROLLBACK_FAILED,PROVIDER_RESERVE,false,74.703,56,"[{""itemType"":""hotel"",""operation"":""RESERVE"",""outcome"":""SUCCEEDED"",""latencyMs"":2},{""itemType"":""flight"",""operation"":""RESERVE"",""outcome"":""SUCCEEDED"",""latencyMs"":1},{""itemType"":""transport"",""operation"":""RESERVE"",""outcome"":""FAILED"",""latencyMs"":2},{""itemType"":""flight"",""operation"":""CANCEL"",""outcome"":""SUCCEEDED"",""latencyMs"":2},{""itemType"":""hotel"",""operation"":""CANCEL"",""outcome"":""SUCCEEDED"",""latencyMs"":2}]",2,0,true,false,FAILED,0,3,0,LOW,30,PROCEED,MANUAL_OPERATOR_REVIEW,"{""expected"":""MANUAL_OPERATOR_REVIEW"",""rule"":""payment refund failed"",""directRecommendation"":""MANUAL_OPERATOR_REVIEW"",""directSeverity"":""HIGH"",""directConfidence"":94,""directReasonCodes"":[""PAYMENT_REFUND_DISCREPANCY""]}"
20260924_215150_n6lu,E14-recovery-advisor-classification,refund-failure,2,409,,1344068d-d10d-4591-b5a4-320af4fb3559,ROLLBACK_FAILED,PROVIDER_RESERVE,false,67.132,54,"[{""itemType"":""hotel"",""operation"":""RESERVE"",""outcome"":""SUCCEEDED"",""latencyMs"":2},{""itemType"":""flight"",""operation"":""RESERVE"",""outcome"":""SUCCEEDED"",""latencyMs"":4},{""itemType"":""transport"",""operation"":""RESERVE"",""outcome"":""FAILED"",""latencyMs"":2},{""itemType"":""flight"",""operation"":""CANCEL"",""outcome"":""SUCCEEDED"",""latencyMs"":2},{""itemType"":""hotel"",""operation"":""CANCEL"",""outcome"":""SUCCEEDED"",""latencyMs"":2}]",2,0,true,false,FAILED,0,3,0,LOW,30,PROCEED,MANUAL_OPERATOR_REVIEW,"{""expected"":""MANUAL_OPERATOR_REVIEW"",""rule"":""payment refund failed"",""directRecommendation"":""MANUAL_OPERATOR_REVIEW"",""directSeverity"":""HIGH"",""directConfidence"":94,""directReasonCodes"":[""PAYMENT_REFUND_DISCREPANCY""]}"
20260924_215150_n6lu,E15-seeded-mixed-workload,mixed,0,409,,47cb862e-699a-4f80-bbf5-3c54e6b40331,ROLLED_BACK,PROVIDER_RESERVE,false,75.83,66,"[{""itemType"":""hotel"",""operation"":""RESERVE"",""outcome"":""SUCCEEDED"",""latencyMs"":1},{""itemType"":""flight"",""operation"":""RESERVE"",""outcome"":""SUCCEEDED"",""latencyMs"":1},{""itemType"":""transport"",""operation"":""RESERVE"",""outcome"":""FAILED"",""latencyMs"":2},{""itemType"":""flight"",""operation"":""CANCEL"",""outcome"":""SUCCEEDED"",""latencyMs"":2},{""itemType"":""hotel"",""operation"":""CANCEL"",""outcome"":""SUCCEEDED"",""latencyMs"":2}]",2,0,true,false,VOIDED,0,3,0,LOW,30,PROCEED,,"{""k"":3,""point"":{""kind"":""reserve"",""index"":3},""cell"":""k3-reserve@3"",""expected"":{""state"":""ROLLED_BACK"",""compensationsSucceeded"":2,""compensationsFailed"":0,""captured"":false,""reversal"":""VOIDED"",""confirmedLocks"":0}}"
20260924_215150_n6lu,E15-seeded-mixed-workload,mixed,1,409,,522b4280-84f2-4291-9e59-469671de6e98,ROLLED_BACK,PROVIDER_CONFIRM,false,155.613,71,"[{""itemType"":""hotel"",""operation"":""RESERVE"",""outcome"":""SUCCEEDED"",""latencyMs"":2},{""itemType"":""flight"",""operation"":""RESERVE"",""outcome"":""SUCCEEDED"",""latencyMs"":1},{""itemType"":""transport"",""operation"":""RESERVE"",""outcome"":""SUCCEEDED"",""latencyMs"":1},{""itemType"":""activity"",""operation"":""RESERVE"",""outcome"":""SUCCEEDED"",""latencyMs"":2},{""itemType"":""hotel"",""operation"":""CONFIRM"",""outcome"":""SUCCEEDED"",""latencyMs"":1},{""itemType"":""flight"",""operation"":""CONFIRM"",""outcome"":""FAILED"",""latencyMs"":2},{""itemType"":""activity"",""operation"":""CANCEL"",""outcome"":""SUCCEEDED"",""latencyMs"":1},{""itemType"":""transport"",""operation"":""CANCEL"",""outcome"":""SUCCEEDED"",""latencyMs"":2},{""itemType"":""flight"",""operation"":""CANCEL"",""outcome"":""SUCCEEDED"",""latencyMs"":1},{""itemType"":""hotel"",""operation"":""CANCEL"",""outcome"":""SUCCEEDED"",""latencyMs"":1}]",4,0,true,true,REFUNDED,0,4,0,MEDIUM,40,PROCEED,,"{""k"":4,""point"":{""kind"":""confirm"",""index"":2},""cell"":""k4-confirm@2"",""expected"":{""state"":""ROLLED_BACK"",""compensationsSucceeded"":4,""compensationsFailed"":0,""captured"":true,""reversal"":""REFUNDED"",""confirmedLocks"":0}}"
20260924_215150_n6lu,E15-seeded-mixed-workload,mixed,2,409,,22553334-e2b8-4928-8371-68d57a79f648,ROLLED_BACK,PROVIDER_RESERVE,false,182.974,17,"[{""itemType"":""hotel"",""operation"":""RESERVE"",""outcome"":""FAILED"",""latencyMs"":2}]",0,0,true,false,VOIDED,0,1,0,LOW,10,PROCEED,,"{""k"":1,""point"":{""kind"":""reserve"",""index"":1},""cell"":""k1-reserve@1"",""expected"":{""state"":""ROLLED_BACK"",""compensationsSucceeded"":0,""compensationsFailed"":0,""captured"":false,""reversal"":""VOIDED"",""confirmedLocks"":0}}"
20260924_215150_n6lu,E15-seeded-mixed-workload,mixed,3,409,,7370af52-dc7f-4b6a-b6d0-20875ec7ee98,ROLLED_BACK,PROVIDER_CONFIRM,false,253.667,59,"[{""itemType"":""hotel"",""operation"":""RESERVE"",""outcome"":""SUCCEEDED"",""latencyMs"":2},{""itemType"":""flight"",""operation"":""RESERVE"",""outcome"":""SUCCEEDED"",""latencyMs"":1},{""itemType"":""hotel"",""operation"":""CONFIRM"",""outcome"":""FAILED"",""latencyMs"":2},{""itemType"":""flight"",""operation"":""CANCEL"",""outcome"":""SUCCEEDED"",""latencyMs"":3},{""itemType"":""hotel"",""operation"":""CANCEL"",""outcome"":""SUCCEEDED"",""latencyMs"":5}]",2,0,true,true,REFUNDED,0,2,0,LOW,20,PROCEED,,"{""k"":2,""point"":{""kind"":""confirm"",""index"":1},""cell"":""k2-confirm@1"",""expected"":{""state"":""ROLLED_BACK"",""compensationsSucceeded"":2,""compensationsFailed"":0,""captured"":true,""reversal"":""REFUNDED"",""confirmedLocks"":0}}"
20260924_215150_n6lu,E15-seeded-mixed-workload,mixed,4,409,,53158a25-5b94-4fbe-afbe-141b42ab1235,ROLLED_BACK,PROVIDER_RESERVE,false,349.985,86,"[{""itemType"":""hotel"",""operation"":""RESERVE"",""outcome"":""SUCCEEDED"",""latencyMs"":4},{""itemType"":""flight"",""operation"":""RESERVE"",""outcome"":""SUCCEEDED"",""latencyMs"":2},{""itemType"":""transport"",""operation"":""RESERVE"",""outcome"":""SUCCEEDED"",""latencyMs"":1},{""itemType"":""activity"",""operation"":""RESERVE"",""outcome"":""FAILED"",""latencyMs"":2},{""itemType"":""transport"",""operation"":""CANCEL"",""outcome"":""SUCCEEDED"",""latencyMs"":2},{""itemType"":""flight"",""operation"":""CANCEL"",""outcome"":""SUCCEEDED"",""latencyMs"":1},{""itemType"":""hotel"",""operation"":""CANCEL"",""outcome"":""SUCCEEDED"",""latencyMs"":2}]",3,0,true,false,VOIDED,0,4,0,MEDIUM,40,PROCEED,,"{""k"":4,""point"":{""kind"":""reserve"",""index"":4},""cell"":""k4-reserve@4"",""expected"":{""state"":""ROLLED_BACK"",""compensationsSucceeded"":3,""compensationsFailed"":0,""captured"":false,""reversal"":""VOIDED"",""confirmedLocks"":0}}"
20260924_215150_n6lu,E15-seeded-mixed-workload,mixed,5,409,,e55dc064-d923-4517-a325-c1abbdaf9db1,ROLLED_BACK,PROVIDER_CONFIRM,false,405.073,40,"[{""itemType"":""hotel"",""operation"":""RESERVE"",""outcome"":""SUCCEEDED"",""latencyMs"":2},{""itemType"":""hotel"",""operation"":""CONFIRM"",""outcome"":""FAILED"",""latencyMs"":6},{""itemType"":""hotel"",""operation"":""CANCEL"",""outcome"":""SUCCEEDED"",""latencyMs"":2}]",1,0,true,true,REFUNDED,0,1,0,LOW,10,PROCEED,,"{""k"":1,""point"":{""kind"":""confirm"",""index"":1},""cell"":""k1-confirm@1"",""expected"":{""state"":""ROLLED_BACK"",""compensationsSucceeded"":1,""compensationsFailed"":0,""captured"":true,""reversal"":""REFUNDED"",""confirmedLocks"":0}}"
20260924_215150_n6lu,E15-seeded-mixed-workload,mixed,6,409,,6b378d23-dacb-4095-bf70-9747bbf297dc,ROLLED_BACK,PROVIDER_RESERVE,false,495.142,66,"[{""itemType"":""hotel"",""operation"":""RESERVE"",""outcome"":""SUCCEEDED"",""latencyMs"":2},{""itemType"":""flight"",""operation"":""RESERVE"",""outcome"":""FAILED"",""latencyMs"":3},{""itemType"":""hotel"",""operation"":""CANCEL"",""outcome"":""SUCCEEDED"",""latencyMs"":5}]",1,0,true,false,VOIDED,0,3,0,LOW,30,PROCEED,,"{""k"":3,""point"":{""kind"":""reserve"",""index"":2},""cell"":""k3-reserve@2"",""expected"":{""state"":""ROLLED_BACK"",""compensationsSucceeded"":1,""compensationsFailed"":0,""captured"":false,""reversal"":""VOIDED"",""confirmedLocks"":0}}"
20260924_215150_n6lu,E15-seeded-mixed-workload,mixed,7,409,,5b47eac5-549d-427b-9d72-e76f587bac4d,ROLLED_BACK,PROVIDER_RESERVE,false,527.85,20,"[{""itemType"":""hotel"",""operation"":""RESERVE"",""outcome"":""FAILED"",""latencyMs"":3}]",0,0,true,false,VOIDED,0,1,0,LOW,10,PROCEED,,"{""k"":1,""point"":{""kind"":""reserve"",""index"":1},""cell"":""k1-reserve@1"",""expected"":{""state"":""ROLLED_BACK"",""compensationsSucceeded"":0,""compensationsFailed"":0,""captured"":false,""reversal"":""VOIDED"",""confirmedLocks"":0}}"
20260924_215150_n6lu,E15-seeded-mixed-workload,mixed,8,409,,6f280f0c-7860-4705-b304-8f04ea24c2ee,ROLLED_BACK,PROVIDER_CONFIRM,false,596.718,133,"[{""itemType"":""hotel"",""operation"":""RESERVE"",""outcome"":""SUCCEEDED"",""latencyMs"":10},{""itemType"":""flight"",""operation"":""RESERVE"",""outcome"":""SUCCEEDED"",""latencyMs"":3},{""itemType"":""transport"",""operation"":""RESERVE"",""outcome"":""SUCCEEDED"",""latencyMs"":5},{""itemType"":""hotel"",""operation"":""CONFIRM"",""outcome"":""FAILED"",""latencyMs"":4},{""itemType"":""transport"",""operation"":""CANCEL"",""outcome"":""SUCCEEDED"",""latencyMs"":4},{""itemType"":""flight"",""operation"":""CANCEL"",""outcome"":""SUCCEEDED"",""latencyMs"":5},{""itemType"":""hotel"",""operation"":""CANCEL"",""outcome"":""SUCCEEDED"",""latencyMs"":3}]",3,0,true,true,REFUNDED,0,3,0,LOW,30,PROCEED,,"{""k"":3,""point"":{""kind"":""confirm"",""index"":1},""cell"":""k3-confirm@1"",""expected"":{""state"":""ROLLED_BACK"",""compensationsSucceeded"":3,""compensationsFailed"":0,""captured"":true,""reversal"":""REFUNDED"",""confirmedLocks"":0}}"
20260924_215150_n6lu,E15-seeded-mixed-workload,mixed,9,409,,4ef47c52-19f9-419f-a2dd-a4c85e8a0876,ROLLED_BACK,PROVIDER_RESERVE,false,581.568,43,"[{""itemType"":""hotel"",""operation"":""RESERVE"",""outcome"":""FAILED"",""latencyMs"":3}]",0,0,true,false,VOIDED,0,1,0,LOW,10,PROCEED,,"{""k"":1,""point"":{""kind"":""reserve"",""index"":1},""cell"":""k1-reserve@1"",""expected"":{""state"":""ROLLED_BACK"",""compensationsSucceeded"":0,""compensationsFailed"":0,""captured"":false,""reversal"":""VOIDED"",""confirmedLocks"":0}}"
20260924_215150_n6lu,E15-seeded-mixed-workload,mixed,10,201,,a26dfa50-23a8-4373-b31c-4e34e3f3f3ad,COMPLETED,,false,646.369,79,"[{""itemType"":""hotel"",""operation"":""RESERVE"",""outcome"":""SUCCEEDED"",""latencyMs"":2},{""itemType"":""flight"",""operation"":""RESERVE"",""outcome"":""SUCCEEDED"",""latencyMs"":2},{""itemType"":""transport"",""operation"":""RESERVE"",""outcome"":""SUCCEEDED"",""latencyMs"":2},{""itemType"":""activity"",""operation"":""RESERVE"",""outcome"":""SUCCEEDED"",""latencyMs"":1},{""itemType"":""hotel"",""operation"":""CONFIRM"",""outcome"":""SUCCEEDED"",""latencyMs"":2},{""itemType"":""flight"",""operation"":""CONFIRM"",""outcome"":""SUCCEEDED"",""latencyMs"":1},{""itemType"":""transport"",""operation"":""CONFIRM"",""outcome"":""SUCCEEDED"",""latencyMs"":1},{""itemType"":""activity"",""operation"":""CONFIRM"",""outcome"":""SUCCEEDED"",""latencyMs"":1}]",0,0,true,true,,4,0,0,MEDIUM,40,PROCEED,,"{""k"":4,""point"":{""kind"":""none""},""cell"":""k4-none"",""expected"":{""state"":""COMPLETED"",""compensationsSucceeded"":0,""compensationsFailed"":0,""captured"":true,""reversal"":null,""confirmedLocks"":4}}"
20260924_215150_n6lu,E15-seeded-mixed-workload,mixed,11,201,,86d884e3-e904-4357-9437-48c38e586b5d,COMPLETED,,false,642.301,51,"[{""itemType"":""hotel"",""operation"":""RESERVE"",""outcome"":""SUCCEEDED"",""latencyMs"":1},{""itemType"":""flight"",""operation"":""RESERVE"",""outcome"":""SUCCEEDED"",""latencyMs"":2},{""itemType"":""transport"",""operation"":""RESERVE"",""outcome"":""SUCCEEDED"",""latencyMs"":1},{""itemType"":""hotel"",""operation"":""CONFIRM"",""outcome"":""SUCCEEDED"",""latencyMs"":2},{""itemType"":""flight"",""operation"":""CONFIRM"",""outcome"":""SUCCEEDED"",""latencyMs"":1},{""itemType"":""transport"",""operation"":""CONFIRM"",""outcome"":""SUCCEEDED"",""latencyMs"":2}]",0,0,true,true,,3,0,0,LOW,30,PROCEED,,"{""k"":3,""point"":{""kind"":""none""},""cell"":""k3-none"",""expected"":{""state"":""COMPLETED"",""compensationsSucceeded"":0,""compensationsFailed"":0,""captured"":true,""reversal"":null,""confirmedLocks"":3}}"
20260924_215150_n6lu,E15-seeded-mixed-workload,mixed,12,201,,f3dfd144-a1ee-4592-93c3-b1bc2c77752b,COMPLETED,,false,582.388,32,"[{""itemType"":""hotel"",""operation"":""RESERVE"",""outcome"":""SUCCEEDED"",""latencyMs"":2},{""itemType"":""flight"",""operation"":""RESERVE"",""outcome"":""SUCCEEDED"",""latencyMs"":2},{""itemType"":""hotel"",""operation"":""CONFIRM"",""outcome"":""SUCCEEDED"",""latencyMs"":2},{""itemType"":""flight"",""operation"":""CONFIRM"",""outcome"":""SUCCEEDED"",""latencyMs"":1}]",0,0,true,true,,2,0,0,LOW,20,PROCEED,,"{""k"":2,""point"":{""kind"":""none""},""cell"":""k2-none"",""expected"":{""state"":""COMPLETED"",""compensationsSucceeded"":0,""compensationsFailed"":0,""captured"":true,""reversal"":null,""confirmedLocks"":2}}"
20260924_215150_n6lu,E15-seeded-mixed-workload,mixed,13,409,,b490a596-2b66-4f69-b3c6-6d680712159e,ROLLED_BACK,PROVIDER_CONFIRM,false,576.985,33,"[{""itemType"":""hotel"",""operation"":""RESERVE"",""outcome"":""SUCCEEDED"",""latencyMs"":2},{""itemType"":""hotel"",""operation"":""CONFIRM"",""outcome"":""FAILED"",""latencyMs"":3},{""itemType"":""hotel"",""operation"":""CANCEL"",""outcome"":""SUCCEEDED"",""latencyMs"":4}]",1,0,true,true,REFUNDED,0,1,0,LOW,10,PROCEED,,"{""k"":1,""point"":{""kind"":""confirm"",""index"":1},""cell"":""k1-confirm@1"",""expected"":{""state"":""ROLLED_BACK"",""compensationsSucceeded"":1,""compensationsFailed"":0,""captured"":true,""reversal"":""REFUNDED"",""confirmedLocks"":0}}"
20260924_215150_n6lu,E15-seeded-mixed-workload,mixed,14,201,,940f921c-bba0-4c99-a887-4695dacc0452,COMPLETED,,false,554.571,53,"[{""itemType"":""hotel"",""operation"":""RESERVE"",""outcome"":""SUCCEEDED"",""latencyMs"":2},{""itemType"":""flight"",""operation"":""RESERVE"",""outcome"":""SUCCEEDED"",""latencyMs"":2},{""itemType"":""transport"",""operation"":""RESERVE"",""outcome"":""SUCCEEDED"",""latencyMs"":1},{""itemType"":""hotel"",""operation"":""CONFIRM"",""outcome"":""SUCCEEDED"",""latencyMs"":2},{""itemType"":""flight"",""operation"":""CONFIRM"",""outcome"":""SUCCEEDED"",""latencyMs"":2},{""itemType"":""transport"",""operation"":""CONFIRM"",""outcome"":""SUCCEEDED"",""latencyMs"":3}]",0,0,true,true,,3,0,0,LOW,30,PROCEED,,"{""k"":3,""point"":{""kind"":""none""},""cell"":""k3-none"",""expected"":{""state"":""COMPLETED"",""compensationsSucceeded"":0,""compensationsFailed"":0,""captured"":true,""reversal"":null,""confirmedLocks"":3}}"
20260924_215150_n6lu,E15-seeded-mixed-workload,mixed,15,409,,51799234-e085-4508-bb8c-a298110c36ab,ROLLED_BACK,PROVIDER_CONFIRM,false,587.645,49,"[{""itemType"":""hotel"",""operation"":""RESERVE"",""outcome"":""SUCCEEDED"",""latencyMs"":3},{""itemType"":""hotel"",""operation"":""CONFIRM"",""outcome"":""FAILED"",""latencyMs"":2},{""itemType"":""hotel"",""operation"":""CANCEL"",""outcome"":""SUCCEEDED"",""latencyMs"":3}]",1,0,true,true,REFUNDED,0,1,0,LOW,10,PROCEED,,"{""k"":1,""point"":{""kind"":""confirm"",""index"":1},""cell"":""k1-confirm@1"",""expected"":{""state"":""ROLLED_BACK"",""compensationsSucceeded"":1,""compensationsFailed"":0,""captured"":true,""reversal"":""REFUNDED"",""confirmedLocks"":0}}"
20260924_215150_n6lu,E15-seeded-mixed-workload,mixed,16,409,,63e6c018-b239-42ed-a02b-5439b4c33d3b,ROLLED_BACK,PROVIDER_CONFIRM,false,497.868,51,"[{""itemType"":""hotel"",""operation"":""RESERVE"",""outcome"":""SUCCEEDED"",""latencyMs"":1},{""itemType"":""flight"",""operation"":""RESERVE"",""outcome"":""SUCCEEDED"",""latencyMs"":2},{""itemType"":""hotel"",""operation"":""CONFIRM"",""outcome"":""SUCCEEDED"",""latencyMs"":2},{""itemType"":""flight"",""operation"":""CONFIRM"",""outcome"":""FAILED"",""latencyMs"":2},{""itemType"":""flight"",""operation"":""CANCEL"",""outcome"":""SUCCEEDED"",""latencyMs"":2},{""itemType"":""hotel"",""operation"":""CANCEL"",""outcome"":""SUCCEEDED"",""latencyMs"":2}]",2,0,true,true,REFUNDED,0,2,0,LOW,20,PROCEED,,"{""k"":2,""point"":{""kind"":""confirm"",""index"":2},""cell"":""k2-confirm@2"",""expected"":{""state"":""ROLLED_BACK"",""compensationsSucceeded"":2,""compensationsFailed"":0,""captured"":true,""reversal"":""REFUNDED"",""confirmedLocks"":0}}"
20260924_215150_n6lu,E15-seeded-mixed-workload,mixed,17,409,,15813b64-dcc6-4015-9626-057574876dfc,ROLLED_BACK,PROVIDER_RESERVE,false,480.946,34,"[{""itemType"":""hotel"",""operation"":""RESERVE"",""outcome"":""SUCCEEDED"",""latencyMs"":2},{""itemType"":""flight"",""operation"":""RESERVE"",""outcome"":""FAILED"",""latencyMs"":2},{""itemType"":""hotel"",""operation"":""CANCEL"",""outcome"":""SUCCEEDED"",""latencyMs"":2}]",1,0,true,false,VOIDED,0,2,0,LOW,20,PROCEED,,"{""k"":2,""point"":{""kind"":""reserve"",""index"":2},""cell"":""k2-reserve@2"",""expected"":{""state"":""ROLLED_BACK"",""compensationsSucceeded"":1,""compensationsFailed"":0,""captured"":false,""reversal"":""VOIDED"",""confirmedLocks"":0}}"
20260924_215150_n6lu,E15-seeded-mixed-workload,mixed,18,201,,367de945-58aa-4bd0-a3a6-eb50263725fc,COMPLETED,,false,417.587,22,"[{""itemType"":""hotel"",""operation"":""RESERVE"",""outcome"":""SUCCEEDED"",""latencyMs"":1},{""itemType"":""hotel"",""operation"":""CONFIRM"",""outcome"":""SUCCEEDED"",""latencyMs"":1}]",0,0,true,true,,1,0,0,LOW,10,PROCEED,,"{""k"":1,""point"":{""kind"":""none""},""cell"":""k1-none"",""expected"":{""state"":""COMPLETED"",""compensationsSucceeded"":0,""compensationsFailed"":0,""captured"":true,""reversal"":null,""confirmedLocks"":1}}"
20260924_215150_n6lu,E15-seeded-mixed-workload,mixed,19,409,,169155bf-c060-4237-8fd9-28b96ef6925c,ROLLED_BACK,PROVIDER_CONFIRM,false,432.035,66,"[{""itemType"":""hotel"",""operation"":""RESERVE"",""outcome"":""SUCCEEDED"",""latencyMs"":2},{""itemType"":""flight"",""operation"":""RESERVE"",""outcome"":""SUCCEEDED"",""latencyMs"":2},{""itemType"":""transport"",""operation"":""RESERVE"",""outcome"":""SUCCEEDED"",""latencyMs"":2},{""itemType"":""hotel"",""operation"":""CONFIRM"",""outcome"":""FAILED"",""latencyMs"":5},{""itemType"":""transport"",""operation"":""CANCEL"",""outcome"":""SUCCEEDED"",""latencyMs"":2},{""itemType"":""flight"",""operation"":""CANCEL"",""outcome"":""SUCCEEDED"",""latencyMs"":2},{""itemType"":""hotel"",""operation"":""CANCEL"",""outcome"":""SUCCEEDED"",""latencyMs"":2}]",3,0,true,true,REFUNDED,0,3,0,LOW,30,PROCEED,,"{""k"":3,""point"":{""kind"":""confirm"",""index"":1},""cell"":""k3-confirm@1"",""expected"":{""state"":""ROLLED_BACK"",""compensationsSucceeded"":3,""compensationsFailed"":0,""captured"":true,""reversal"":""REFUNDED"",""confirmedLocks"":0}}"
20260924_215150_n6lu,E15-seeded-mixed-workload,mixed,20,409,,2d5b5a0d-6371-4d51-9a40-fd4708b1ae9e,ROLLED_BACK,PROVIDER_RESERVE,false,415.524,16,"[{""itemType"":""hotel"",""operation"":""RESERVE"",""outcome"":""FAILED"",""latencyMs"":2}]",0,0,true,false,VOIDED,0,1,0,LOW,10,PROCEED,,"{""k"":1,""point"":{""kind"":""reserve"",""index"":1},""cell"":""k1-reserve@1"",""expected"":{""state"":""ROLLED_BACK"",""compensationsSucceeded"":0,""compensationsFailed"":0,""captured"":false,""reversal"":""VOIDED"",""confirmedLocks"":0}}"
20260924_215150_n6lu,E15-seeded-mixed-workload,mixed,21,201,,a6d38bda-c124-4074-9357-9bd6e0ceb649,COMPLETED,,false,398.188,20,"[{""itemType"":""hotel"",""operation"":""RESERVE"",""outcome"":""SUCCEEDED"",""latencyMs"":2},{""itemType"":""hotel"",""operation"":""CONFIRM"",""outcome"":""SUCCEEDED"",""latencyMs"":2}]",0,0,true,true,,1,0,0,LOW,10,PROCEED,,"{""k"":1,""point"":{""kind"":""none""},""cell"":""k1-none"",""expected"":{""state"":""COMPLETED"",""compensationsSucceeded"":0,""compensationsFailed"":0,""captured"":true,""reversal"":null,""confirmedLocks"":1}}"
20260924_215150_n6lu,E15-seeded-mixed-workload,mixed,22,409,,acca9719-1bb7-46a1-a6f5-36a1a13330c0,ROLLED_BACK,PROVIDER_CONFIRM,false,433.37,87,"[{""itemType"":""hotel"",""operation"":""RESERVE"",""outcome"":""SUCCEEDED"",""latencyMs"":1},{""itemType"":""flight"",""operation"":""RESERVE"",""outcome"":""SUCCEEDED"",""latencyMs"":2},{""itemType"":""transport"",""operation"":""RESERVE"",""outcome"":""SUCCEEDED"",""latencyMs"":2},{""itemType"":""hotel"",""operation"":""CONFIRM"",""outcome"":""SUCCEEDED"",""latencyMs"":3},{""itemType"":""flight"",""operation"":""CONFIRM"",""outcome"":""SUCCEEDED"",""latencyMs"":1},{""itemType"":""transport"",""operation"":""CONFIRM"",""outcome"":""FAILED"",""latencyMs"":2},{""itemType"":""transport"",""operation"":""CANCEL"",""outcome"":""SUCCEEDED"",""latencyMs"":2},{""itemType"":""flight"",""operation"":""CANCEL"",""outcome"":""SUCCEEDED"",""latencyMs"":2},{""itemType"":""hotel"",""operation"":""CANCEL"",""outcome"":""SUCCEEDED"",""latencyMs"":6}]",3,0,true,true,REFUNDED,0,3,0,LOW,30,PROCEED,,"{""k"":3,""point"":{""kind"":""confirm"",""index"":3},""cell"":""k3-confirm@3"",""expected"":{""state"":""ROLLED_BACK"",""compensationsSucceeded"":3,""compensationsFailed"":0,""captured"":true,""reversal"":""REFUNDED"",""confirmedLocks"":0}}"
20260924_215150_n6lu,E15-seeded-mixed-workload,mixed,23,409,,3975a74c-d1cc-4577-be8d-2b5aebcb1600,ROLLED_BACK,PROVIDER_RESERVE,false,412.478,33,"[{""itemType"":""hotel"",""operation"":""RESERVE"",""outcome"":""FAILED"",""latencyMs"":2}]",0,0,true,false,VOIDED,0,3,0,LOW,30,PROCEED,,"{""k"":3,""point"":{""kind"":""reserve"",""index"":1},""cell"":""k3-reserve@1"",""expected"":{""state"":""ROLLED_BACK"",""compensationsSucceeded"":0,""compensationsFailed"":0,""captured"":false,""reversal"":""VOIDED"",""confirmedLocks"":0}}"
20260924_215150_n6lu,E15-seeded-mixed-workload,mixed,24,409,,20ac5dd1-a75c-410a-b214-2ae609aeb36d,ROLLED_BACK,PROVIDER_RESERVE,false,391.27,28,"[{""itemType"":""hotel"",""operation"":""RESERVE"",""outcome"":""FAILED"",""latencyMs"":4}]",0,0,true,false,VOIDED,0,2,0,LOW,20,PROCEED,,"{""k"":2,""point"":{""kind"":""reserve"",""index"":1},""cell"":""k2-reserve@1"",""expected"":{""state"":""ROLLED_BACK"",""compensationsSucceeded"":0,""compensationsFailed"":0,""captured"":false,""reversal"":""VOIDED"",""confirmedLocks"":0}}"
20260924_215150_n6lu,E15-seeded-mixed-workload,mixed,25,409,,66796fee-e450-4c16-a07a-b159fee62509,ROLLED_BACK,PROVIDER_RESERVE,false,374.071,17,"[{""itemType"":""hotel"",""operation"":""RESERVE"",""outcome"":""FAILED"",""latencyMs"":2}]",0,0,true,false,VOIDED,0,1,0,LOW,10,PROCEED,,"{""k"":1,""point"":{""kind"":""reserve"",""index"":1},""cell"":""k1-reserve@1"",""expected"":{""state"":""ROLLED_BACK"",""compensationsSucceeded"":0,""compensationsFailed"":0,""captured"":false,""reversal"":""VOIDED"",""confirmedLocks"":0}}"
20260924_215150_n6lu,E15-seeded-mixed-workload,mixed,26,409,,e13bf9d7-0c44-4cc3-928c-f9f3d5c05f57,ROLLED_BACK,PROVIDER_CONFIRM,false,416.67,63,"[{""itemType"":""hotel"",""operation"":""RESERVE"",""outcome"":""SUCCEEDED"",""latencyMs"":1},{""itemType"":""flight"",""operation"":""RESERVE"",""outcome"":""SUCCEEDED"",""latencyMs"":1},{""itemType"":""transport"",""operation"":""RESERVE"",""outcome"":""SUCCEEDED"",""latencyMs"":1},{""itemType"":""hotel"",""operation"":""CONFIRM"",""outcome"":""SUCCEEDED"",""latencyMs"":1},{""itemType"":""flight"",""operation"":""CONFIRM"",""outcome"":""FAILED"",""latencyMs"":2},{""itemType"":""transport"",""operation"":""CANCEL"",""outcome"":""SUCCEEDED"",""latencyMs"":2},{""itemType"":""flight"",""operation"":""CANCEL"",""outcome"":""SUCCEEDED"",""latencyMs"":1},{""itemType"":""hotel"",""operation"":""CANCEL"",""outcome"":""SUCCEEDED"",""latencyMs"":1}]",3,0,true,true,REFUNDED,0,3,0,LOW,30,PROCEED,,"{""k"":3,""point"":{""kind"":""confirm"",""index"":2},""cell"":""k3-confirm@2"",""expected"":{""state"":""ROLLED_BACK"",""compensationsSucceeded"":3,""compensationsFailed"":0,""captured"":true,""reversal"":""REFUNDED"",""confirmedLocks"":0}}"
20260924_215150_n6lu,E15-seeded-mixed-workload,mixed,27,201,,b5a0cb2c-3e36-497c-b7b1-df89dbb25ae0,COMPLETED,,false,416.138,61,"[{""itemType"":""hotel"",""operation"":""RESERVE"",""outcome"":""SUCCEEDED"",""latencyMs"":2},{""itemType"":""flight"",""operation"":""RESERVE"",""outcome"":""SUCCEEDED"",""latencyMs"":2},{""itemType"":""transport"",""operation"":""RESERVE"",""outcome"":""SUCCEEDED"",""latencyMs"":2},{""itemType"":""activity"",""operation"":""RESERVE"",""outcome"":""SUCCEEDED"",""latencyMs"":1},{""itemType"":""hotel"",""operation"":""CONFIRM"",""outcome"":""SUCCEEDED"",""latencyMs"":2},{""itemType"":""flight"",""operation"":""CONFIRM"",""outcome"":""SUCCEEDED"",""latencyMs"":1},{""itemType"":""transport"",""operation"":""CONFIRM"",""outcome"":""SUCCEEDED"",""latencyMs"":3},{""itemType"":""activity"",""operation"":""CONFIRM"",""outcome"":""SUCCEEDED"",""latencyMs"":1}]",0,0,true,true,,4,0,0,MEDIUM,40,PROCEED,,"{""k"":4,""point"":{""kind"":""none""},""cell"":""k4-none"",""expected"":{""state"":""COMPLETED"",""compensationsSucceeded"":0,""compensationsFailed"":0,""captured"":true,""reversal"":null,""confirmedLocks"":4}}"
20260924_215150_n6lu,E15-seeded-mixed-workload,mixed,28,409,,2fd25335-aa5d-467e-849b-fec8bf519eee,ROLLED_BACK,PROVIDER_RESERVE,false,479.818,80,"[{""itemType"":""hotel"",""operation"":""RESERVE"",""outcome"":""SUCCEEDED"",""latencyMs"":1},{""itemType"":""flight"",""operation"":""RESERVE"",""outcome"":""SUCCEEDED"",""latencyMs"":2},{""itemType"":""transport"",""operation"":""RESERVE"",""outcome"":""SUCCEEDED"",""latencyMs"":4},{""itemType"":""activity"",""operation"":""RESERVE"",""outcome"":""FAILED"",""latencyMs"":3},{""itemType"":""transport"",""operation"":""CANCEL"",""outcome"":""SUCCEEDED"",""latencyMs"":2},{""itemType"":""flight"",""operation"":""CANCEL"",""outcome"":""SUCCEEDED"",""latencyMs"":2},{""itemType"":""hotel"",""operation"":""CANCEL"",""outcome"":""SUCCEEDED"",""latencyMs"":2}]",3,0,true,false,VOIDED,0,4,0,MEDIUM,40,PROCEED,,"{""k"":4,""point"":{""kind"":""reserve"",""index"":4},""cell"":""k4-reserve@4"",""expected"":{""state"":""ROLLED_BACK"",""compensationsSucceeded"":3,""compensationsFailed"":0,""captured"":false,""reversal"":""VOIDED"",""confirmedLocks"":0}}"
20260924_215150_n6lu,E15-seeded-mixed-workload,mixed,29,409,,d79d9c39-69bb-4bf3-8fad-a253423febc7,ROLLED_BACK,PROVIDER_RESERVE,false,501.666,34,"[{""itemType"":""hotel"",""operation"":""RESERVE"",""outcome"":""FAILED"",""latencyMs"":2}]",0,0,true,false,VOIDED,0,4,0,MEDIUM,40,PROCEED,,"{""k"":4,""point"":{""kind"":""reserve"",""index"":1},""cell"":""k4-reserve@1"",""expected"":{""state"":""ROLLED_BACK"",""compensationsSucceeded"":0,""compensationsFailed"":0,""captured"":false,""reversal"":""VOIDED"",""confirmedLocks"":0}}"
20260924_215150_n6lu,E15-seeded-mixed-workload,mixed,30,201,,61f2619d-c9c1-4242-869c-45ff7d7a462a,COMPLETED,,false,461.136,41,"[{""itemType"":""hotel"",""operation"":""RESERVE"",""outcome"":""SUCCEEDED"",""latencyMs"":3},{""itemType"":""hotel"",""operation"":""CONFIRM"",""outcome"":""SUCCEEDED"",""latencyMs"":7}]",0,0,true,true,,1,0,0,LOW,10,PROCEED,,"{""k"":1,""point"":{""kind"":""none""},""cell"":""k1-none"",""expected"":{""state"":""COMPLETED"",""compensationsSucceeded"":0,""compensationsFailed"":0,""captured"":true,""reversal"":null,""confirmedLocks"":1}}"
20260924_215150_n6lu,E15-seeded-mixed-workload,mixed,31,409,,0d6f1238-c26d-44e9-b01f-18dfe37f832f,ROLLED_BACK,PROVIDER_RESERVE,false,497.115,60,"[{""itemType"":""hotel"",""operation"":""RESERVE"",""outcome"":""SUCCEEDED"",""latencyMs"":2},{""itemType"":""flight"",""operation"":""RESERVE"",""outcome"":""FAILED"",""latencyMs"":11},{""itemType"":""hotel"",""operation"":""CANCEL"",""outcome"":""SUCCEEDED"",""latencyMs"":2}]",1,0,true,false,VOIDED,0,2,0,LOW,20,PROCEED,,"{""k"":2,""point"":{""kind"":""reserve"",""index"":2},""cell"":""k2-reserve@2"",""expected"":{""state"":""ROLLED_BACK"",""compensationsSucceeded"":1,""compensationsFailed"":0,""captured"":false,""reversal"":""VOIDED"",""confirmedLocks"":0}}"
20260924_215150_n6lu,E15-seeded-mixed-workload,mixed,32,409,,bcbdffb3-b394-4449-8ac2-d25d663132ce,ROLLBACK_FAILED,PROVIDER_RESERVE,false,552.164,67,"[{""itemType"":""hotel"",""operation"":""RESERVE"",""outcome"":""SUCCEEDED"",""latencyMs"":3},{""itemType"":""flight"",""operation"":""RESERVE"",""outcome"":""SUCCEEDED"",""latencyMs"":1},{""itemType"":""transport"",""operation"":""RESERVE"",""outcome"":""FAILED"",""latencyMs"":2},{""itemType"":""flight"",""operation"":""CANCEL"",""outcome"":""SUCCEEDED"",""latencyMs"":2},{""itemType"":""hotel"",""operation"":""CANCEL"",""outcome"":""FAILED"",""latencyMs"":2}]",1,1,true,false,VOIDED,1,2,1,LOW,30,PROCEED,MANUAL_OPERATOR_REVIEW,"{""k"":3,""point"":{""kind"":""reserve-last+cancel-first""},""cell"":""k3-reserve@3+cancel@1"",""expected"":{""state"":""ROLLBACK_FAILED"",""compensationsSucceeded"":1,""compensationsFailed"":1,""captured"":false,""reversal"":""VOIDED"",""confirmedLocks"":1}}"
20260924_215150_n6lu,E15-seeded-mixed-workload,mixed,33,409,,e231c333-728e-47c7-8f51-48a099ae5363,ROLLED_BACK,PROVIDER_CONFIRM,false,565.875,30,"[{""itemType"":""hotel"",""operation"":""RESERVE"",""outcome"":""SUCCEEDED"",""latencyMs"":1},{""itemType"":""hotel"",""operation"":""CONFIRM"",""outcome"":""FAILED"",""latencyMs"":2},{""itemType"":""hotel"",""operation"":""CANCEL"",""outcome"":""SUCCEEDED"",""latencyMs"":2}]",1,0,true,true,REFUNDED,0,1,0,LOW,10,PROCEED,,"{""k"":1,""point"":{""kind"":""confirm"",""index"":1},""cell"":""k1-confirm@1"",""expected"":{""state"":""ROLLED_BACK"",""compensationsSucceeded"":1,""compensationsFailed"":0,""captured"":true,""reversal"":""REFUNDED"",""confirmedLocks"":0}}"
20260924_215150_n6lu,E15-seeded-mixed-workload,mixed,34,409,,bf693478-f038-44a0-a8c4-e2c0ea96a3fa,ROLLED_BACK,PROVIDER_RESERVE,false,566.478,61,"[{""itemType"":""hotel"",""operation"":""RESERVE"",""outcome"":""SUCCEEDED"",""latencyMs"":4},{""itemType"":""flight"",""operation"":""RESERVE"",""outcome"":""FAILED"",""latencyMs"":2},{""itemType"":""hotel"",""operation"":""CANCEL"",""outcome"":""SUCCEEDED"",""latencyMs"":3}]",1,0,true,false,VOIDED,0,4,0,MEDIUM,40,PROCEED,,"{""k"":4,""point"":{""kind"":""reserve"",""index"":2},""cell"":""k4-reserve@2"",""expected"":{""state"":""ROLLED_BACK"",""compensationsSucceeded"":1,""compensationsFailed"":0,""captured"":false,""reversal"":""VOIDED"",""confirmedLocks"":0}}"
20260924_215150_n6lu,E15-seeded-mixed-workload,mixed,35,409,,be601e34-9ac0-4c95-91e4-fccf06e49cc5,ROLLED_BACK,PROVIDER_RESERVE,false,535.97,31,"[{""itemType"":""hotel"",""operation"":""RESERVE"",""outcome"":""FAILED"",""latencyMs"":2}]",0,0,true,false,VOIDED,0,3,0,LOW,30,PROCEED,,"{""k"":3,""point"":{""kind"":""reserve"",""index"":1},""cell"":""k3-reserve@1"",""expected"":{""state"":""ROLLED_BACK"",""compensationsSucceeded"":0,""compensationsFailed"":0,""captured"":false,""reversal"":""VOIDED"",""confirmedLocks"":0}}"
20260924_215150_n6lu,E15-seeded-mixed-workload,mixed,36,409,,00953bd2-6592-4b22-8a98-3c27aa36f2fd,ROLLED_BACK,PROVIDER_CONFIRM,false,524.747,69,"[{""itemType"":""hotel"",""operation"":""RESERVE"",""outcome"":""SUCCEEDED"",""latencyMs"":2},{""itemType"":""flight"",""operation"":""RESERVE"",""outcome"":""SUCCEEDED"",""latencyMs"":2},{""itemType"":""transport"",""operation"":""RESERVE"",""outcome"":""SUCCEEDED"",""latencyMs"":2},{""itemType"":""hotel"",""operation"":""CONFIRM"",""outcome"":""SUCCEEDED"",""latencyMs"":3},{""itemType"":""flight"",""operation"":""CONFIRM"",""outcome"":""SUCCEEDED"",""latencyMs"":1},{""itemType"":""transport"",""operation"":""CONFIRM"",""outcome"":""FAILED"",""latencyMs"":2},{""itemType"":""transport"",""operation"":""CANCEL"",""outcome"":""SUCCEEDED"",""latencyMs"":2},{""itemType"":""flight"",""operation"":""CANCEL"",""outcome"":""SUCCEEDED"",""latencyMs"":2},{""itemType"":""hotel"",""operation"":""CANCEL"",""outcome"":""SUCCEEDED"",""latencyMs"":2}]",3,0,true,true,REFUNDED,0,3,0,LOW,30,PROCEED,,"{""k"":3,""point"":{""kind"":""confirm"",""index"":3},""cell"":""k3-confirm@3"",""expected"":{""state"":""ROLLED_BACK"",""compensationsSucceeded"":3,""compensationsFailed"":0,""captured"":true,""reversal"":""REFUNDED"",""confirmedLocks"":0}}"
20260924_215150_n6lu,E15-seeded-mixed-workload,mixed,37,409,,12a65d5d-5426-4235-b46e-a099c493bcc6,ROLLED_BACK,PROVIDER_CONFIRM,false,512.653,29,"[{""itemType"":""hotel"",""operation"":""RESERVE"",""outcome"":""SUCCEEDED"",""latencyMs"":2},{""itemType"":""hotel"",""operation"":""CONFIRM"",""outcome"":""FAILED"",""latencyMs"":2},{""itemType"":""hotel"",""operation"":""CANCEL"",""outcome"":""SUCCEEDED"",""latencyMs"":1}]",1,0,true,true,REFUNDED,0,1,0,LOW,10,PROCEED,,"{""k"":1,""point"":{""kind"":""confirm"",""index"":1},""cell"":""k1-confirm@1"",""expected"":{""state"":""ROLLED_BACK"",""compensationsSucceeded"":1,""compensationsFailed"":0,""captured"":true,""reversal"":""REFUNDED"",""confirmedLocks"":0}}"
20260924_215150_n6lu,E15-seeded-mixed-workload,mixed,38,409,,27e0b9de-db20-4893-9cc9-38b8a732c427,ROLLBACK_FAILED,PROVIDER_RESERVE,false,531.813,59,"[{""itemType"":""hotel"",""operation"":""RESERVE"",""outcome"":""SUCCEEDED"",""latencyMs"":2},{""itemType"":""flight"",""operation"":""RESERVE"",""outcome"":""SUCCEEDED"",""latencyMs"":3},{""itemType"":""transport"",""operation"":""RESERVE"",""outcome"":""FAILED"",""latencyMs"":3},{""itemType"":""flight"",""operation"":""CANCEL"",""outcome"":""SUCCEEDED"",""latencyMs"":2},{""itemType"":""hotel"",""operation"":""CANCEL"",""outcome"":""FAILED"",""latencyMs"":2}]",1,1,true,false,VOIDED,1,2,1,LOW,30,PROCEED,MANUAL_OPERATOR_REVIEW,"{""k"":3,""point"":{""kind"":""reserve-last+cancel-first""},""cell"":""k3-reserve@3+cancel@1"",""expected"":{""state"":""ROLLBACK_FAILED"",""compensationsSucceeded"":1,""compensationsFailed"":1,""captured"":false,""reversal"":""VOIDED"",""confirmedLocks"":1}}"
20260924_215150_n6lu,E15-seeded-mixed-workload,mixed,39,409,,33d82aba-30c7-4497-b435-baee4ab17917,ROLLED_BACK,PROVIDER_CONFIRM,false,517.265,58,"[{""itemType"":""hotel"",""operation"":""RESERVE"",""outcome"":""SUCCEEDED"",""latencyMs"":3},{""itemType"":""flight"",""operation"":""RESERVE"",""outcome"":""SUCCEEDED"",""latencyMs"":2},{""itemType"":""hotel"",""operation"":""CONFIRM"",""outcome"":""FAILED"",""latencyMs"":3},{""itemType"":""flight"",""operation"":""CANCEL"",""outcome"":""SUCCEEDED"",""latencyMs"":3},{""itemType"":""hotel"",""operation"":""CANCEL"",""outcome"":""SUCCEEDED"",""latencyMs"":4}]",2,0,true,true,REFUNDED,0,2,0,LOW,20,PROCEED,,"{""k"":2,""point"":{""kind"":""confirm"",""index"":1},""cell"":""k2-confirm@1"",""expected"":{""state"":""ROLLED_BACK"",""compensationsSucceeded"":2,""compensationsFailed"":0,""captured"":true,""reversal"":""REFUNDED"",""confirmedLocks"":0}}"
