compensation_id,booking_id,customer_id,incident_type,original_amount,compensation_amount,currency,compensation_type,status,resolution,created_at
COMP000001,BK000974,CUST00101,payment_failure,79847,2710,INR,partial_refund,processed,provider_rebooked,2026-10-24
COMP000002,BK000938,CUST00242,service_unavailable,101514,12810,INR,cash_compensation,rejected,partial_refund,2026-12-30
COMP000003,BK000548,CUST00021,cancellation,67935,1444,INR,partial_refund,pending,customer_credit,2027-01-18
COMP000004,BK000859,CUST00115,overbooking,99760,7693,INR,refund,rejected,full_refund,2027-01-27
COMP000005,BK000783,CUST00106,partial_booking,45088,10115,INR,credit,pending,provider_rebooked,2026-11-28
COMP000006,BK000318,CUST00167,provider_failure,53735,7979,INR,voucher,approved,full_refund,2027-01-14
COMP000007,BK000317,CUST00284,payment_failure,115902,6960,INR,credit,approved,manual_review,2026-11-26
COMP000008,BK000846,CUST00241,service_unavailable,28540,13187,INR,refund,processed,provider_rebooked,2027-01-15
COMP000009,BK000716,CUST00134,provider_failure,82844,8942,INR,partial_refund,pending,customer_credit,2027-03-29
COMP000010,BK000810,CUST00232,partial_booking,128121,2347,INR,voucher,processed,customer_credit,2027-01-15
COMP000011,BK000128,CUST00144,payment_failure,103333,18422,INR,voucher,rejected,customer_credit,2026-12-30
COMP000012,BK000651,CUST00142,overbooking,62932,20969,INR,credit,rejected,partial_refund,2026-11-14
COMP000013,BK000362,CUST00288,cancellation,1519,1264,INR,credit,approved,alternative_service,2027-03-30
COMP000014,BK000481,CUST00272,provider_failure,139246,13389,INR,credit,rejected,full_refund,2026-12-23
COMP000015,BK000963,CUST00127,payment_failure,142279,6939,INR,credit,rejected,customer_credit,2027-03-18
COMP000016,BK000501,CUST00006,cancellation,13121,18396,INR,refund,processed,full_refund,2027-03-15
COMP000017,BK000217,CUST00212,overbooking,111300,6535,INR,credit,approved,customer_credit,2027-01-31
COMP000018,BK000729,CUST00114,partial_booking,148899,15693,INR,cash_compensation,approved,alternative_service,2026-10-08
COMP000019,BK000372,CUST00225,provider_failure,24948,14066,INR,credit,rejected,customer_credit,2026-10-07
COMP000020,BK000889,CUST00167,overbooking,15240,24680,INR,partial_refund,rejected,full_refund,2027-01-09
COMP000021,BK000093,CUST00275,cancellation,15043,21561,INR,credit,processed,provider_rebooked,2026-10-07
COMP000022,BK000653,CUST00284,overbooking,111071,17805,INR,partial_refund,pending,customer_credit,2027-03-15
COMP000023,BK000084,CUST00020,provider_failure,112871,22398,INR,refund,rejected,customer_credit,2027-01-23
COMP000024,BK000267,CUST00077,payment_failure,75563,17773,INR,cash_compensation,processed,customer_credit,2026-11-27
COMP000025,BK000065,CUST00204,partial_booking,144969,836,INR,credit,pending,customer_credit,2027-03-26
COMP000026,BK000109,CUST00021,cancellation,79635,2457,INR,partial_refund,approved,manual_review,2027-03-03
COMP000027,BK000493,CUST00229,provider_failure,7752,2705,INR,voucher,pending,customer_credit,2026-10-24
COMP000028,BK000825,CUST00250,partial_booking,9422,11000,INR,voucher,pending,provider_rebooked,2026-11-06
COMP000029,BK000068,CUST00289,service_unavailable,27788,15588,INR,credit,processed,full_refund,2026-10-16
COMP000030,BK000405,CUST00015,payment_failure,37449,11131,INR,voucher,processed,alternative_service,2027-03-09
COMP000031,BK000788,CUST00068,provider_failure,124237,19431,INR,cash_compensation,processed,manual_review,2026-10-08
COMP000032,BK000641,CUST00025,service_unavailable,85742,21677,INR,voucher,processed,partial_refund,2026-10-26
COMP000033,BK000271,CUST00245,overbooking,92457,7655,INR,refund,pending,full_refund,2027-02-28
COMP000034,BK000008,CUST00230,partial_booking,137685,18300,INR,partial_refund,rejected,provider_rebooked,2026-12-23
COMP000035,BK000850,CUST00047,service_unavailable,60694,21893,INR,refund,pending,manual_review,2026-12-05
COMP000036,BK000003,CUST00209,service_unavailable,124358,2119,INR,credit,approved,full_refund,2027-01-04
COMP000037,BK000565,CUST00103,provider_failure,124427,18077,INR,cash_compensation,processed,customer_credit,2026-12-01
COMP000038,BK000567,CUST00009,provider_failure,103775,16816,INR,cash_compensation,approved,provider_rebooked,2026-10-18
COMP000039,BK000307,CUST00153,overbooking,105431,9135,INR,refund,approved,partial_refund,2026-12-19
COMP000040,BK000302,CUST00163,payment_failure,20158,9589,INR,refund,pending,alternative_service,2026-12-28
COMP000041,BK000137,CUST00200,provider_failure,35465,24820,INR,credit,rejected,partial_refund,2027-02-11
COMP000042,BK000430,CUST00198,service_unavailable,69350,8976,INR,voucher,rejected,provider_rebooked,2026-11-27
COMP000043,BK000416,CUST00060,service_unavailable,78750,8477,INR,refund,processed,customer_credit,2026-12-05
COMP000044,BK000740,CUST00180,payment_failure,76467,9828,INR,credit,approved,full_refund,2026-11-25
COMP000045,BK000360,CUST00269,overbooking,144174,2546,INR,partial_refund,rejected,full_refund,2026-12-19
COMP000046,BK000499,CUST00299,cancellation,71825,10695,INR,cash_compensation,rejected,alternative_service,2026-12-04
COMP000047,BK000824,CUST00218,partial_booking,76407,12429,INR,cash_compensation,processed,provider_rebooked,2026-12-31
COMP000048,BK000536,CUST00111,partial_booking,115485,1429,INR,voucher,processed,alternative_service,2027-03-24
COMP000049,BK000491,CUST00296,overbooking,61426,4132,INR,credit,approved,provider_rebooked,2027-03-19
COMP000050,BK000654,CUST00040,payment_failure,67805,22857,INR,partial_refund,processed,customer_credit,2027-03-07
COMP000051,BK000552,CUST00068,service_unavailable,136721,8587,INR,partial_refund,rejected,partial_refund,2027-03-26
COMP000052,BK000102,CUST00146,service_unavailable,47203,8224,INR,credit,processed,customer_credit,2026-12-19
COMP000053,BK000814,CUST00124,service_unavailable,86737,23860,INR,partial_refund,approved,manual_review,2026-12-21
COMP000054,BK000563,CUST00007,payment_failure,91042,21002,INR,partial_refund,rejected,partial_refund,2027-01-17
COMP000055,BK000912,CUST00172,provider_failure,49730,21465,INR,voucher,processed,full_refund,2027-01-06
COMP000056,BK000518,CUST00056,provider_failure,87004,20031,INR,credit,rejected,provider_rebooked,2027-03-26
COMP000057,BK000297,CUST00229,service_unavailable,102731,22773,INR,cash_compensation,approved,provider_rebooked,2026-11-15
COMP000058,BK000387,CUST00102,cancellation,85452,20755,INR,credit,approved,partial_refund,2027-02-18
COMP000059,BK000180,CUST00291,payment_failure,41059,7633,INR,credit,approved,provider_rebooked,2026-10-01
COMP000060,BK000528,CUST00110,overbooking,10601,14722,INR,cash_compensation,approved,manual_review,2027-01-09
COMP000061,BK000795,CUST00022,payment_failure,73740,7228,INR,cash_compensation,processed,alternative_service,2027-03-06
COMP000062,BK000092,CUST00251,overbooking,61713,5853,INR,voucher,pending,provider_rebooked,2027-01-28
COMP000063,BK000360,CUST00086,payment_failure,22116,6875,INR,partial_refund,pending,manual_review,2027-02-05
COMP000064,BK000054,CUST00289,provider_failure,58122,23338,INR,partial_refund,pending,partial_refund,2027-02-28
COMP000065,BK000513,CUST00094,provider_failure,120135,11536,INR,refund,rejected,full_refund,2026-10-23
COMP000066,BK000809,CUST00221,payment_failure,124915,5240,INR,voucher,pending,alternative_service,2026-12-18
COMP000067,BK000034,CUST00278,service_unavailable,76691,7615,INR,cash_compensation,rejected,full_refund,2026-10-22
COMP000068,BK000922,CUST00134,partial_booking,27408,22278,INR,voucher,processed,manual_review,2026-11-28
COMP000069,BK000086,CUST00253,overbooking,124654,14450,INR,credit,pending,full_refund,2026-10-17
COMP000070,BK000111,CUST00195,cancellation,77390,24631,INR,refund,rejected,full_refund,2027-01-20
COMP000071,BK000924,CUST00118,provider_failure,93196,18170,INR,cash_compensation,approved,manual_review,2027-01-06
COMP000072,BK000167,CUST00108,partial_booking,85694,10159,INR,credit,pending,customer_credit,2026-12-23
COMP000073,BK000758,CUST00261,payment_failure,16297,214,INR,voucher,rejected,provider_rebooked,2026-11-07
COMP000074,BK000176,CUST00178,partial_booking,1833,11793,INR,cash_compensation,processed,full_refund,2027-02-25
COMP000075,BK000327,CUST00004,provider_failure,5710,24852,INR,voucher,pending,alternative_service,2026-12-02
COMP000076,BK000908,CUST00186,cancellation,54174,13073,INR,partial_refund,rejected,manual_review,2027-02-19
COMP000077,BK000529,CUST00055,payment_failure,87688,2117,INR,voucher,approved,customer_credit,2026-10-08
COMP000078,BK000563,CUST00221,cancellation,138129,24945,INR,cash_compensation,pending,manual_review,2026-12-26
COMP000079,BK000332,CUST00164,overbooking,142607,437,INR,partial_refund,approved,manual_review,2026-12-23
COMP000080,BK000196,CUST00244,partial_booking,110368,8611,INR,partial_refund,rejected,partial_refund,2026-12-05
COMP000081,BK000665,CUST00262,service_unavailable,51228,5246,INR,credit,processed,customer_credit,2027-03-17
COMP000082,BK000199,CUST00134,partial_booking,3392,9153,INR,cash_compensation,approved,manual_review,2027-03-01
COMP000083,BK000706,CUST00110,payment_failure,100644,9696,INR,refund,pending,customer_credit,2027-03-28
COMP000084,BK000279,CUST00100,service_unavailable,45178,14171,INR,refund,approved,provider_rebooked,2026-10-11
COMP000085,BK000219,CUST00116,cancellation,98580,5666,INR,refund,processed,alternative_service,2026-12-31
COMP000086,BK000617,CUST00044,partial_booking,18898,7222,INR,cash_compensation,processed,full_refund,2026-11-10
COMP000087,BK000947,CUST00167,cancellation,147352,16069,INR,cash_compensation,approved,customer_credit,2027-02-08
COMP000088,BK000718,CUST00113,payment_failure,69278,16647,INR,voucher,pending,customer_credit,2027-02-25
COMP000089,BK000261,CUST00213,overbooking,22401,19231,INR,cash_compensation,rejected,customer_credit,2027-01-02
COMP000090,BK000962,CUST00030,overbooking,88871,10787,INR,credit,rejected,manual_review,2026-11-05
COMP000091,BK000842,CUST00296,overbooking,129504,6946,INR,credit,approved,manual_review,2027-03-09
COMP000092,BK000061,CUST00109,service_unavailable,59065,7829,INR,partial_refund,approved,alternative_service,2027-01-15
COMP000093,BK000844,CUST00092,provider_failure,108276,24193,INR,refund,pending,alternative_service,2026-12-09
COMP000094,BK000200,CUST00281,payment_failure,53325,14733,INR,cash_compensation,approved,partial_refund,2027-01-01
COMP000095,BK000128,CUST00143,service_unavailable,135501,1853,INR,partial_refund,rejected,alternative_service,2027-01-13
COMP000096,BK000606,CUST00276,partial_booking,58792,20846,INR,credit,rejected,provider_rebooked,2026-11-19
COMP000097,BK000998,CUST00068,overbooking,47609,21616,INR,voucher,rejected,alternative_service,2027-03-05
COMP000098,BK000346,CUST00119,service_unavailable,112694,16988,INR,partial_refund,rejected,alternative_service,2026-11-01
COMP000099,BK000863,CUST00110,provider_failure,37157,1771,INR,refund,rejected,full_refund,2026-10-25
COMP000100,BK000898,CUST00269,overbooking,102192,6063,INR,refund,approved,manual_review,2027-01-20
COMP000101,BK000074,CUST00257,payment_failure,125953,10301,INR,voucher,approved,full_refund,2027-01-08
COMP000102,BK000238,CUST00206,service_unavailable,125883,8939,INR,cash_compensation,processed,customer_credit,2026-11-10
COMP000103,BK000838,CUST00296,service_unavailable,96796,6044,INR,voucher,pending,manual_review,2026-10-19
COMP000104,BK000587,CUST00216,provider_failure,38170,3955,INR,cash_compensation,pending,partial_refund,2027-01-12
COMP000105,BK000493,CUST00268,cancellation,88157,413,INR,cash_compensation,approved,partial_refund,2027-02-15
COMP000106,BK000674,CUST00215,overbooking,96134,20424,INR,refund,rejected,manual_review,2026-10-22
COMP000107,BK000199,CUST00019,payment_failure,127283,1485,INR,partial_refund,approved,customer_credit,2027-03-25
COMP000108,BK000496,CUST00275,overbooking,13018,10502,INR,credit,rejected,alternative_service,2027-01-26
COMP000109,BK000921,CUST00257,cancellation,25392,10005,INR,cash_compensation,pending,full_refund,2026-11-15
COMP000110,BK000721,CUST00059,cancellation,120180,1472,INR,voucher,approved,alternative_service,2026-12-04
COMP000111,BK000661,CUST00086,overbooking,14790,7460,INR,voucher,rejected,full_refund,2026-10-26
COMP000112,BK000055,CUST00283,cancellation,118129,3331,INR,partial_refund,rejected,alternative_service,2027-01-04
COMP000113,BK000867,CUST00230,service_unavailable,111866,2392,INR,credit,approved,partial_refund,2027-02-28
COMP000114,BK000294,CUST00087,cancellation,93621,5144,INR,credit,rejected,partial_refund,2027-03-24
COMP000115,BK000513,CUST00256,provider_failure,38826,18839,INR,partial_refund,processed,alternative_service,2026-10-28
COMP000116,BK000461,CUST00238,service_unavailable,27932,4539,INR,refund,approved,provider_rebooked,2026-10-01
COMP000117,BK000960,CUST00181,payment_failure,903,12743,INR,partial_refund,rejected,provider_rebooked,2026-10-14
COMP000118,BK000527,CUST00291,overbooking,147809,9406,INR,voucher,pending,provider_rebooked,2027-02-02
COMP000119,BK000595,CUST00059,partial_booking,56819,24329,INR,partial_refund,rejected,full_refund,2026-10-31
COMP000120,BK000679,CUST00058,provider_failure,37127,10007,INR,credit,processed,full_refund,2026-10-02
COMP000121,BK000693,CUST00285,partial_booking,126553,12492,INR,credit,processed,full_refund,2027-02-01
COMP000122,BK000453,CUST00050,provider_failure,113337,1581,INR,partial_refund,rejected,full_refund,2027-02-01
COMP000123,BK000837,CUST00289,cancellation,148647,17075,INR,refund,processed,provider_rebooked,2027-03-11
COMP000124,BK000320,CUST00160,partial_booking,106659,19221,INR,voucher,pending,full_refund,2027-01-31
COMP000125,BK000108,CUST00111,partial_booking,72291,11380,INR,partial_refund,rejected,provider_rebooked,2026-10-16
COMP000126,BK000536,CUST00030,payment_failure,36481,24758,INR,partial_refund,approved,partial_refund,2026-12-20
COMP000127,BK000856,CUST00110,provider_failure,61793,12081,INR,cash_compensation,pending,provider_rebooked,2027-03-30
COMP000128,BK000708,CUST00128,provider_failure,101192,16151,INR,refund,rejected,customer_credit,2027-01-05
COMP000129,BK000741,CUST00255,cancellation,62665,6072,INR,refund,rejected,manual_review,2027-02-05
COMP000130,BK000196,CUST00259,cancellation,128165,8102,INR,credit,rejected,alternative_service,2026-10-20
COMP000131,BK000465,CUST00228,cancellation,52954,15108,INR,cash_compensation,approved,provider_rebooked,2027-03-19
COMP000132,BK000010,CUST00233,provider_failure,77253,16238,INR,voucher,processed,partial_refund,2026-11-10
COMP000133,BK000919,CUST00108,provider_failure,75312,11793,INR,refund,pending,alternative_service,2026-10-03
COMP000134,BK000239,CUST00034,provider_failure,70319,12999,INR,refund,rejected,partial_refund,2026-12-18
COMP000135,BK000943,CUST00189,overbooking,76060,6318,INR,partial_refund,processed,partial_refund,2026-10-11
COMP000136,BK000362,CUST00247,service_unavailable,72954,1939,INR,partial_refund,processed,full_refund,2027-02-10
COMP000137,BK000769,CUST00142,provider_failure,106415,5470,INR,credit,pending,partial_refund,2027-01-14
COMP000138,BK000333,CUST00001,overbooking,22101,2217,INR,voucher,approved,manual_review,2027-01-07
COMP000139,BK000534,CUST00300,partial_booking,49348,21418,INR,credit,rejected,alternative_service,2027-03-17
COMP000140,BK000728,CUST00036,payment_failure,28400,18500,INR,partial_refund,approved,customer_credit,2027-01-05
COMP000141,BK000864,CUST00095,provider_failure,57317,5259,INR,credit,pending,manual_review,2026-12-16
COMP000142,BK000820,CUST00046,cancellation,93781,22758,INR,cash_compensation,rejected,partial_refund,2027-01-09
COMP000143,BK000755,CUST00014,overbooking,22211,13271,INR,partial_refund,pending,manual_review,2026-10-16
COMP000144,BK000103,CUST00082,payment_failure,148360,21314,INR,credit,processed,full_refund,2026-10-16
COMP000145,BK000269,CUST00043,service_unavailable,67308,4215,INR,partial_refund,pending,customer_credit,2026-12-20
COMP000146,BK000363,CUST00262,partial_booking,51006,24737,INR,credit,rejected,alternative_service,2026-10-21
COMP000147,BK000939,CUST00197,overbooking,49271,8582,INR,partial_refund,rejected,full_refund,2027-01-03
COMP000148,BK000304,CUST00138,overbooking,40135,16910,INR,partial_refund,processed,customer_credit,2027-02-28
COMP000149,BK000943,CUST00272,provider_failure,78062,23936,INR,partial_refund,processed,partial_refund,2027-03-14
COMP000150,BK000313,CUST00107,service_unavailable,69590,10926,INR,partial_refund,processed,customer_credit,2027-01-25
COMP000151,BK000572,CUST00229,cancellation,48740,20288,INR,voucher,processed,provider_rebooked,2026-11-22
COMP000152,BK000551,CUST00205,cancellation,12329,22725,INR,partial_refund,pending,full_refund,2027-02-13
COMP000153,BK000057,CUST00002,provider_failure,41639,8447,INR,refund,processed,customer_credit,2027-02-26
COMP000154,BK000340,CUST00064,cancellation,95120,18762,INR,partial_refund,processed,manual_review,2026-10-15
COMP000155,BK000384,CUST00187,provider_failure,65640,22547,INR,partial_refund,rejected,provider_rebooked,2027-01-20
COMP000156,BK000680,CUST00041,overbooking,131356,13640,INR,cash_compensation,approved,alternative_service,2027-02-08
COMP000157,BK000301,CUST00221,partial_booking,142922,14264,INR,partial_refund,pending,customer_credit,2027-01-25
COMP000158,BK000335,CUST00191,overbooking,35889,24730,INR,partial_refund,pending,full_refund,2027-02-07
COMP000159,BK000670,CUST00240,cancellation,2393,24242,INR,credit,pending,manual_review,2027-01-05
COMP000160,BK000643,CUST00018,payment_failure,3675,3343,INR,credit,approved,provider_rebooked,2026-12-27
COMP000161,BK000606,CUST00036,provider_failure,28982,11101,INR,cash_compensation,approved,full_refund,2026-11-14
COMP000162,BK000665,CUST00095,payment_failure,118042,9055,INR,partial_refund,rejected,manual_review,2027-02-01
COMP000163,BK000824,CUST00107,payment_failure,80193,19945,INR,partial_refund,processed,partial_refund,2027-01-30
COMP000164,BK000807,CUST00082,cancellation,23529,10692,INR,credit,approved,customer_credit,2026-11-17
COMP000165,BK000841,CUST00102,cancellation,82960,13647,INR,cash_compensation,approved,provider_rebooked,2027-02-08
COMP000166,BK000060,CUST00227,provider_failure,34123,17196,INR,partial_refund,rejected,partial_refund,2026-11-11
COMP000167,BK000325,CUST00170,cancellation,62320,15393,INR,voucher,approved,provider_rebooked,2027-02-18
COMP000168,BK000719,CUST00255,overbooking,88539,21602,INR,refund,pending,full_refund,2027-03-04
COMP000169,BK000611,CUST00269,service_unavailable,17264,22949,INR,voucher,processed,customer_credit,2027-03-10
COMP000170,BK000829,CUST00114,payment_failure,70299,15705,INR,cash_compensation,pending,alternative_service,2026-11-30
COMP000171,BK000312,CUST00027,partial_booking,136334,5627,INR,voucher,processed,provider_rebooked,2027-01-24
COMP000172,BK000721,CUST00293,partial_booking,65125,18039,INR,voucher,processed,customer_credit,2027-01-13
COMP000173,BK000951,CUST00228,cancellation,116499,9354,INR,voucher,processed,full_refund,2026-10-24
COMP000174,BK000499,CUST00164,overbooking,138827,23256,INR,cash_compensation,pending,customer_credit,2026-12-24
COMP000175,BK000661,CUST00043,service_unavailable,10355,13182,INR,cash_compensation,processed,customer_credit,2027-01-10
COMP000176,BK000537,CUST00011,service_unavailable,132946,11150,INR,refund,pending,manual_review,2026-11-13
COMP000177,BK000078,CUST00261,cancellation,135526,23118,INR,voucher,rejected,customer_credit,2027-03-01
COMP000178,BK000365,CUST00122,provider_failure,118081,21089,INR,voucher,approved,alternative_service,2027-01-15
COMP000179,BK000573,CUST00181,cancellation,86731,4974,INR,voucher,processed,provider_rebooked,2026-11-13
COMP000180,BK000537,CUST00079,provider_failure,134323,6382,INR,partial_refund,processed,partial_refund,2027-03-10
COMP000181,BK000121,CUST00210,payment_failure,120457,7180,INR,cash_compensation,rejected,customer_credit,2026-12-24
COMP000182,BK000631,CUST00032,service_unavailable,54741,12422,INR,cash_compensation,approved,full_refund,2027-02-22
COMP000183,BK000585,CUST00051,payment_failure,105503,3371,INR,credit,rejected,customer_credit,2027-03-23
COMP000184,BK000935,CUST00028,provider_failure,126696,9885,INR,voucher,approved,alternative_service,2027-02-04
COMP000185,BK000514,CUST00134,partial_booking,3694,19535,INR,partial_refund,pending,full_refund,2027-01-15
COMP000186,BK000842,CUST00009,overbooking,149130,7228,INR,refund,approved,provider_rebooked,2027-03-23
COMP000187,BK000953,CUST00288,payment_failure,33616,4205,INR,voucher,approved,manual_review,2027-02-17
COMP000188,BK000682,CUST00186,provider_failure,22615,897,INR,refund,rejected,customer_credit,2027-01-16
COMP000189,BK000405,CUST00261,service_unavailable,113823,16166,INR,credit,rejected,customer_credit,2026-12-23
COMP000190,BK000179,CUST00270,partial_booking,90961,7218,INR,refund,pending,alternative_service,2026-12-21
COMP000191,BK000807,CUST00297,payment_failure,66829,21398,INR,voucher,processed,alternative_service,2027-02-01
COMP000192,BK000877,CUST00285,payment_failure,61278,18587,INR,voucher,rejected,partial_refund,2027-03-24
COMP000193,BK000201,CUST00281,provider_failure,74466,9965,INR,refund,rejected,customer_credit,2027-03-15
COMP000194,BK000401,CUST00065,payment_failure,139962,21920,INR,credit,rejected,provider_rebooked,2026-12-06
COMP000195,BK000763,CUST00092,partial_booking,8096,281,INR,partial_refund,processed,manual_review,2027-01-24
COMP000196,BK000692,CUST00075,overbooking,42255,12445,INR,cash_compensation,approved,alternative_service,2027-01-30
COMP000197,BK000557,CUST00133,payment_failure,62761,12608,INR,voucher,pending,provider_rebooked,2027-02-17
COMP000198,BK000449,CUST00198,service_unavailable,88884,10490,INR,partial_refund,pending,alternative_service,2026-12-04
COMP000199,BK000231,CUST00299,cancellation,13211,2715,INR,cash_compensation,rejected,provider_rebooked,2027-03-18
COMP000200,BK000429,CUST00031,provider_failure,133635,13487,INR,refund,approved,manual_review,2026-12-20
COMP000201,BK000713,CUST00149,partial_booking,71941,6603,INR,cash_compensation,rejected,alternative_service,2026-10-30
COMP000202,BK000719,CUST00091,provider_failure,674,7653,INR,partial_refund,approved,manual_review,2027-01-12
COMP000203,BK000223,CUST00103,cancellation,149295,730,INR,cash_compensation,pending,customer_credit,2026-11-27
COMP000204,BK000747,CUST00152,provider_failure,127530,11119,INR,cash_compensation,approved,alternative_service,2026-11-08
COMP000205,BK000372,CUST00236,cancellation,28268,5427,INR,refund,pending,customer_credit,2027-01-23
COMP000206,BK000184,CUST00008,overbooking,52212,3801,INR,credit,processed,full_refund,2027-01-05
COMP000207,BK000618,CUST00167,overbooking,144306,14947,INR,refund,rejected,partial_refund,2027-01-13
COMP000208,BK000095,CUST00133,overbooking,122491,18631,INR,credit,rejected,provider_rebooked,2027-02-26
COMP000209,BK000939,CUST00039,partial_booking,60888,3597,INR,credit,pending,alternative_service,2027-01-30
COMP000210,BK000850,CUST00203,partial_booking,34609,3326,INR,cash_compensation,rejected,full_refund,2027-02-05
COMP000211,BK000678,CUST00034,payment_failure,37828,5415,INR,cash_compensation,approved,partial_refund,2027-02-26
COMP000212,BK000073,CUST00069,cancellation,123659,13114,INR,credit,rejected,customer_credit,2026-12-15
COMP000213,BK000791,CUST00094,partial_booking,34510,11169,INR,voucher,pending,partial_refund,2026-12-02
COMP000214,BK000191,CUST00196,cancellation,111021,12584,INR,voucher,approved,provider_rebooked,2026-12-19
COMP000215,BK000443,CUST00245,overbooking,14130,18700,INR,refund,processed,partial_refund,2027-01-22
COMP000216,BK000599,CUST00066,service_unavailable,108824,9114,INR,credit,rejected,manual_review,2026-12-02
COMP000217,BK000395,CUST00035,overbooking,47165,19165,INR,partial_refund,processed,manual_review,2026-10-11
COMP000218,BK000679,CUST00153,partial_booking,88767,23659,INR,cash_compensation,rejected,manual_review,2027-01-11
COMP000219,BK000475,CUST00286,overbooking,134517,11757,INR,partial_refund,pending,full_refund,2026-10-28
COMP000220,BK000596,CUST00137,cancellation,49425,19885,INR,refund,rejected,full_refund,2026-12-23
COMP000221,BK000867,CUST00020,partial_booking,145191,3868,INR,voucher,processed,customer_credit,2026-10-25
COMP000222,BK000314,CUST00221,cancellation,21924,22425,INR,voucher,approved,manual_review,2027-03-23
COMP000223,BK000046,CUST00122,service_unavailable,33675,8262,INR,cash_compensation,rejected,customer_credit,2026-12-28
COMP000224,BK000353,CUST00043,service_unavailable,81791,21188,INR,cash_compensation,pending,alternative_service,2026-11-17
COMP000225,BK000356,CUST00253,partial_booking,2604,1401,INR,refund,processed,manual_review,2027-01-20
COMP000226,BK000163,CUST00021,cancellation,129098,21454,INR,cash_compensation,rejected,provider_rebooked,2026-12-21
COMP000227,BK000627,CUST00290,partial_booking,9166,10012,INR,cash_compensation,rejected,alternative_service,2027-03-11
COMP000228,BK000552,CUST00098,cancellation,6870,7305,INR,partial_refund,approved,full_refund,2026-11-17
COMP000229,BK000694,CUST00189,overbooking,146403,22079,INR,credit,approved,full_refund,2026-10-03
COMP000230,BK000481,CUST00098,overbooking,59168,5938,INR,cash_compensation,processed,partial_refund,2027-01-26
COMP000231,BK000311,CUST00192,payment_failure,66143,9866,INR,refund,rejected,customer_credit,2026-11-25
COMP000232,BK000370,CUST00025,overbooking,33219,11683,INR,credit,rejected,provider_rebooked,2026-12-10
COMP000233,BK000874,CUST00160,provider_failure,88058,15426,INR,voucher,processed,partial_refund,2027-02-10
COMP000234,BK000359,CUST00205,payment_failure,37230,2106,INR,cash_compensation,rejected,provider_rebooked,2027-01-27
COMP000235,BK000312,CUST00063,service_unavailable,48603,8807,INR,partial_refund,approved,partial_refund,2027-03-19
COMP000236,BK000201,CUST00246,provider_failure,20093,17609,INR,cash_compensation,processed,partial_refund,2027-01-22
COMP000237,BK000787,CUST00006,provider_failure,49318,22515,INR,refund,approved,alternative_service,2027-02-09
COMP000238,BK000231,CUST00265,provider_failure,136988,23483,INR,voucher,approved,alternative_service,2027-02-24
COMP000239,BK000507,CUST00133,provider_failure,146367,4747,INR,refund,pending,full_refund,2026-10-21
COMP000240,BK000048,CUST00300,partial_booking,120296,17918,INR,voucher,rejected,alternative_service,2026-11-23
COMP000241,BK000002,CUST00054,cancellation,137603,7919,INR,voucher,approved,full_refund,2026-12-31
COMP000242,BK000796,CUST00088,service_unavailable,44626,13637,INR,cash_compensation,pending,partial_refund,2027-02-13
COMP000243,BK000293,CUST00122,overbooking,77093,21087,INR,voucher,processed,full_refund,2026-11-24
COMP000244,BK000333,CUST00267,cancellation,42519,18385,INR,voucher,approved,provider_rebooked,2027-03-28
COMP000245,BK000827,CUST00111,payment_failure,21753,16262,INR,partial_refund,processed,partial_refund,2027-02-17
COMP000246,BK000873,CUST00192,payment_failure,123222,10615,INR,cash_compensation,rejected,partial_refund,2027-02-25
COMP000247,BK000204,CUST00053,provider_failure,64868,1111,INR,cash_compensation,rejected,full_refund,2027-01-06
COMP000248,BK000015,CUST00077,service_unavailable,145318,3001,INR,refund,processed,full_refund,2027-01-15
COMP000249,BK000206,CUST00030,provider_failure,63794,5551,INR,refund,processed,alternative_service,2027-01-24
COMP000250,BK000365,CUST00048,service_unavailable,23976,8573,INR,refund,approved,partial_refund,2026-10-13
COMP000251,BK000287,CUST00194,provider_failure,72139,18910,INR,credit,approved,alternative_service,2026-10-07
COMP000252,BK000540,CUST00004,partial_booking,133844,3632,INR,cash_compensation,pending,full_refund,2027-03-15
COMP000253,BK000362,CUST00110,overbooking,22534,405,INR,cash_compensation,rejected,alternative_service,2027-02-03
COMP000254,BK000470,CUST00112,provider_failure,65870,24039,INR,cash_compensation,approved,partial_refund,2026-12-28
COMP000255,BK000085,CUST00045,payment_failure,13368,21120,INR,credit,rejected,manual_review,2026-10-08
COMP000256,BK000744,CUST00176,overbooking,102260,15914,INR,partial_refund,pending,customer_credit,2026-12-02
COMP000257,BK000857,CUST00022,payment_failure,19214,17863,INR,cash_compensation,processed,manual_review,2026-12-31
COMP000258,BK000119,CUST00068,payment_failure,114222,21127,INR,voucher,rejected,provider_rebooked,2027-03-28
COMP000259,BK000492,CUST00167,payment_failure,122454,19422,INR,voucher,approved,full_refund,2026-11-04
COMP000260,BK000163,CUST00199,cancellation,128717,6150,INR,cash_compensation,pending,alternative_service,2027-02-25
COMP000261,BK000737,CUST00294,overbooking,145587,3943,INR,credit,pending,provider_rebooked,2026-12-19
COMP000262,BK000919,CUST00195,service_unavailable,146631,18495,INR,partial_refund,processed,full_refund,2026-10-10
COMP000263,BK000423,CUST00139,payment_failure,121475,10444,INR,voucher,rejected,provider_rebooked,2026-11-06
COMP000264,BK000292,CUST00211,overbooking,88844,17763,INR,partial_refund,approved,partial_refund,2026-10-09
COMP000265,BK000731,CUST00245,overbooking,10447,15039,INR,voucher,processed,partial_refund,2027-03-13
COMP000266,BK000762,CUST00040,overbooking,30272,5290,INR,partial_refund,pending,manual_review,2026-11-16
COMP000267,BK000034,CUST00095,provider_failure,1543,17965,INR,credit,rejected,partial_refund,2026-11-30
COMP000268,BK000037,CUST00262,overbooking,40493,8671,INR,refund,processed,full_refund,2027-02-24
COMP000269,BK000425,CUST00155,partial_booking,1093,21485,INR,partial_refund,rejected,alternative_service,2026-12-09
COMP000270,BK000559,CUST00225,cancellation,89267,17158,INR,credit,processed,alternative_service,2026-10-30
COMP000271,BK000562,CUST00250,cancellation,96135,14037,INR,cash_compensation,pending,customer_credit,2027-02-02
COMP000272,BK000852,CUST00125,service_unavailable,76067,8149,INR,cash_compensation,rejected,provider_rebooked,2026-10-05
COMP000273,BK000156,CUST00018,service_unavailable,146968,22314,INR,refund,processed,provider_rebooked,2027-01-04
COMP000274,BK000791,CUST00228,cancellation,28948,15885,INR,cash_compensation,processed,alternative_service,2026-10-29
COMP000275,BK000357,CUST00171,partial_booking,121531,18786,INR,cash_compensation,pending,provider_rebooked,2027-02-14
COMP000276,BK000467,CUST00153,overbooking,72030,16001,INR,credit,approved,manual_review,2027-02-04
COMP000277,BK000194,CUST00135,partial_booking,61066,23071,INR,cash_compensation,approved,partial_refund,2027-03-27
COMP000278,BK000386,CUST00017,overbooking,19456,9459,INR,refund,approved,partial_refund,2027-01-17
COMP000279,BK000488,CUST00034,payment_failure,89302,22475,INR,credit,pending,manual_review,2026-10-03
COMP000280,BK000770,CUST00269,payment_failure,54617,3927,INR,cash_compensation,rejected,partial_refund,2026-11-28
COMP000281,BK000667,CUST00250,service_unavailable,50033,23078,INR,voucher,approved,provider_rebooked,2027-02-26
COMP000282,BK000207,CUST00076,partial_booking,118314,5186,INR,voucher,processed,customer_credit,2026-12-10
COMP000283,BK000524,CUST00286,service_unavailable,51401,9009,INR,refund,rejected,manual_review,2026-11-27
COMP000284,BK000126,CUST00104,overbooking,127378,15927,INR,partial_refund,approved,provider_rebooked,2027-01-10
COMP000285,BK000574,CUST00039,overbooking,105216,15843,INR,cash_compensation,approved,full_refund,2026-11-29
COMP000286,BK000394,CUST00083,service_unavailable,141489,21633,INR,credit,processed,full_refund,2026-10-15
COMP000287,BK000981,CUST00117,payment_failure,30661,4506,INR,partial_refund,rejected,alternative_service,2027-03-25
COMP000288,BK000769,CUST00184,partial_booking,88045,10138,INR,credit,pending,partial_refund,2027-01-01
COMP000289,BK000891,CUST00136,partial_booking,85254,15537,INR,credit,processed,partial_refund,2026-11-01
COMP000290,BK000252,CUST00183,overbooking,100344,23964,INR,cash_compensation,approved,full_refund,2027-01-16
COMP000291,BK000605,CUST00157,cancellation,78435,4505,INR,refund,approved,manual_review,2026-11-18
COMP000292,BK001000,CUST00099,overbooking,149760,9098,INR,voucher,approved,alternative_service,2027-03-08
COMP000293,BK000489,CUST00172,cancellation,65972,8015,INR,refund,rejected,alternative_service,2026-12-02
COMP000294,BK000693,CUST00275,provider_failure,74300,10712,INR,partial_refund,rejected,alternative_service,2027-02-03
COMP000295,BK000138,CUST00244,payment_failure,59336,5904,INR,credit,rejected,customer_credit,2026-11-02
COMP000296,BK000113,CUST00133,payment_failure,101540,528,INR,credit,rejected,customer_credit,2026-12-29
COMP000297,BK000865,CUST00108,cancellation,134416,3582,INR,voucher,approved,full_refund,2027-01-11
COMP000298,BK000723,CUST00083,payment_failure,113651,7137,INR,refund,rejected,provider_rebooked,2027-01-19
COMP000299,BK000313,CUST00007,overbooking,134156,1785,INR,partial_refund,approved,customer_credit,2027-02-25
COMP000300,BK000623,CUST00248,provider_failure,20918,4961,INR,voucher,rejected,partial_refund,2027-02-22
COMP000301,BK000348,CUST00290,overbooking,14352,2361,INR,partial_refund,approved,full_refund,2027-03-21
COMP000302,BK000774,CUST00281,payment_failure,119746,4443,INR,voucher,rejected,partial_refund,2027-02-08
COMP000303,BK000799,CUST00181,partial_booking,32978,5423,INR,partial_refund,approved,provider_rebooked,2026-11-19
COMP000304,BK000452,CUST00047,payment_failure,55153,20041,INR,refund,approved,full_refund,2026-10-14
COMP000305,BK000469,CUST00130,overbooking,126729,21982,INR,credit,pending,manual_review,2026-12-27
COMP000306,BK000259,CUST00262,cancellation,6613,7105,INR,cash_compensation,approved,full_refund,2026-10-20
COMP000307,BK000225,CUST00108,partial_booking,26877,6400,INR,cash_compensation,approved,partial_refund,2027-01-23
COMP000308,BK000505,CUST00222,service_unavailable,25187,6823,INR,credit,approved,alternative_service,2027-03-30
COMP000309,BK000795,CUST00246,partial_booking,135080,15846,INR,refund,approved,provider_rebooked,2026-10-01
COMP000310,BK000193,CUST00087,overbooking,79468,11043,INR,cash_compensation,processed,full_refund,2027-03-27
COMP000311,BK000713,CUST00142,partial_booking,67312,15012,INR,cash_compensation,rejected,provider_rebooked,2027-03-26
COMP000312,BK000163,CUST00273,provider_failure,64218,24451,INR,cash_compensation,processed,provider_rebooked,2026-10-10
COMP000313,BK000397,CUST00074,cancellation,118661,15445,INR,cash_compensation,rejected,manual_review,2027-03-04
COMP000314,BK000494,CUST00102,provider_failure,2509,6877,INR,refund,approved,full_refund,2027-01-01
COMP000315,BK000332,CUST00237,partial_booking,121608,7751,INR,voucher,approved,provider_rebooked,2026-12-12
COMP000316,BK000400,CUST00203,payment_failure,8582,9983,INR,voucher,pending,partial_refund,2027-03-04
COMP000317,BK000401,CUST00017,partial_booking,87268,19352,INR,credit,approved,alternative_service,2026-12-28
COMP000318,BK000893,CUST00276,overbooking,88918,8979,INR,cash_compensation,pending,manual_review,2027-02-23
COMP000319,BK000316,CUST00065,provider_failure,85256,24728,INR,credit,processed,provider_rebooked,2026-10-14
COMP000320,BK000985,CUST00219,service_unavailable,79549,7338,INR,partial_refund,approved,manual_review,2027-03-25
COMP000321,BK000135,CUST00282,cancellation,142404,4980,INR,refund,rejected,customer_credit,2027-01-20
COMP000322,BK000817,CUST00195,payment_failure,23813,11744,INR,voucher,rejected,alternative_service,2027-03-15
COMP000323,BK000890,CUST00097,payment_failure,40470,5906,INR,credit,processed,full_refund,2027-03-13
COMP000324,BK000536,CUST00161,service_unavailable,118702,11488,INR,cash_compensation,pending,alternative_service,2026-10-27
COMP000325,BK000521,CUST00033,cancellation,146409,5420,INR,refund,pending,alternative_service,2026-12-05
COMP000326,BK000691,CUST00287,partial_booking,134702,22232,INR,voucher,rejected,provider_rebooked,2026-10-20
COMP000327,BK000583,CUST00253,provider_failure,4337,15035,INR,voucher,approved,customer_credit,2027-02-24
COMP000328,BK000511,CUST00146,partial_booking,55500,18847,INR,refund,processed,customer_credit,2027-01-08
COMP000329,BK000009,CUST00028,cancellation,58762,19616,INR,refund,rejected,partial_refund,2026-11-23
COMP000330,BK000260,CUST00299,partial_booking,104599,23334,INR,partial_refund,rejected,manual_review,2027-02-26
COMP000331,BK000708,CUST00106,service_unavailable,24332,6086,INR,credit,processed,manual_review,2027-02-21
COMP000332,BK000317,CUST00228,service_unavailable,112884,2912,INR,cash_compensation,pending,partial_refund,2027-02-16
COMP000333,BK000758,CUST00206,service_unavailable,86261,15678,INR,credit,processed,partial_refund,2027-01-01
COMP000334,BK000414,CUST00177,provider_failure,141067,15536,INR,credit,approved,full_refund,2026-10-20
COMP000335,BK000514,CUST00182,service_unavailable,141878,8590,INR,voucher,approved,manual_review,2026-11-26
COMP000336,BK000282,CUST00077,provider_failure,91167,24932,INR,credit,rejected,full_refund,2027-03-26
COMP000337,BK000138,CUST00214,overbooking,76192,562,INR,voucher,processed,manual_review,2027-01-17
COMP000338,BK000276,CUST00125,service_unavailable,84898,7955,INR,voucher,processed,manual_review,2026-10-24
COMP000339,BK000053,CUST00146,provider_failure,132493,21735,INR,partial_refund,rejected,full_refund,2027-02-24
COMP000340,BK000653,CUST00209,partial_booking,123147,22790,INR,credit,approved,provider_rebooked,2026-11-24
COMP000341,BK000581,CUST00288,cancellation,21054,15884,INR,credit,pending,manual_review,2027-03-16
COMP000342,BK000985,CUST00234,provider_failure,58511,10835,INR,refund,processed,provider_rebooked,2027-03-21
COMP000343,BK000092,CUST00171,overbooking,11229,19799,INR,partial_refund,rejected,customer_credit,2026-11-11
COMP000344,BK000794,CUST00291,payment_failure,85177,3768,INR,cash_compensation,rejected,full_refund,2026-10-21
COMP000345,BK000215,CUST00153,service_unavailable,75960,2635,INR,credit,pending,partial_refund,2027-01-27
COMP000346,BK000709,CUST00181,partial_booking,87785,6984,INR,partial_refund,rejected,partial_refund,2026-10-28
COMP000347,BK000885,CUST00243,payment_failure,129603,20903,INR,cash_compensation,approved,provider_rebooked,2027-03-16
COMP000348,BK000311,CUST00133,provider_failure,96904,14965,INR,credit,rejected,partial_refund,2026-10-24
COMP000349,BK000445,CUST00171,payment_failure,89015,15259,INR,partial_refund,approved,full_refund,2027-03-13
COMP000350,BK000081,CUST00294,partial_booking,110975,8437,INR,refund,rejected,provider_rebooked,2026-12-19
COMP000351,BK000866,CUST00067,provider_failure,95778,20662,INR,voucher,rejected,full_refund,2026-11-19
COMP000352,BK000283,CUST00263,provider_failure,80628,5889,INR,voucher,pending,partial_refund,2027-02-21
COMP000353,BK000260,CUST00013,overbooking,120372,9011,INR,voucher,pending,full_refund,2026-11-25
COMP000354,BK000455,CUST00262,service_unavailable,67774,217,INR,refund,approved,manual_review,2027-03-13
COMP000355,BK000915,CUST00218,service_unavailable,123194,3011,INR,credit,pending,manual_review,2026-12-29
COMP000356,BK000536,CUST00180,overbooking,44408,3526,INR,partial_refund,pending,provider_rebooked,2027-01-27
COMP000357,BK000870,CUST00267,cancellation,41306,21489,INR,credit,pending,full_refund,2026-12-29
COMP000358,BK000215,CUST00297,payment_failure,146590,3926,INR,voucher,pending,full_refund,2027-01-18
COMP000359,BK000631,CUST00021,cancellation,28242,18716,INR,refund,approved,provider_rebooked,2027-03-28
COMP000360,BK000096,CUST00004,cancellation,19799,21175,INR,credit,pending,full_refund,2027-03-06
COMP000361,BK000176,CUST00157,payment_failure,126426,21165,INR,partial_refund,processed,alternative_service,2026-12-14
COMP000362,BK000486,CUST00043,overbooking,55203,15293,INR,partial_refund,pending,partial_refund,2026-12-04
COMP000363,BK000624,CUST00018,service_unavailable,14020,8931,INR,credit,rejected,alternative_service,2026-12-01
COMP000364,BK000985,CUST00176,payment_failure,66742,4079,INR,voucher,rejected,partial_refund,2026-11-05
COMP000365,BK000679,CUST00072,overbooking,50696,795,INR,credit,rejected,full_refund,2026-11-09
COMP000366,BK000247,CUST00098,payment_failure,60841,19350,INR,partial_refund,rejected,customer_credit,2026-11-05
COMP000367,BK000381,CUST00211,partial_booking,83685,4869,INR,credit,approved,alternative_service,2026-10-03
COMP000368,BK000545,CUST00184,cancellation,75225,9950,INR,voucher,approved,alternative_service,2027-01-19
COMP000369,BK000936,CUST00286,overbooking,34679,22188,INR,credit,pending,alternative_service,2027-03-15
COMP000370,BK000201,CUST00262,cancellation,121185,24601,INR,credit,processed,full_refund,2026-12-08
COMP000371,BK000401,CUST00267,partial_booking,127488,14106,INR,partial_refund,pending,manual_review,2027-02-12
COMP000372,BK000559,CUST00196,payment_failure,36144,7491,INR,credit,pending,provider_rebooked,2026-12-19
COMP000373,BK000865,CUST00059,overbooking,69668,133,INR,credit,rejected,customer_credit,2026-10-14
COMP000374,BK000145,CUST00125,service_unavailable,140582,23379,INR,partial_refund,pending,partial_refund,2027-01-15
COMP000375,BK000614,CUST00139,payment_failure,100187,9186,INR,refund,processed,provider_rebooked,2027-01-17
COMP000376,BK000205,CUST00123,payment_failure,42846,3928,INR,partial_refund,pending,provider_rebooked,2027-02-12
COMP000377,BK000092,CUST00190,partial_booking,88677,17638,INR,voucher,pending,full_refund,2027-02-18
COMP000378,BK000522,CUST00203,overbooking,74871,5962,INR,cash_compensation,processed,provider_rebooked,2027-03-29
COMP000379,BK000524,CUST00039,payment_failure,72797,4832,INR,credit,pending,partial_refund,2026-12-18
COMP000380,BK000415,CUST00081,partial_booking,67389,22566,INR,partial_refund,approved,full_refund,2027-01-24
COMP000381,BK000139,CUST00062,service_unavailable,125789,6509,INR,partial_refund,pending,alternative_service,2026-11-06
COMP000382,BK000456,CUST00198,cancellation,125952,18063,INR,partial_refund,processed,alternative_service,2027-03-23
COMP000383,BK000497,CUST00177,overbooking,4811,10782,INR,credit,rejected,provider_rebooked,2026-10-25
COMP000384,BK000091,CUST00020,provider_failure,53875,20282,INR,refund,processed,partial_refund,2027-03-04
COMP000385,BK000842,CUST00046,cancellation,85745,7779,INR,credit,approved,full_refund,2026-10-29
COMP000386,BK000506,CUST00171,partial_booking,115380,10382,INR,refund,rejected,provider_rebooked,2027-01-29
COMP000387,BK000215,CUST00080,partial_booking,95017,19805,INR,credit,approved,partial_refund,2027-03-09
COMP000388,BK000694,CUST00247,provider_failure,87367,2991,INR,partial_refund,pending,provider_rebooked,2027-03-26
COMP000389,BK000050,CUST00105,cancellation,74019,6407,INR,cash_compensation,processed,manual_review,2026-12-06
COMP000390,BK000803,CUST00281,partial_booking,108273,11650,INR,voucher,rejected,provider_rebooked,2027-01-25
COMP000391,BK000215,CUST00293,provider_failure,7151,19200,INR,credit,rejected,alternative_service,2027-03-29
COMP000392,BK000643,CUST00008,service_unavailable,86835,14668,INR,refund,approved,manual_review,2027-01-30
COMP000393,BK000871,CUST00002,service_unavailable,100467,4166,INR,refund,processed,full_refund,2027-01-12
COMP000394,BK000928,CUST00192,cancellation,96528,22255,INR,voucher,pending,alternative_service,2027-03-18
COMP000395,BK000936,CUST00020,provider_failure,3575,14209,INR,partial_refund,pending,provider_rebooked,2027-03-12
COMP000396,BK000321,CUST00196,cancellation,95205,2156,INR,refund,processed,manual_review,2026-11-06
COMP000397,BK000454,CUST00170,overbooking,120291,22737,INR,partial_refund,approved,partial_refund,2027-01-10
COMP000398,BK000348,CUST00085,cancellation,79798,2092,INR,cash_compensation,rejected,customer_credit,2027-03-07
COMP000399,BK000047,CUST00021,provider_failure,54923,806,INR,refund,rejected,partial_refund,2027-02-01
COMP000400,BK000137,CUST00146,service_unavailable,61558,6604,INR,refund,rejected,manual_review,2027-02-26
COMP000401,BK000821,CUST00179,overbooking,31718,10225,INR,refund,approved,customer_credit,2027-01-14
COMP000402,BK000379,CUST00069,service_unavailable,127767,3212,INR,cash_compensation,processed,alternative_service,2027-02-24
COMP000403,BK000211,CUST00051,overbooking,60588,23554,INR,cash_compensation,rejected,alternative_service,2026-10-17
COMP000404,BK000963,CUST00089,overbooking,141204,15717,INR,credit,approved,alternative_service,2026-12-02
COMP000405,BK000024,CUST00292,overbooking,87476,16175,INR,cash_compensation,pending,full_refund,2026-10-31
COMP000406,BK000414,CUST00020,partial_booking,32328,24209,INR,credit,rejected,provider_rebooked,2026-10-13
COMP000407,BK000497,CUST00223,overbooking,8671,18496,INR,refund,processed,alternative_service,2026-10-19
COMP000408,BK000917,CUST00003,provider_failure,117750,10220,INR,refund,processed,provider_rebooked,2027-01-28
COMP000409,BK000978,CUST00112,provider_failure,116109,10497,INR,voucher,pending,partial_refund,2027-03-10
COMP000410,BK000039,CUST00100,overbooking,42274,19094,INR,partial_refund,approved,provider_rebooked,2026-12-20
COMP000411,BK000086,CUST00002,overbooking,87390,14090,INR,voucher,processed,alternative_service,2026-10-23
COMP000412,BK000238,CUST00193,overbooking,116352,22547,INR,refund,approved,customer_credit,2026-10-20
COMP000413,BK000788,CUST00130,payment_failure,128799,12487,INR,refund,rejected,full_refund,2026-12-27
COMP000414,BK000456,CUST00009,cancellation,94576,2857,INR,refund,processed,provider_rebooked,2027-03-22
COMP000415,BK000496,CUST00015,cancellation,84941,12259,INR,credit,processed,partial_refund,2027-01-02
COMP000416,BK000738,CUST00098,partial_booking,89970,1415,INR,refund,pending,manual_review,2026-12-29
COMP000417,BK000528,CUST00022,cancellation,104093,24613,INR,credit,pending,customer_credit,2027-02-06
COMP000418,BK000351,CUST00274,overbooking,62173,20916,INR,refund,processed,customer_credit,2027-03-20
COMP000419,BK000525,CUST00081,cancellation,34382,4854,INR,cash_compensation,approved,customer_credit,2027-03-12
COMP000420,BK000502,CUST00088,partial_booking,52309,18998,INR,voucher,rejected,alternative_service,2026-12-30
COMP000421,BK000644,CUST00078,service_unavailable,149308,20864,INR,refund,pending,customer_credit,2026-12-19
COMP000422,BK000086,CUST00259,provider_failure,27740,16957,INR,cash_compensation,pending,customer_credit,2027-03-05
COMP000423,BK000338,CUST00239,service_unavailable,126652,20879,INR,refund,approved,partial_refund,2026-10-15
COMP000424,BK000572,CUST00270,service_unavailable,131407,7030,INR,refund,processed,customer_credit,2026-11-25
COMP000425,BK000158,CUST00093,overbooking,75952,18909,INR,refund,rejected,manual_review,2027-01-18
COMP000426,BK000768,CUST00131,service_unavailable,66009,15004,INR,partial_refund,pending,manual_review,2027-03-30
COMP000427,BK000969,CUST00140,partial_booking,23376,19533,INR,partial_refund,pending,alternative_service,2027-01-06
COMP000428,BK000354,CUST00048,cancellation,89459,13926,INR,voucher,rejected,provider_rebooked,2027-02-19
COMP000429,BK000857,CUST00154,cancellation,78962,1227,INR,credit,pending,provider_rebooked,2026-10-23
COMP000430,BK000237,CUST00138,service_unavailable,22055,19272,INR,cash_compensation,processed,full_refund,2026-10-17
COMP000431,BK000359,CUST00160,service_unavailable,143974,18166,INR,cash_compensation,rejected,alternative_service,2027-03-19
COMP000432,BK000408,CUST00164,provider_failure,47523,5974,INR,refund,approved,customer_credit,2026-10-19
COMP000433,BK000926,CUST00100,payment_failure,30721,4010,INR,partial_refund,approved,manual_review,2026-11-30
COMP000434,BK000551,CUST00287,provider_failure,95903,21172,INR,voucher,rejected,full_refund,2026-10-20
COMP000435,BK000059,CUST00259,cancellation,54120,18517,INR,voucher,pending,provider_rebooked,2026-11-09
COMP000436,BK000827,CUST00138,partial_booking,66926,14665,INR,partial_refund,rejected,customer_credit,2026-12-13
COMP000437,BK000409,CUST00122,cancellation,119949,11094,INR,partial_refund,processed,alternative_service,2027-01-20
COMP000438,BK000321,CUST00137,overbooking,92822,5623,INR,cash_compensation,processed,provider_rebooked,2027-01-01
COMP000439,BK000811,CUST00255,service_unavailable,71939,4892,INR,voucher,processed,provider_rebooked,2026-12-11
COMP000440,BK000143,CUST00045,cancellation,27319,4905,INR,cash_compensation,approved,customer_credit,2027-02-06
COMP000441,BK000381,CUST00114,service_unavailable,130288,1910,INR,cash_compensation,approved,provider_rebooked,2027-01-15
COMP000442,BK000394,CUST00024,cancellation,72693,20877,INR,refund,rejected,alternative_service,2027-03-04
COMP000443,BK000685,CUST00223,overbooking,93429,220,INR,refund,approved,full_refund,2026-12-15
COMP000444,BK000775,CUST00291,service_unavailable,92460,10031,INR,credit,rejected,provider_rebooked,2027-01-12
COMP000445,BK000134,CUST00106,provider_failure,80557,13068,INR,refund,pending,full_refund,2026-12-14
COMP000446,BK000179,CUST00070,provider_failure,75621,19650,INR,voucher,approved,customer_credit,2026-11-12
COMP000447,BK000283,CUST00121,overbooking,135933,22098,INR,refund,pending,full_refund,2026-12-09
COMP000448,BK000259,CUST00128,payment_failure,147692,19025,INR,credit,approved,full_refund,2026-12-11
COMP000449,BK000797,CUST00148,partial_booking,65488,5972,INR,partial_refund,approved,partial_refund,2026-11-28
COMP000450,BK000326,CUST00174,overbooking,58747,8069,INR,cash_compensation,rejected,full_refund,2027-03-16
COMP000451,BK000038,CUST00059,payment_failure,105650,11289,INR,voucher,pending,full_refund,2027-01-23
COMP000452,BK000782,CUST00283,provider_failure,48225,23160,INR,cash_compensation,rejected,manual_review,2026-11-06
COMP000453,BK000138,CUST00077,payment_failure,40492,19018,INR,credit,rejected,customer_credit,2027-01-03
COMP000454,BK000628,CUST00094,overbooking,119936,18167,INR,credit,rejected,alternative_service,2026-11-30
COMP000455,BK000639,CUST00039,cancellation,122381,24299,INR,voucher,approved,partial_refund,2026-12-03
COMP000456,BK000982,CUST00122,service_unavailable,56065,23047,INR,credit,approved,manual_review,2026-12-03
COMP000457,BK000761,CUST00146,payment_failure,29799,2527,INR,credit,processed,full_refund,2026-10-27
COMP000458,BK000212,CUST00152,provider_failure,36439,16028,INR,credit,approved,customer_credit,2027-02-14
COMP000459,BK000296,CUST00011,provider_failure,113862,23411,INR,refund,processed,full_refund,2027-02-21
COMP000460,BK000600,CUST00280,overbooking,19133,17837,INR,cash_compensation,pending,provider_rebooked,2027-03-22
COMP000461,BK000765,CUST00111,partial_booking,74683,23278,INR,partial_refund,approved,full_refund,2027-01-25
COMP000462,BK000892,CUST00167,cancellation,40520,9699,INR,partial_refund,approved,customer_credit,2026-10-12
COMP000463,BK000177,CUST00157,cancellation,101835,21949,INR,partial_refund,processed,full_refund,2026-12-23
COMP000464,BK000415,CUST00185,provider_failure,9276,466,INR,partial_refund,processed,manual_review,2026-12-23
COMP000465,BK000185,CUST00062,payment_failure,96082,24615,INR,credit,pending,customer_credit,2027-03-29
COMP000466,BK000195,CUST00024,overbooking,84346,16835,INR,voucher,rejected,full_refund,2026-12-13
COMP000467,BK000704,CUST00045,cancellation,84249,18096,INR,cash_compensation,pending,partial_refund,2027-03-06
COMP000468,BK000532,CUST00112,payment_failure,126966,1610,INR,cash_compensation,processed,full_refund,2027-01-09
COMP000469,BK000560,CUST00045,provider_failure,10174,17380,INR,refund,processed,full_refund,2026-12-07
COMP000470,BK000114,CUST00157,service_unavailable,93839,2805,INR,partial_refund,approved,customer_credit,2026-10-09
COMP000471,BK000165,CUST00089,overbooking,96886,6376,INR,refund,processed,provider_rebooked,2026-11-17
COMP000472,BK000373,CUST00121,service_unavailable,116427,2272,INR,credit,rejected,provider_rebooked,2027-03-05
COMP000473,BK000355,CUST00061,provider_failure,117744,7527,INR,voucher,processed,full_refund,2026-10-02
COMP000474,BK000012,CUST00053,partial_booking,78954,11114,INR,cash_compensation,approved,alternative_service,2027-02-24
COMP000475,BK000984,CUST00221,partial_booking,69489,24155,INR,credit,pending,full_refund,2026-11-11
COMP000476,BK000021,CUST00227,cancellation,149059,6244,INR,cash_compensation,processed,alternative_service,2026-10-28
COMP000477,BK000570,CUST00009,overbooking,139353,24816,INR,partial_refund,approved,manual_review,2026-10-23
COMP000478,BK000433,CUST00182,provider_failure,140288,22328,INR,partial_refund,processed,provider_rebooked,2026-11-11
COMP000479,BK000317,CUST00204,provider_failure,27436,16893,INR,credit,processed,customer_credit,2027-03-04
COMP000480,BK000266,CUST00239,cancellation,11795,9568,INR,cash_compensation,approved,alternative_service,2027-01-09
COMP000481,BK000996,CUST00203,payment_failure,24580,127,INR,voucher,rejected,customer_credit,2026-11-04
COMP000482,BK000514,CUST00260,overbooking,130107,18528,INR,cash_compensation,pending,alternative_service,2027-03-19
COMP000483,BK000250,CUST00149,provider_failure,74284,21444,INR,cash_compensation,processed,full_refund,2026-11-25
COMP000484,BK000895,CUST00124,cancellation,49935,4371,INR,cash_compensation,processed,customer_credit,2027-01-28
COMP000485,BK000511,CUST00014,payment_failure,137834,21783,INR,cash_compensation,rejected,customer_credit,2026-11-20
COMP000486,BK000851,CUST00030,service_unavailable,134841,17447,INR,credit,processed,customer_credit,2026-12-10
COMP000487,BK000244,CUST00224,partial_booking,148106,13684,INR,cash_compensation,approved,provider_rebooked,2027-01-25
COMP000488,BK000672,CUST00103,service_unavailable,33596,2476,INR,partial_refund,rejected,provider_rebooked,2027-03-29
COMP000489,BK000946,CUST00120,payment_failure,12288,15838,INR,credit,rejected,manual_review,2026-10-04
COMP000490,BK000297,CUST00197,provider_failure,58833,5198,INR,credit,approved,provider_rebooked,2026-11-30
COMP000491,BK000089,CUST00010,overbooking,139482,8068,INR,refund,processed,provider_rebooked,2027-01-25
COMP000492,BK000478,CUST00050,cancellation,5349,3207,INR,refund,processed,full_refund,2026-10-18
COMP000493,BK000954,CUST00178,service_unavailable,129774,509,INR,voucher,pending,full_refund,2026-12-28
COMP000494,BK000781,CUST00041,payment_failure,112202,5210,INR,cash_compensation,pending,customer_credit,2027-02-04
COMP000495,BK000283,CUST00175,overbooking,100532,945,INR,voucher,pending,full_refund,2026-11-22
COMP000496,BK000398,CUST00234,payment_failure,111863,16986,INR,credit,pending,partial_refund,2027-01-14
COMP000497,BK000325,CUST00111,service_unavailable,17005,23196,INR,cash_compensation,processed,customer_credit,2026-11-07
COMP000498,BK000293,CUST00188,cancellation,53077,5716,INR,credit,pending,full_refund,2027-02-04
COMP000499,BK000799,CUST00152,cancellation,130958,15606,INR,credit,rejected,partial_refund,2027-02-03
COMP000500,BK000670,CUST00074,partial_booking,122865,475,INR,credit,approved,manual_review,2027-01-14
COMP000501,BK000339,CUST00052,service_unavailable,117627,21903,INR,partial_refund,pending,manual_review,2026-10-21
COMP000502,BK000516,CUST00248,payment_failure,138602,14443,INR,voucher,approved,alternative_service,2027-03-22
COMP000503,BK000395,CUST00215,overbooking,15596,2885,INR,refund,pending,partial_refund,2027-02-27
COMP000504,BK000983,CUST00038,service_unavailable,139467,17149,INR,credit,pending,full_refund,2027-03-30
COMP000505,BK000113,CUST00193,cancellation,89058,23776,INR,cash_compensation,processed,partial_refund,2027-01-03
COMP000506,BK000463,CUST00012,payment_failure,27908,22422,INR,refund,pending,full_refund,2026-11-04
COMP000507,BK000843,CUST00130,overbooking,11022,17863,INR,cash_compensation,pending,full_refund,2027-03-21
COMP000508,BK000950,CUST00193,cancellation,80819,12534,INR,credit,rejected,partial_refund,2026-11-02
COMP000509,BK000009,CUST00124,overbooking,54687,21658,INR,partial_refund,approved,manual_review,2027-01-18
COMP000510,BK000041,CUST00118,provider_failure,2328,24392,INR,refund,pending,partial_refund,2026-10-12
COMP000511,BK000625,CUST00023,provider_failure,121968,12327,INR,partial_refund,approved,partial_refund,2026-10-22
COMP000512,BK000380,CUST00296,service_unavailable,4298,18308,INR,refund,rejected,partial_refund,2027-01-03
COMP000513,BK000325,CUST00140,cancellation,14196,14309,INR,voucher,rejected,partial_refund,2027-01-01
COMP000514,BK000944,CUST00004,provider_failure,104669,6772,INR,voucher,pending,full_refund,2027-03-03
COMP000515,BK000423,CUST00090,overbooking,49595,16400,INR,cash_compensation,processed,alternative_service,2026-11-18
COMP000516,BK000927,CUST00285,partial_booking,2953,9749,INR,partial_refund,processed,alternative_service,2027-03-17
COMP000517,BK000282,CUST00140,payment_failure,128070,19831,INR,cash_compensation,processed,provider_rebooked,2027-03-07
COMP000518,BK000103,CUST00274,overbooking,126295,5519,INR,credit,rejected,manual_review,2027-02-22
COMP000519,BK000410,CUST00268,overbooking,44123,22488,INR,refund,pending,provider_rebooked,2027-02-25
COMP000520,BK000737,CUST00285,payment_failure,103321,22792,INR,partial_refund,rejected,full_refund,2026-10-02
COMP000521,BK000863,CUST00232,overbooking,18353,17033,INR,voucher,pending,alternative_service,2027-01-02
COMP000522,BK000091,CUST00041,partial_booking,63878,11065,INR,cash_compensation,rejected,customer_credit,2026-10-10
COMP000523,BK000562,CUST00276,cancellation,84664,1562,INR,cash_compensation,rejected,full_refund,2026-10-28
COMP000524,BK000265,CUST00168,service_unavailable,94802,1071,INR,partial_refund,pending,provider_rebooked,2026-10-18
COMP000525,BK000665,CUST00102,cancellation,130457,17057,INR,credit,rejected,full_refund,2027-02-05
COMP000526,BK000671,CUST00187,partial_booking,36563,964,INR,refund,approved,full_refund,2026-12-10
COMP000527,BK000522,CUST00211,provider_failure,44282,3089,INR,voucher,processed,manual_review,2026-11-10
COMP000528,BK000815,CUST00164,partial_booking,106701,6803,INR,refund,rejected,customer_credit,2026-12-29
COMP000529,BK000200,CUST00224,cancellation,39803,22913,INR,voucher,approved,alternative_service,2027-01-06
COMP000530,BK000594,CUST00212,payment_failure,9453,23209,INR,cash_compensation,processed,full_refund,2027-01-17
COMP000531,BK000393,CUST00288,payment_failure,100164,17459,INR,partial_refund,approved,provider_rebooked,2026-10-15
COMP000532,BK000111,CUST00272,service_unavailable,62042,271,INR,refund,approved,partial_refund,2026-12-29
COMP000533,BK000962,CUST00159,provider_failure,126256,3520,INR,cash_compensation,rejected,provider_rebooked,2027-02-19
COMP000534,BK000568,CUST00198,service_unavailable,95492,16159,INR,partial_refund,pending,alternative_service,2027-03-08
COMP000535,BK000687,CUST00079,service_unavailable,110235,1482,INR,refund,rejected,partial_refund,2027-02-14
COMP000536,BK000294,CUST00118,cancellation,82677,7044,INR,refund,processed,full_refund,2027-02-18
COMP000537,BK000609,CUST00021,cancellation,25218,9364,INR,partial_refund,approved,partial_refund,2027-03-11
COMP000538,BK000859,CUST00182,partial_booking,2087,20982,INR,credit,pending,partial_refund,2026-10-06
COMP000539,BK000711,CUST00121,partial_booking,148594,8315,INR,cash_compensation,pending,alternative_service,2027-02-04
COMP000540,BK000599,CUST00108,service_unavailable,34687,23151,INR,credit,rejected,alternative_service,2027-01-20
COMP000541,BK000905,CUST00199,overbooking,13139,12204,INR,refund,approved,partial_refund,2027-01-21
COMP000542,BK000698,CUST00209,partial_booking,121228,24119,INR,partial_refund,processed,provider_rebooked,2027-02-07
COMP000543,BK000965,CUST00044,overbooking,41419,11593,INR,credit,processed,partial_refund,2027-02-06
COMP000544,BK000952,CUST00068,overbooking,11304,20311,INR,credit,pending,provider_rebooked,2026-10-29
COMP000545,BK000098,CUST00245,payment_failure,6720,403,INR,credit,pending,provider_rebooked,2026-12-29
COMP000546,BK000410,CUST00003,partial_booking,73062,11068,INR,partial_refund,pending,partial_refund,2027-01-14
COMP000547,BK000267,CUST00017,payment_failure,114601,9736,INR,voucher,processed,manual_review,2027-01-09
COMP000548,BK000954,CUST00031,payment_failure,128462,19342,INR,partial_refund,approved,manual_review,2027-03-03
COMP000549,BK000902,CUST00178,cancellation,31482,24485,INR,voucher,pending,customer_credit,2026-11-10
COMP000550,BK000947,CUST00213,cancellation,49043,884,INR,partial_refund,processed,alternative_service,2027-02-16
COMP000551,BK000702,CUST00136,service_unavailable,79533,23139,INR,voucher,rejected,provider_rebooked,2027-02-05
COMP000552,BK000255,CUST00272,payment_failure,44238,1891,INR,voucher,processed,manual_review,2027-01-18
COMP000553,BK000154,CUST00266,partial_booking,146944,7185,INR,credit,approved,manual_review,2027-01-11
COMP000554,BK000035,CUST00157,payment_failure,83046,21892,INR,credit,pending,partial_refund,2027-03-24
COMP000555,BK000509,CUST00249,cancellation,36086,16887,INR,cash_compensation,processed,provider_rebooked,2027-02-25
COMP000556,BK000098,CUST00061,partial_booking,8768,14412,INR,partial_refund,approved,full_refund,2027-01-31
COMP000557,BK000211,CUST00150,service_unavailable,46485,6323,INR,cash_compensation,rejected,manual_review,2026-12-24
COMP000558,BK001000,CUST00145,partial_booking,63237,401,INR,refund,processed,partial_refund,2026-10-07
COMP000559,BK000424,CUST00256,service_unavailable,18889,23656,INR,refund,processed,customer_credit,2027-01-05
COMP000560,BK000573,CUST00254,service_unavailable,18894,9094,INR,voucher,approved,manual_review,2027-03-29
COMP000561,BK000305,CUST00193,overbooking,61225,8219,INR,refund,processed,customer_credit,2026-10-06
COMP000562,BK000043,CUST00025,provider_failure,34027,19865,INR,credit,pending,manual_review,2027-01-17
COMP000563,BK000058,CUST00271,partial_booking,96483,4574,INR,cash_compensation,processed,manual_review,2027-02-04
COMP000564,BK000434,CUST00211,provider_failure,73896,1368,INR,voucher,pending,manual_review,2027-01-06
COMP000565,BK000472,CUST00022,provider_failure,107076,22807,INR,credit,rejected,partial_refund,2026-12-12
COMP000566,BK000297,CUST00007,overbooking,46362,5594,INR,voucher,rejected,partial_refund,2027-01-17
COMP000567,BK000808,CUST00145,partial_booking,9518,23218,INR,voucher,approved,full_refund,2027-02-08
COMP000568,BK000328,CUST00271,service_unavailable,6070,14682,INR,credit,approved,partial_refund,2027-01-08
COMP000569,BK000632,CUST00134,service_unavailable,54026,274,INR,voucher,processed,alternative_service,2027-03-24
COMP000570,BK000374,CUST00102,service_unavailable,12303,1461,INR,voucher,pending,partial_refund,2027-01-19
COMP000571,BK000181,CUST00113,overbooking,56208,5544,INR,partial_refund,processed,manual_review,2027-01-10
COMP000572,BK000387,CUST00075,payment_failure,30369,3647,INR,cash_compensation,pending,alternative_service,2026-12-08
COMP000573,BK000778,CUST00298,overbooking,97761,1804,INR,voucher,pending,manual_review,2026-11-27
COMP000574,BK000662,CUST00192,overbooking,56318,16094,INR,cash_compensation,processed,provider_rebooked,2026-11-11
COMP000575,BK000257,CUST00158,payment_failure,34010,18855,INR,credit,pending,partial_refund,2026-11-01
COMP000576,BK000217,CUST00191,service_unavailable,25829,23763,INR,refund,processed,provider_rebooked,2027-03-06
COMP000577,BK000011,CUST00230,service_unavailable,5255,15213,INR,partial_refund,rejected,provider_rebooked,2027-03-11
COMP000578,BK000208,CUST00100,payment_failure,134024,24055,INR,cash_compensation,rejected,partial_refund,2027-02-26
COMP000579,BK000998,CUST00130,cancellation,11075,6516,INR,partial_refund,approved,provider_rebooked,2027-02-27
COMP000580,BK000589,CUST00064,service_unavailable,32276,16030,INR,voucher,pending,customer_credit,2026-10-05
COMP000581,BK000480,CUST00131,partial_booking,71605,5197,INR,credit,rejected,alternative_service,2027-01-07
COMP000582,BK000544,CUST00111,payment_failure,129677,5439,INR,partial_refund,processed,alternative_service,2027-01-20
COMP000583,BK000540,CUST00064,overbooking,102174,16166,INR,refund,processed,alternative_service,2027-03-16
COMP000584,BK000442,CUST00069,partial_booking,7790,14493,INR,credit,approved,customer_credit,2026-12-03
COMP000585,BK000636,CUST00280,provider_failure,78966,14427,INR,credit,rejected,customer_credit,2026-11-05
COMP000586,BK000216,CUST00155,payment_failure,145997,1451,INR,credit,processed,customer_credit,2026-11-20
COMP000587,BK000288,CUST00257,partial_booking,36237,1576,INR,voucher,pending,customer_credit,2026-12-09
COMP000588,BK000313,CUST00173,provider_failure,10176,18436,INR,credit,approved,alternative_service,2027-01-30
COMP000589,BK000461,CUST00265,provider_failure,85796,18829,INR,cash_compensation,pending,full_refund,2026-11-18
COMP000590,BK000262,CUST00102,service_unavailable,56276,9522,INR,voucher,processed,customer_credit,2026-12-23
COMP000591,BK000708,CUST00252,cancellation,140115,6962,INR,voucher,pending,provider_rebooked,2027-03-05
COMP000592,BK000169,CUST00020,provider_failure,9085,21940,INR,refund,rejected,alternative_service,2026-12-18
COMP000593,BK000240,CUST00255,payment_failure,10194,19306,INR,credit,pending,alternative_service,2027-02-26
COMP000594,BK000056,CUST00117,partial_booking,20373,5332,INR,voucher,processed,manual_review,2026-11-12
COMP000595,BK000399,CUST00010,cancellation,131618,15408,INR,refund,pending,provider_rebooked,2027-03-13
COMP000596,BK000988,CUST00289,provider_failure,90197,7570,INR,cash_compensation,processed,full_refund,2027-01-19
COMP000597,BK000192,CUST00161,provider_failure,66041,8571,INR,partial_refund,processed,full_refund,2026-10-25
COMP000598,BK000346,CUST00037,payment_failure,134551,15054,INR,credit,rejected,provider_rebooked,2027-01-09
COMP000599,BK000920,CUST00003,service_unavailable,104100,23053,INR,credit,approved,customer_credit,2026-12-02
COMP000600,BK000401,CUST00049,provider_failure,123751,18454,INR,voucher,approved,provider_rebooked,2026-11-15
COMP000601,BK000339,CUST00100,partial_booking,80834,2040,INR,partial_refund,processed,alternative_service,2027-01-14
COMP000602,BK000800,CUST00221,overbooking,132871,6774,INR,refund,approved,provider_rebooked,2027-02-26
COMP000603,BK000099,CUST00079,provider_failure,41055,19626,INR,cash_compensation,rejected,provider_rebooked,2027-02-08
COMP000604,BK000958,CUST00264,cancellation,123302,4852,INR,partial_refund,approved,customer_credit,2026-11-24
COMP000605,BK000554,CUST00288,provider_failure,116443,1307,INR,partial_refund,pending,alternative_service,2027-03-10
COMP000606,BK000318,CUST00260,provider_failure,131755,1935,INR,credit,processed,manual_review,2027-02-24
COMP000607,BK000895,CUST00296,provider_failure,36738,247,INR,credit,approved,provider_rebooked,2026-11-10
COMP000608,BK000800,CUST00045,service_unavailable,18086,15354,INR,partial_refund,pending,full_refund,2027-03-16
COMP000609,BK000991,CUST00288,service_unavailable,123744,4214,INR,cash_compensation,rejected,manual_review,2027-01-21
COMP000610,BK000241,CUST00164,provider_failure,44739,15211,INR,partial_refund,pending,partial_refund,2027-03-24
COMP000611,BK000664,CUST00096,service_unavailable,7569,24687,INR,refund,processed,partial_refund,2026-12-25
COMP000612,BK000382,CUST00190,service_unavailable,115074,1549,INR,partial_refund,pending,full_refund,2026-10-12
COMP000613,BK000269,CUST00108,overbooking,122824,24080,INR,credit,pending,provider_rebooked,2026-10-07
COMP000614,BK000347,CUST00182,overbooking,98602,7366,INR,cash_compensation,rejected,alternative_service,2026-10-04
COMP000615,BK000993,CUST00132,payment_failure,126259,23025,INR,partial_refund,pending,partial_refund,2027-03-30
COMP000616,BK000432,CUST00054,provider_failure,30666,16662,INR,partial_refund,pending,customer_credit,2026-10-22
COMP000617,BK000671,CUST00132,overbooking,133504,23345,INR,voucher,processed,manual_review,2027-02-10
COMP000618,BK000148,CUST00136,cancellation,146469,19988,INR,partial_refund,pending,provider_rebooked,2027-02-20
COMP000619,BK000040,CUST00246,cancellation,91455,23638,INR,cash_compensation,approved,manual_review,2027-02-12
COMP000620,BK000648,CUST00014,payment_failure,93449,2829,INR,voucher,processed,full_refund,2027-01-16
COMP000621,BK000417,CUST00036,service_unavailable,147844,19058,INR,credit,approved,provider_rebooked,2027-02-15
COMP000622,BK000765,CUST00200,partial_booking,129672,1631,INR,cash_compensation,pending,full_refund,2027-01-19
COMP000623,BK000695,CUST00066,payment_failure,53741,9180,INR,partial_refund,rejected,partial_refund,2026-10-29
COMP000624,BK000994,CUST00213,cancellation,62767,342,INR,credit,pending,partial_refund,2026-10-12
COMP000625,BK000335,CUST00219,overbooking,73542,6693,INR,voucher,processed,customer_credit,2027-02-07
COMP000626,BK000922,CUST00097,cancellation,144422,15839,INR,voucher,approved,manual_review,2026-12-26
COMP000627,BK000074,CUST00099,provider_failure,88812,21611,INR,credit,processed,partial_refund,2026-10-13
COMP000628,BK000459,CUST00274,provider_failure,74215,9417,INR,voucher,rejected,alternative_service,2026-10-24
COMP000629,BK000563,CUST00164,service_unavailable,94304,16575,INR,refund,processed,partial_refund,2027-01-21
COMP000630,BK000466,CUST00288,service_unavailable,67645,21850,INR,credit,pending,manual_review,2027-01-12
COMP000631,BK000490,CUST00043,service_unavailable,86336,9496,INR,voucher,rejected,customer_credit,2027-02-18
COMP000632,BK000529,CUST00202,overbooking,142788,11403,INR,voucher,approved,partial_refund,2026-10-30
COMP000633,BK000487,CUST00101,provider_failure,12181,5355,INR,partial_refund,processed,customer_credit,2026-12-25
COMP000634,BK000168,CUST00017,overbooking,59158,7508,INR,refund,processed,customer_credit,2027-02-07
COMP000635,BK000582,CUST00042,provider_failure,112214,15088,INR,voucher,processed,alternative_service,2026-12-12
COMP000636,BK000085,CUST00255,service_unavailable,103213,19568,INR,partial_refund,pending,alternative_service,2026-11-21
COMP000637,BK000554,CUST00048,cancellation,48349,8032,INR,refund,pending,alternative_service,2027-01-25
COMP000638,BK000825,CUST00172,overbooking,115252,11468,INR,cash_compensation,processed,alternative_service,2027-03-13
COMP000639,BK000165,CUST00228,partial_booking,72597,129,INR,voucher,pending,partial_refund,2026-11-09
COMP000640,BK000799,CUST00277,provider_failure,99656,6365,INR,refund,rejected,alternative_service,2027-02-23
COMP000641,BK000683,CUST00018,payment_failure,119432,9342,INR,refund,processed,partial_refund,2027-01-22
COMP000642,BK000492,CUST00018,overbooking,145413,15419,INR,voucher,processed,partial_refund,2026-10-14
COMP000643,BK000637,CUST00040,cancellation,40036,18068,INR,credit,pending,provider_rebooked,2026-11-05
COMP000644,BK000412,CUST00015,partial_booking,19921,24918,INR,partial_refund,processed,manual_review,2027-01-15
COMP000645,BK000398,CUST00017,provider_failure,69238,17110,INR,voucher,rejected,provider_rebooked,2027-01-03
COMP000646,BK000206,CUST00024,partial_booking,71230,10089,INR,voucher,processed,partial_refund,2026-10-28
COMP000647,BK000029,CUST00070,payment_failure,53100,7226,INR,voucher,rejected,alternative_service,2027-02-10
COMP000648,BK000118,CUST00146,payment_failure,44711,15408,INR,partial_refund,pending,provider_rebooked,2026-11-19
COMP000649,BK000393,CUST00079,provider_failure,104057,6976,INR,refund,pending,alternative_service,2027-03-11
COMP000650,BK000900,CUST00233,payment_failure,57606,1930,INR,refund,pending,manual_review,2026-11-29
COMP000651,BK000402,CUST00256,partial_booking,38507,18282,INR,credit,processed,manual_review,2026-12-26
COMP000652,BK000942,CUST00063,service_unavailable,86459,11543,INR,cash_compensation,approved,customer_credit,2027-02-02
COMP000653,BK000925,CUST00186,partial_booking,123168,13771,INR,credit,approved,manual_review,2026-12-17
COMP000654,BK000737,CUST00137,partial_booking,70819,7671,INR,voucher,pending,full_refund,2026-11-05
COMP000655,BK000348,CUST00085,cancellation,560,3937,INR,refund,pending,alternative_service,2027-02-14
COMP000656,BK000133,CUST00039,provider_failure,135131,21436,INR,credit,pending,provider_rebooked,2026-11-05
COMP000657,BK000445,CUST00094,cancellation,93838,8743,INR,partial_refund,rejected,provider_rebooked,2026-12-09
COMP000658,BK000910,CUST00125,partial_booking,136229,18177,INR,partial_refund,processed,manual_review,2026-12-19
COMP000659,BK000413,CUST00166,provider_failure,99595,5515,INR,cash_compensation,pending,customer_credit,2027-02-01
COMP000660,BK000544,CUST00186,service_unavailable,148712,4749,INR,partial_refund,approved,full_refund,2026-11-25
COMP000661,BK000191,CUST00064,service_unavailable,120178,13329,INR,cash_compensation,rejected,manual_review,2026-12-30
COMP000662,BK000122,CUST00187,overbooking,14170,11649,INR,credit,processed,partial_refund,2026-12-03
COMP000663,BK000560,CUST00077,overbooking,53447,8343,INR,partial_refund,pending,manual_review,2026-11-08
COMP000664,BK000120,CUST00230,partial_booking,96903,10660,INR,cash_compensation,pending,manual_review,2027-01-07
COMP000665,BK000824,CUST00044,payment_failure,144935,15782,INR,cash_compensation,processed,customer_credit,2027-01-15
COMP000666,BK000886,CUST00033,cancellation,105809,2377,INR,cash_compensation,pending,customer_credit,2027-02-13
COMP000667,BK000984,CUST00061,service_unavailable,86280,18335,INR,credit,approved,partial_refund,2027-01-27
COMP000668,BK000465,CUST00023,partial_booking,39606,18707,INR,refund,processed,manual_review,2027-01-21
COMP000669,BK000487,CUST00084,cancellation,45918,12754,INR,cash_compensation,processed,partial_refund,2027-01-20
COMP000670,BK000028,CUST00182,service_unavailable,8902,24362,INR,voucher,processed,full_refund,2026-11-03
COMP000671,BK000015,CUST00059,service_unavailable,47771,19744,INR,credit,approved,provider_rebooked,2026-10-04
COMP000672,BK000827,CUST00239,partial_booking,122993,17895,INR,cash_compensation,pending,alternative_service,2027-03-11
COMP000673,BK000102,CUST00167,cancellation,21451,22669,INR,voucher,approved,customer_credit,2027-03-19
COMP000674,BK000372,CUST00202,partial_booking,113641,14364,INR,partial_refund,pending,customer_credit,2026-11-27
COMP000675,BK000955,CUST00192,cancellation,128495,5551,INR,partial_refund,approved,alternative_service,2027-01-31
COMP000676,BK000906,CUST00082,payment_failure,132545,2251,INR,refund,processed,full_refund,2026-10-19
COMP000677,BK000034,CUST00195,overbooking,99789,5498,INR,partial_refund,rejected,full_refund,2027-02-25
COMP000678,BK000400,CUST00278,provider_failure,36506,4697,INR,credit,pending,alternative_service,2026-12-28
COMP000679,BK000119,CUST00225,partial_booking,127678,24729,INR,credit,pending,provider_rebooked,2027-02-13
COMP000680,BK000224,CUST00056,provider_failure,55608,13328,INR,voucher,rejected,provider_rebooked,2026-10-02
COMP000681,BK000723,CUST00109,cancellation,93874,8420,INR,refund,approved,provider_rebooked,2026-11-28
COMP000682,BK000370,CUST00258,payment_failure,143241,13883,INR,partial_refund,pending,alternative_service,2026-11-13
COMP000683,BK000520,CUST00107,service_unavailable,149474,3119,INR,partial_refund,rejected,customer_credit,2027-02-05
COMP000684,BK000938,CUST00047,provider_failure,67062,10659,INR,partial_refund,pending,manual_review,2026-11-15
COMP000685,BK000181,CUST00033,cancellation,22673,22795,INR,credit,processed,full_refund,2026-12-14
COMP000686,BK000238,CUST00054,service_unavailable,117141,1850,INR,voucher,processed,provider_rebooked,2027-03-02
COMP000687,BK000911,CUST00062,partial_booking,35135,17170,INR,refund,pending,provider_rebooked,2026-10-24
COMP000688,BK000717,CUST00183,service_unavailable,42453,17025,INR,cash_compensation,processed,customer_credit,2027-03-30
COMP000689,BK000783,CUST00021,payment_failure,48914,8614,INR,refund,approved,partial_refund,2026-11-28
COMP000690,BK000904,CUST00027,partial_booking,93952,10437,INR,voucher,approved,manual_review,2027-02-18
COMP000691,BK000383,CUST00213,partial_booking,138493,8607,INR,refund,approved,manual_review,2027-02-25
COMP000692,BK000751,CUST00056,cancellation,84981,7454,INR,partial_refund,processed,customer_credit,2027-03-02
COMP000693,BK000293,CUST00091,overbooking,59785,9021,INR,credit,pending,alternative_service,2027-01-08
COMP000694,BK000700,CUST00041,service_unavailable,142930,21869,INR,refund,processed,full_refund,2026-11-08
COMP000695,BK000072,CUST00025,overbooking,146375,7753,INR,voucher,rejected,full_refund,2027-01-08
COMP000696,BK000178,CUST00131,partial_booking,60777,19273,INR,credit,approved,manual_review,2027-03-19
COMP000697,BK000548,CUST00300,service_unavailable,60187,11030,INR,partial_refund,pending,provider_rebooked,2027-03-22
COMP000698,BK000640,CUST00273,overbooking,87777,23977,INR,credit,approved,alternative_service,2027-02-18
COMP000699,BK000594,CUST00045,payment_failure,132890,15172,INR,voucher,approved,alternative_service,2027-03-14
COMP000700,BK000382,CUST00029,overbooking,77212,5248,INR,partial_refund,processed,alternative_service,2026-12-11
COMP000701,BK000437,CUST00019,overbooking,101747,11143,INR,credit,rejected,provider_rebooked,2026-10-14
COMP000702,BK000345,CUST00021,payment_failure,109939,11874,INR,voucher,pending,provider_rebooked,2027-02-03
COMP000703,BK000056,CUST00002,service_unavailable,79802,1236,INR,refund,pending,provider_rebooked,2026-10-20
COMP000704,BK000850,CUST00179,service_unavailable,79263,18532,INR,refund,rejected,alternative_service,2027-02-19
COMP000705,BK000645,CUST00210,partial_booking,87614,17219,INR,refund,approved,provider_rebooked,2026-10-22
COMP000706,BK000344,CUST00011,overbooking,10318,17170,INR,credit,processed,alternative_service,2027-03-30
COMP000707,BK000112,CUST00165,provider_failure,44987,5976,INR,credit,pending,partial_refund,2026-11-16
COMP000708,BK000273,CUST00164,cancellation,75832,4775,INR,credit,rejected,provider_rebooked,2027-01-18
COMP000709,BK000967,CUST00252,service_unavailable,109715,17138,INR,refund,approved,provider_rebooked,2027-01-04
COMP000710,BK000730,CUST00259,cancellation,116706,11116,INR,credit,approved,alternative_service,2026-10-02
COMP000711,BK000062,CUST00031,service_unavailable,94111,5421,INR,refund,pending,alternative_service,2027-03-27
COMP000712,BK000487,CUST00040,service_unavailable,142707,21388,INR,voucher,pending,provider_rebooked,2027-01-29
COMP000713,BK000566,CUST00030,overbooking,99139,1579,INR,voucher,processed,provider_rebooked,2026-12-16
COMP000714,BK000609,CUST00024,provider_failure,63539,11976,INR,refund,approved,provider_rebooked,2026-12-24
COMP000715,BK000255,CUST00086,payment_failure,125776,15587,INR,partial_refund,approved,alternative_service,2026-10-16
COMP000716,BK000468,CUST00250,payment_failure,71232,20209,INR,credit,approved,provider_rebooked,2026-12-31
COMP000717,BK000938,CUST00291,provider_failure,144755,9675,INR,partial_refund,approved,provider_rebooked,2026-11-21
COMP000718,BK000242,CUST00031,provider_failure,27426,8282,INR,refund,pending,customer_credit,2027-03-11
COMP000719,BK000467,CUST00227,partial_booking,69269,3266,INR,refund,rejected,provider_rebooked,2026-11-29
COMP000720,BK000276,CUST00160,partial_booking,18959,7537,INR,cash_compensation,processed,alternative_service,2027-01-27
COMP000721,BK000974,CUST00155,service_unavailable,55678,18127,INR,credit,pending,full_refund,2026-12-28
COMP000722,BK000313,CUST00087,payment_failure,24417,20906,INR,credit,processed,customer_credit,2026-11-02
COMP000723,BK000020,CUST00022,provider_failure,45166,5136,INR,voucher,processed,alternative_service,2026-10-04
COMP000724,BK000074,CUST00018,overbooking,121113,9867,INR,voucher,pending,provider_rebooked,2027-03-19
COMP000725,BK000317,CUST00082,payment_failure,147953,5268,INR,credit,approved,provider_rebooked,2027-03-06
COMP000726,BK000020,CUST00089,provider_failure,48977,12478,INR,refund,pending,full_refund,2026-11-27
COMP000727,BK000829,CUST00272,payment_failure,115918,23554,INR,refund,pending,manual_review,2027-01-04
COMP000728,BK000264,CUST00152,service_unavailable,76878,12421,INR,partial_refund,pending,alternative_service,2026-11-26
COMP000729,BK000187,CUST00282,service_unavailable,78977,15052,INR,credit,processed,manual_review,2026-11-27
COMP000730,BK000470,CUST00161,cancellation,33046,1114,INR,voucher,rejected,customer_credit,2027-02-02
COMP000731,BK000442,CUST00248,cancellation,53486,24882,INR,cash_compensation,pending,full_refund,2026-10-27
COMP000732,BK000896,CUST00124,payment_failure,13046,9343,INR,credit,pending,provider_rebooked,2026-11-29
COMP000733,BK000589,CUST00252,payment_failure,816,9009,INR,voucher,pending,manual_review,2027-01-09
COMP000734,BK000142,CUST00019,overbooking,118173,2160,INR,voucher,rejected,alternative_service,2026-10-30
COMP000735,BK000180,CUST00111,payment_failure,22547,14247,INR,credit,pending,customer_credit,2026-11-12
COMP000736,BK000978,CUST00101,payment_failure,100058,3186,INR,partial_refund,processed,partial_refund,2026-12-29
COMP000737,BK000385,CUST00007,partial_booking,26181,18865,INR,partial_refund,rejected,provider_rebooked,2026-10-04
COMP000738,BK000145,CUST00116,service_unavailable,117725,3993,INR,cash_compensation,rejected,provider_rebooked,2027-01-11
COMP000739,BK000112,CUST00266,service_unavailable,139716,18675,INR,cash_compensation,processed,partial_refund,2026-11-17
COMP000740,BK000101,CUST00026,cancellation,125202,18009,INR,refund,approved,alternative_service,2027-01-12
COMP000741,BK000384,CUST00207,cancellation,116742,22246,INR,credit,approved,partial_refund,2026-10-07
COMP000742,BK000951,CUST00059,overbooking,20343,107,INR,partial_refund,processed,partial_refund,2026-12-15
COMP000743,BK000401,CUST00112,cancellation,120798,7108,INR,refund,pending,customer_credit,2026-12-29
COMP000744,BK000447,CUST00256,cancellation,112831,8184,INR,credit,pending,alternative_service,2026-10-04
COMP000745,BK000983,CUST00039,provider_failure,146042,6695,INR,credit,approved,manual_review,2027-01-08
COMP000746,BK000556,CUST00146,payment_failure,140983,8620,INR,partial_refund,approved,partial_refund,2027-01-12
COMP000747,BK000562,CUST00188,payment_failure,60701,15549,INR,cash_compensation,rejected,alternative_service,2027-01-31
COMP000748,BK000950,CUST00263,partial_booking,33790,13203,INR,voucher,rejected,customer_credit,2026-12-11
COMP000749,BK000234,CUST00176,cancellation,65303,10021,INR,voucher,processed,alternative_service,2026-10-22
COMP000750,BK000292,CUST00181,service_unavailable,38188,23423,INR,credit,processed,customer_credit,2027-02-08
COMP000751,BK000245,CUST00154,service_unavailable,134333,24951,INR,refund,rejected,customer_credit,2027-02-14
COMP000752,BK000829,CUST00146,partial_booking,62558,16983,INR,cash_compensation,processed,manual_review,2026-11-30
COMP000753,BK000812,CUST00218,partial_booking,36689,23404,INR,credit,processed,manual_review,2026-11-08
COMP000754,BK000450,CUST00161,provider_failure,79584,11342,INR,credit,rejected,partial_refund,2026-11-06
COMP000755,BK000796,CUST00191,partial_booking,51657,24063,INR,refund,pending,manual_review,2026-11-28
COMP000756,BK000543,CUST00250,overbooking,138364,10245,INR,voucher,rejected,provider_rebooked,2027-02-12
COMP000757,BK000969,CUST00278,provider_failure,107061,10671,INR,credit,approved,full_refund,2026-12-26
COMP000758,BK000310,CUST00057,partial_booking,48502,8972,INR,credit,approved,provider_rebooked,2027-02-18
COMP000759,BK000472,CUST00029,partial_booking,125849,17467,INR,cash_compensation,pending,provider_rebooked,2026-10-05
COMP000760,BK000304,CUST00289,overbooking,96331,3652,INR,refund,approved,alternative_service,2027-03-25
COMP000761,BK000237,CUST00025,payment_failure,31497,7856,INR,voucher,rejected,full_refund,2027-02-04
COMP000762,BK000519,CUST00162,provider_failure,127274,2679,INR,cash_compensation,rejected,partial_refund,2027-02-23
COMP000763,BK000489,CUST00172,service_unavailable,96777,1662,INR,refund,processed,alternative_service,2027-02-18
COMP000764,BK000606,CUST00289,provider_failure,107590,15434,INR,partial_refund,pending,alternative_service,2026-12-11
COMP000765,BK000382,CUST00082,partial_booking,6900,15259,INR,partial_refund,approved,full_refund,2027-01-18
COMP000766,BK000910,CUST00066,payment_failure,60736,12120,INR,voucher,rejected,alternative_service,2026-10-06
COMP000767,BK000921,CUST00271,service_unavailable,28829,21897,INR,credit,pending,partial_refund,2027-02-13
COMP000768,BK000512,CUST00259,provider_failure,40962,3898,INR,credit,approved,alternative_service,2027-03-10
COMP000769,BK000142,CUST00229,provider_failure,19910,16102,INR,credit,pending,full_refund,2027-01-14
COMP000770,BK000389,CUST00149,provider_failure,21170,6957,INR,credit,approved,partial_refund,2027-03-14
COMP000771,BK000753,CUST00035,overbooking,45327,18057,INR,cash_compensation,rejected,partial_refund,2026-10-21
COMP000772,BK000239,CUST00258,provider_failure,134593,20562,INR,credit,approved,full_refund,2026-10-10
COMP000773,BK000659,CUST00020,overbooking,121724,18967,INR,cash_compensation,rejected,partial_refund,2026-11-23
COMP000774,BK000628,CUST00166,service_unavailable,139531,18386,INR,cash_compensation,processed,alternative_service,2027-03-17
COMP000775,BK000052,CUST00028,overbooking,77836,15669,INR,credit,rejected,manual_review,2026-12-09
COMP000776,BK000482,CUST00076,partial_booking,118388,12440,INR,credit,processed,alternative_service,2026-12-21
COMP000777,BK000312,CUST00254,cancellation,61067,22669,INR,partial_refund,approved,manual_review,2027-02-10
COMP000778,BK000777,CUST00122,payment_failure,59473,11200,INR,partial_refund,pending,customer_credit,2027-03-30
COMP000779,BK000839,CUST00170,cancellation,121441,15427,INR,refund,pending,full_refund,2027-01-10
COMP000780,BK000363,CUST00095,service_unavailable,10205,22153,INR,credit,rejected,partial_refund,2026-10-03
COMP000781,BK000619,CUST00211,provider_failure,78538,10876,INR,refund,processed,customer_credit,2026-12-10
COMP000782,BK000802,CUST00261,payment_failure,106378,21519,INR,cash_compensation,rejected,manual_review,2026-12-24
COMP000783,BK000466,CUST00051,partial_booking,112540,10656,INR,partial_refund,processed,provider_rebooked,2026-12-20
COMP000784,BK000129,CUST00093,cancellation,110727,16383,INR,cash_compensation,rejected,manual_review,2026-12-08
COMP000785,BK000940,CUST00299,overbooking,63546,21905,INR,partial_refund,approved,customer_credit,2027-03-13
COMP000786,BK000407,CUST00269,provider_failure,85512,23285,INR,credit,approved,alternative_service,2027-01-13
COMP000787,BK000285,CUST00299,provider_failure,102358,5203,INR,refund,processed,alternative_service,2026-12-07
COMP000788,BK000221,CUST00255,provider_failure,49068,20154,INR,credit,rejected,partial_refund,2027-01-23
COMP000789,BK000246,CUST00170,partial_booking,19423,9180,INR,partial_refund,approved,partial_refund,2026-12-19
COMP000790,BK000669,CUST00139,cancellation,20511,10828,INR,voucher,rejected,customer_credit,2027-01-16
COMP000791,BK000467,CUST00122,service_unavailable,89947,11655,INR,refund,pending,full_refund,2027-02-07
COMP000792,BK000888,CUST00130,overbooking,114104,1965,INR,refund,pending,customer_credit,2027-03-15
COMP000793,BK000555,CUST00017,service_unavailable,28855,14073,INR,partial_refund,pending,alternative_service,2027-01-11
COMP000794,BK000871,CUST00070,provider_failure,79566,21589,INR,partial_refund,approved,alternative_service,2027-01-08
COMP000795,BK000122,CUST00077,cancellation,116227,21834,INR,refund,pending,full_refund,2026-10-14
COMP000796,BK000375,CUST00133,partial_booking,128664,14495,INR,partial_refund,processed,full_refund,2027-01-07
COMP000797,BK000673,CUST00141,payment_failure,81048,15949,INR,voucher,processed,full_refund,2026-11-17
COMP000798,BK000235,CUST00154,payment_failure,17932,24587,INR,voucher,pending,provider_rebooked,2026-11-22
COMP000799,BK000462,CUST00269,payment_failure,60491,9899,INR,partial_refund,approved,customer_credit,2026-11-16
COMP000800,BK000477,CUST00149,payment_failure,124169,17214,INR,refund,rejected,full_refund,2027-03-23
COMP000801,BK000543,CUST00127,partial_booking,134735,21185,INR,cash_compensation,approved,full_refund,2026-11-20
COMP000802,BK000745,CUST00206,partial_booking,20773,23728,INR,voucher,pending,full_refund,2027-02-23
COMP000803,BK000150,CUST00199,cancellation,17763,6723,INR,credit,pending,full_refund,2027-02-17
COMP000804,BK000664,CUST00054,overbooking,60241,22268,INR,refund,processed,manual_review,2027-02-21
COMP000805,BK000690,CUST00181,partial_booking,98668,12016,INR,credit,processed,alternative_service,2027-03-05
COMP000806,BK000226,CUST00268,service_unavailable,67997,9513,INR,refund,pending,provider_rebooked,2027-03-27
COMP000807,BK000958,CUST00003,cancellation,96353,11073,INR,voucher,approved,alternative_service,2026-11-18
COMP000808,BK000480,CUST00110,service_unavailable,31092,496,INR,voucher,processed,partial_refund,2027-02-28
COMP000809,BK000387,CUST00213,service_unavailable,11281,16854,INR,refund,rejected,partial_refund,2026-10-23
COMP000810,BK000842,CUST00167,partial_booking,92716,5530,INR,refund,rejected,partial_refund,2027-03-01
COMP000811,BK000386,CUST00299,partial_booking,48797,13909,INR,voucher,approved,partial_refund,2026-11-07
COMP000812,BK000521,CUST00265,provider_failure,132771,14995,INR,refund,approved,full_refund,2026-12-14
COMP000813,BK000246,CUST00052,provider_failure,86466,17930,INR,credit,processed,partial_refund,2026-10-13
COMP000814,BK000565,CUST00258,overbooking,98238,18805,INR,partial_refund,approved,manual_review,2026-11-03
COMP000815,BK000864,CUST00023,provider_failure,100303,9152,INR,cash_compensation,pending,full_refund,2027-02-25
COMP000816,BK000094,CUST00135,cancellation,88594,2274,INR,cash_compensation,approved,manual_review,2026-11-17
COMP000817,BK000369,CUST00193,provider_failure,63105,14876,INR,cash_compensation,approved,provider_rebooked,2026-10-02
COMP000818,BK000469,CUST00125,partial_booking,11337,11436,INR,refund,processed,partial_refund,2027-01-30
COMP000819,BK000473,CUST00040,overbooking,5923,20418,INR,partial_refund,processed,alternative_service,2027-03-26
COMP000820,BK000486,CUST00266,provider_failure,4677,14420,INR,partial_refund,approved,manual_review,2026-10-04
COMP000821,BK000789,CUST00055,partial_booking,51700,17966,INR,voucher,approved,alternative_service,2027-03-09
COMP000822,BK000241,CUST00050,cancellation,111991,11051,INR,refund,approved,customer_credit,2026-10-20
COMP000823,BK000795,CUST00293,cancellation,51611,16523,INR,cash_compensation,pending,provider_rebooked,2027-03-16
COMP000824,BK000784,CUST00260,cancellation,46149,4497,INR,credit,rejected,partial_refund,2026-10-09
COMP000825,BK000550,CUST00154,overbooking,60064,2383,INR,refund,rejected,customer_credit,2027-03-22
COMP000826,BK000706,CUST00064,overbooking,122661,12964,INR,cash_compensation,processed,partial_refund,2026-11-19
COMP000827,BK000878,CUST00116,partial_booking,54888,10480,INR,partial_refund,pending,manual_review,2027-02-09
COMP000828,BK000792,CUST00143,provider_failure,10847,511,INR,partial_refund,processed,alternative_service,2027-03-20
COMP000829,BK000754,CUST00047,partial_booking,42421,8425,INR,cash_compensation,pending,provider_rebooked,2027-03-29
COMP000830,BK000056,CUST00077,service_unavailable,11463,24617,INR,refund,processed,customer_credit,2026-11-09
COMP000831,BK000374,CUST00275,payment_failure,82168,20848,INR,voucher,rejected,provider_rebooked,2026-10-10
COMP000832,BK000211,CUST00125,provider_failure,13298,13358,INR,cash_compensation,pending,manual_review,2026-10-02
COMP000833,BK000133,CUST00288,overbooking,104130,12731,INR,voucher,processed,provider_rebooked,2026-11-25
COMP000834,BK000414,CUST00003,provider_failure,17508,4828,INR,cash_compensation,processed,alternative_service,2027-02-01
COMP000835,BK000757,CUST00296,provider_failure,127531,22798,INR,refund,approved,customer_credit,2027-03-19
COMP000836,BK000864,CUST00212,partial_booking,61742,20374,INR,credit,pending,provider_rebooked,2027-01-26
COMP000837,BK000483,CUST00029,partial_booking,53614,2818,INR,voucher,rejected,customer_credit,2026-11-16
COMP000838,BK000042,CUST00171,payment_failure,18312,7239,INR,refund,approved,partial_refund,2027-03-20
COMP000839,BK000665,CUST00147,payment_failure,67037,24279,INR,voucher,processed,partial_refund,2026-11-29
COMP000840,BK000189,CUST00162,service_unavailable,32141,5670,INR,cash_compensation,pending,full_refund,2027-02-22
COMP000841,BK000299,CUST00196,partial_booking,144543,23959,INR,credit,processed,alternative_service,2027-01-05
COMP000842,BK000458,CUST00294,overbooking,59761,11201,INR,credit,approved,provider_rebooked,2027-03-30
COMP000843,BK000541,CUST00126,cancellation,138008,21722,INR,partial_refund,approved,partial_refund,2026-10-14
COMP000844,BK000534,CUST00151,payment_failure,109285,4507,INR,cash_compensation,approved,full_refund,2026-11-23
COMP000845,BK000841,CUST00019,service_unavailable,1382,24582,INR,voucher,processed,customer_credit,2026-12-25
COMP000846,BK000440,CUST00200,partial_booking,83062,6100,INR,partial_refund,pending,customer_credit,2027-01-13
COMP000847,BK000534,CUST00294,cancellation,78423,2677,INR,refund,rejected,full_refund,2027-01-08
COMP000848,BK000954,CUST00076,cancellation,57629,20064,INR,refund,pending,full_refund,2026-12-08
COMP000849,BK000573,CUST00172,provider_failure,106649,19193,INR,voucher,pending,full_refund,2026-10-04
COMP000850,BK000806,CUST00042,payment_failure,22610,10980,INR,partial_refund,processed,alternative_service,2027-01-20
COMP000851,BK000657,CUST00261,cancellation,77537,21851,INR,voucher,processed,partial_refund,2027-03-22
COMP000852,BK000980,CUST00133,overbooking,148445,20681,INR,refund,rejected,full_refund,2026-10-24
COMP000853,BK000065,CUST00231,overbooking,58718,16796,INR,credit,approved,partial_refund,2026-12-28
COMP000854,BK000441,CUST00213,provider_failure,50975,19325,INR,voucher,pending,provider_rebooked,2027-03-11
COMP000855,BK000547,CUST00152,cancellation,130777,14798,INR,refund,rejected,customer_credit,2026-11-15
COMP000856,BK000858,CUST00088,partial_booking,47498,1276,INR,voucher,rejected,partial_refund,2026-12-18
COMP000857,BK000015,CUST00111,partial_booking,51775,4113,INR,cash_compensation,rejected,partial_refund,2027-03-12
COMP000858,BK000294,CUST00147,payment_failure,56751,1834,INR,refund,processed,partial_refund,2026-12-17
COMP000859,BK000720,CUST00131,provider_failure,126989,10464,INR,credit,approved,alternative_service,2027-01-08
COMP000860,BK000288,CUST00008,service_unavailable,59268,24601,INR,voucher,approved,alternative_service,2026-12-06
COMP000861,BK000405,CUST00060,overbooking,50663,15112,INR,cash_compensation,processed,partial_refund,2026-10-15
COMP000862,BK000322,CUST00162,cancellation,77513,441,INR,credit,pending,alternative_service,2026-11-15
COMP000863,BK000584,CUST00277,overbooking,42652,17469,INR,voucher,processed,full_refund,2026-10-27
COMP000864,BK000608,CUST00138,payment_failure,51024,11790,INR,voucher,processed,manual_review,2027-02-20
COMP000865,BK000256,CUST00207,overbooking,109688,6987,INR,voucher,rejected,provider_rebooked,2027-02-26
COMP000866,BK000956,CUST00040,partial_booking,68805,765,INR,cash_compensation,rejected,alternative_service,2026-12-27
COMP000867,BK000222,CUST00211,partial_booking,142471,19629,INR,voucher,processed,full_refund,2027-01-03
COMP000868,BK000636,CUST00105,payment_failure,103511,9457,INR,refund,pending,provider_rebooked,2027-03-05
COMP000869,BK000570,CUST00262,provider_failure,23813,13893,INR,credit,pending,customer_credit,2026-10-01
COMP000870,BK000335,CUST00287,provider_failure,99946,4606,INR,refund,pending,partial_refund,2027-01-25
COMP000871,BK000467,CUST00291,overbooking,99908,20345,INR,partial_refund,approved,manual_review,2027-01-21
COMP000872,BK000681,CUST00124,service_unavailable,544,1266,INR,voucher,rejected,partial_refund,2027-02-24
COMP000873,BK000210,CUST00025,cancellation,143240,12475,INR,refund,approved,provider_rebooked,2026-12-15
COMP000874,BK000390,CUST00077,provider_failure,59299,24270,INR,credit,approved,alternative_service,2026-12-01
COMP000875,BK000282,CUST00085,overbooking,20071,14237,INR,refund,rejected,alternative_service,2026-12-11
COMP000876,BK000078,CUST00027,provider_failure,96516,1527,INR,partial_refund,pending,manual_review,2026-11-01
COMP000877,BK000006,CUST00065,payment_failure,104495,14415,INR,voucher,rejected,provider_rebooked,2026-11-25
COMP000878,BK000644,CUST00090,payment_failure,98758,9206,INR,cash_compensation,approved,provider_rebooked,2027-02-08
COMP000879,BK000821,CUST00189,payment_failure,148426,7901,INR,credit,approved,customer_credit,2027-01-09
COMP000880,BK000185,CUST00222,service_unavailable,44491,6380,INR,credit,processed,manual_review,2027-03-19
COMP000881,BK000559,CUST00087,partial_booking,146139,2918,INR,voucher,pending,provider_rebooked,2027-02-05
COMP000882,BK000224,CUST00168,service_unavailable,7552,19658,INR,credit,rejected,full_refund,2027-01-02
COMP000883,BK000988,CUST00103,partial_booking,104226,10913,INR,credit,rejected,manual_review,2026-11-12
COMP000884,BK000032,CUST00231,provider_failure,47692,13291,INR,refund,processed,customer_credit,2026-12-02
COMP000885,BK000249,CUST00109,partial_booking,140508,7164,INR,refund,processed,alternative_service,2027-03-13
COMP000886,BK000892,CUST00051,partial_booking,52692,12213,INR,cash_compensation,processed,manual_review,2026-11-09
COMP000887,BK000707,CUST00214,cancellation,138268,5186,INR,voucher,approved,customer_credit,2026-12-12
COMP000888,BK000306,CUST00283,partial_booking,7323,9065,INR,refund,pending,customer_credit,2026-12-07
COMP000889,BK000152,CUST00074,payment_failure,16603,20931,INR,voucher,pending,partial_refund,2027-01-24
COMP000890,BK000068,CUST00155,overbooking,136645,20730,INR,refund,rejected,alternative_service,2026-12-14
COMP000891,BK000597,CUST00133,service_unavailable,121642,9370,INR,credit,approved,alternative_service,2027-02-01
COMP000892,BK000286,CUST00170,service_unavailable,11721,21543,INR,refund,rejected,provider_rebooked,2026-12-27
COMP000893,BK000548,CUST00101,service_unavailable,94314,4042,INR,cash_compensation,rejected,partial_refund,2026-11-28
COMP000894,BK000735,CUST00213,payment_failure,14762,24143,INR,partial_refund,approved,provider_rebooked,2027-01-18
COMP000895,BK000966,CUST00103,payment_failure,47994,24595,INR,refund,rejected,full_refund,2027-03-17
COMP000896,BK000413,CUST00061,overbooking,111560,17950,INR,credit,approved,full_refund,2027-03-11
COMP000897,BK000892,CUST00038,partial_booking,99264,19435,INR,voucher,approved,full_refund,2026-12-30
COMP000898,BK000932,CUST00198,overbooking,139646,9274,INR,partial_refund,approved,manual_review,2027-01-08
COMP000899,BK000237,CUST00194,service_unavailable,38326,16249,INR,refund,approved,customer_credit,2026-11-27
COMP000900,BK000518,CUST00149,partial_booking,8465,6116,INR,voucher,pending,customer_credit,2027-03-25
COMP000901,BK000780,CUST00097,service_unavailable,147322,11222,INR,cash_compensation,pending,alternative_service,2026-12-24
COMP000902,BK000389,CUST00003,payment_failure,135356,23925,INR,credit,processed,alternative_service,2026-12-17
COMP000903,BK000894,CUST00289,service_unavailable,98047,24943,INR,credit,rejected,manual_review,2027-03-12
COMP000904,BK000733,CUST00251,cancellation,88804,11049,INR,cash_compensation,pending,full_refund,2026-12-11
COMP000905,BK000687,CUST00269,service_unavailable,118443,730,INR,voucher,processed,provider_rebooked,2027-03-27
COMP000906,BK000340,CUST00094,payment_failure,58176,24872,INR,voucher,pending,provider_rebooked,2026-11-12
COMP000907,BK000516,CUST00003,payment_failure,47099,3208,INR,cash_compensation,approved,provider_rebooked,2027-01-26
COMP000908,BK000476,CUST00120,overbooking,142019,10097,INR,cash_compensation,pending,customer_credit,2027-01-22
COMP000909,BK000394,CUST00274,payment_failure,86612,4170,INR,refund,pending,full_refund,2027-01-31
COMP000910,BK000641,CUST00068,partial_booking,137698,11472,INR,partial_refund,pending,alternative_service,2026-11-16
COMP000911,BK000835,CUST00235,payment_failure,131319,4980,INR,partial_refund,processed,partial_refund,2026-10-19
COMP000912,BK000576,CUST00010,partial_booking,2065,4255,INR,refund,approved,full_refund,2027-01-30
COMP000913,BK000422,CUST00196,cancellation,3088,6240,INR,cash_compensation,processed,customer_credit,2026-12-09
COMP000914,BK000673,CUST00254,cancellation,109539,21199,INR,partial_refund,processed,provider_rebooked,2026-11-21
COMP000915,BK000633,CUST00007,provider_failure,96978,19474,INR,cash_compensation,processed,provider_rebooked,2027-01-23
COMP000916,BK000863,CUST00006,provider_failure,34495,24669,INR,voucher,pending,alternative_service,2026-11-18
COMP000917,BK000863,CUST00295,overbooking,23829,11141,INR,cash_compensation,pending,provider_rebooked,2027-02-27
COMP000918,BK000063,CUST00268,payment_failure,2099,14105,INR,cash_compensation,pending,manual_review,2026-11-18
COMP000919,BK000285,CUST00269,payment_failure,110443,22432,INR,cash_compensation,approved,manual_review,2026-11-29
COMP000920,BK000215,CUST00276,service_unavailable,48801,19664,INR,cash_compensation,approved,provider_rebooked,2026-11-28
COMP000921,BK001000,CUST00242,provider_failure,143113,13224,INR,credit,approved,manual_review,2026-12-30
COMP000922,BK000222,CUST00289,cancellation,87926,22207,INR,credit,processed,alternative_service,2026-10-10
COMP000923,BK000915,CUST00025,overbooking,121815,8180,INR,cash_compensation,pending,manual_review,2026-12-19
COMP000924,BK000606,CUST00153,provider_failure,10438,15716,INR,credit,processed,full_refund,2026-10-28
COMP000925,BK000511,CUST00216,payment_failure,39927,11048,INR,voucher,processed,partial_refund,2027-02-26
COMP000926,BK000543,CUST00051,provider_failure,6399,1504,INR,partial_refund,rejected,customer_credit,2026-12-27
COMP000927,BK000993,CUST00261,partial_booking,66368,8067,INR,cash_compensation,processed,full_refund,2026-10-17
COMP000928,BK000103,CUST00118,cancellation,8910,19003,INR,voucher,pending,manual_review,2027-03-17
COMP000929,BK000867,CUST00178,cancellation,69817,20342,INR,voucher,pending,provider_rebooked,2026-12-05
COMP000930,BK000523,CUST00214,provider_failure,97864,9722,INR,voucher,approved,customer_credit,2027-02-08
COMP000931,BK000680,CUST00166,overbooking,65877,16597,INR,credit,pending,full_refund,2026-11-22
COMP000932,BK000551,CUST00227,provider_failure,94936,15026,INR,voucher,approved,full_refund,2027-02-07
COMP000933,BK000561,CUST00015,service_unavailable,32016,15133,INR,voucher,processed,provider_rebooked,2026-11-12
COMP000934,BK000237,CUST00127,provider_failure,6705,16777,INR,voucher,pending,provider_rebooked,2027-02-20
COMP000935,BK000086,CUST00065,overbooking,46625,17912,INR,refund,rejected,alternative_service,2026-10-31
COMP000936,BK000022,CUST00131,provider_failure,16587,7360,INR,partial_refund,rejected,full_refund,2026-12-01
COMP000937,BK000480,CUST00020,partial_booking,79292,6471,INR,credit,processed,customer_credit,2026-11-21
COMP000938,BK000921,CUST00203,overbooking,125428,3424,INR,partial_refund,pending,provider_rebooked,2026-10-31
COMP000939,BK000261,CUST00276,payment_failure,102945,5625,INR,partial_refund,approved,manual_review,2027-01-23
COMP000940,BK000315,CUST00288,service_unavailable,91450,2524,INR,voucher,rejected,alternative_service,2026-11-12
COMP000941,BK000497,CUST00132,cancellation,22764,22902,INR,cash_compensation,approved,provider_rebooked,2027-03-13
COMP000942,BK000961,CUST00103,provider_failure,80765,15653,INR,partial_refund,approved,partial_refund,2026-12-08
COMP000943,BK000742,CUST00081,cancellation,44323,21166,INR,voucher,processed,partial_refund,2026-10-31
COMP000944,BK000908,CUST00089,overbooking,112654,10384,INR,refund,pending,alternative_service,2027-02-08
COMP000945,BK000765,CUST00124,cancellation,113488,20175,INR,partial_refund,processed,partial_refund,2026-11-23
COMP000946,BK000645,CUST00159,provider_failure,122328,16594,INR,voucher,pending,alternative_service,2027-01-23
COMP000947,BK000407,CUST00295,service_unavailable,92717,910,INR,partial_refund,processed,provider_rebooked,2026-12-17
COMP000948,BK000740,CUST00077,provider_failure,137621,4275,INR,voucher,rejected,manual_review,2027-01-01
COMP000949,BK000941,CUST00233,service_unavailable,15258,23818,INR,partial_refund,rejected,alternative_service,2027-01-19
COMP000950,BK000267,CUST00241,payment_failure,26854,16398,INR,refund,rejected,alternative_service,2026-12-29
COMP000951,BK000078,CUST00290,overbooking,80701,9921,INR,credit,approved,customer_credit,2027-01-04
COMP000952,BK000828,CUST00010,cancellation,92204,6296,INR,partial_refund,processed,full_refund,2026-12-06
COMP000953,BK000813,CUST00064,partial_booking,104341,10968,INR,refund,processed,full_refund,2027-02-21
COMP000954,BK000180,CUST00012,service_unavailable,141150,6444,INR,cash_compensation,approved,customer_credit,2027-02-16
COMP000955,BK000666,CUST00057,payment_failure,74252,14249,INR,refund,pending,full_refund,2027-03-21
COMP000956,BK000817,CUST00220,service_unavailable,73976,8429,INR,credit,processed,manual_review,2027-03-28
COMP000957,BK000542,CUST00045,payment_failure,39227,22845,INR,partial_refund,approved,full_refund,2027-01-18
COMP000958,BK000924,CUST00017,provider_failure,78343,22849,INR,voucher,pending,customer_credit,2027-01-25
COMP000959,BK000912,CUST00122,overbooking,127822,24130,INR,cash_compensation,rejected,manual_review,2027-01-05
COMP000960,BK000511,CUST00203,payment_failure,3727,3756,INR,partial_refund,approved,full_refund,2026-10-28
COMP000961,BK000431,CUST00059,payment_failure,75819,3797,INR,refund,processed,full_refund,2026-12-20
COMP000962,BK000744,CUST00159,overbooking,80647,1430,INR,refund,processed,partial_refund,2026-12-26
COMP000963,BK000333,CUST00214,provider_failure,41316,22695,INR,credit,rejected,partial_refund,2027-02-23
COMP000964,BK000550,CUST00286,service_unavailable,48831,17236,INR,credit,processed,alternative_service,2026-10-19
COMP000965,BK000330,CUST00182,service_unavailable,79014,5447,INR,credit,approved,partial_refund,2027-03-21
COMP000966,BK000614,CUST00237,overbooking,140391,23465,INR,partial_refund,processed,full_refund,2027-02-17
COMP000967,BK000104,CUST00120,service_unavailable,110880,9365,INR,refund,pending,provider_rebooked,2026-10-14
COMP000968,BK000941,CUST00004,partial_booking,20076,527,INR,partial_refund,pending,customer_credit,2026-10-04
COMP000969,BK000264,CUST00148,cancellation,99390,9080,INR,partial_refund,rejected,provider_rebooked,2026-10-28
COMP000970,BK000526,CUST00286,overbooking,103246,12523,INR,voucher,processed,alternative_service,2026-10-20
COMP000971,BK000691,CUST00022,overbooking,15726,20994,INR,refund,processed,alternative_service,2026-10-27
COMP000972,BK000152,CUST00255,provider_failure,143911,4751,INR,refund,processed,manual_review,2027-02-27
COMP000973,BK000554,CUST00107,overbooking,144869,16891,INR,cash_compensation,pending,provider_rebooked,2026-12-09
COMP000974,BK000785,CUST00077,service_unavailable,107993,24224,INR,partial_refund,processed,customer_credit,2027-03-13
COMP000975,BK000362,CUST00228,payment_failure,95184,20048,INR,voucher,approved,manual_review,2027-01-24
COMP000976,BK000538,CUST00239,provider_failure,57596,13100,INR,voucher,pending,customer_credit,2027-01-04
COMP000977,BK000316,CUST00293,partial_booking,128757,24061,INR,voucher,processed,provider_rebooked,2026-11-27
COMP000978,BK000876,CUST00075,partial_booking,49387,7427,INR,voucher,approved,alternative_service,2026-11-19
COMP000979,BK000132,CUST00137,service_unavailable,50893,17352,INR,voucher,processed,alternative_service,2026-11-30
COMP000980,BK000682,CUST00236,overbooking,42998,12316,INR,credit,pending,manual_review,2026-10-15
COMP000981,BK000476,CUST00105,cancellation,35838,9470,INR,refund,pending,partial_refund,2026-12-01
COMP000982,BK000770,CUST00040,cancellation,24212,7320,INR,cash_compensation,pending,manual_review,2026-11-20
COMP000983,BK000318,CUST00127,service_unavailable,68160,3510,INR,voucher,rejected,full_refund,2027-01-21
COMP000984,BK000594,CUST00102,cancellation,35105,3719,INR,cash_compensation,pending,partial_refund,2026-10-01
COMP000985,BK000120,CUST00288,payment_failure,11730,6449,INR,refund,pending,customer_credit,2026-11-05
COMP000986,BK000379,CUST00289,service_unavailable,78210,18998,INR,voucher,approved,full_refund,2027-03-05
COMP000987,BK000686,CUST00125,service_unavailable,82059,15345,INR,credit,processed,customer_credit,2026-11-22
COMP000988,BK000096,CUST00144,overbooking,45364,20123,INR,voucher,pending,provider_rebooked,2026-10-24
COMP000989,BK000465,CUST00248,provider_failure,89805,10629,INR,credit,approved,partial_refund,2027-01-22
COMP000990,BK000387,CUST00291,service_unavailable,88460,19501,INR,refund,rejected,provider_rebooked,2027-03-14
COMP000991,BK000026,CUST00081,partial_booking,45401,8724,INR,cash_compensation,pending,partial_refund,2026-10-07
COMP000992,BK000525,CUST00131,cancellation,111057,22503,INR,credit,pending,partial_refund,2027-01-21
COMP000993,BK000890,CUST00056,payment_failure,107721,15541,INR,refund,rejected,provider_rebooked,2027-02-03
COMP000994,BK000643,CUST00279,provider_failure,132910,17098,INR,credit,pending,alternative_service,2026-10-06
COMP000995,BK000164,CUST00078,overbooking,84286,17168,INR,partial_refund,pending,customer_credit,2026-11-25
COMP000996,BK000948,CUST00055,partial_booking,88488,9978,INR,refund,rejected,provider_rebooked,2026-11-24
COMP000997,BK000015,CUST00011,partial_booking,32963,24668,INR,partial_refund,approved,alternative_service,2027-01-07
COMP000998,BK000548,CUST00174,overbooking,64492,17843,INR,partial_refund,rejected,alternative_service,2026-10-07
COMP000999,BK000772,CUST00067,service_unavailable,47827,24397,INR,voucher,pending,alternative_service,2027-02-08
COMP001000,BK000469,CUST00169,cancellation,49908,19112,INR,partial_refund,rejected,provider_rebooked,2027-01-11
