transport_booking_id,customer_id,vehicle_id,transport_inventory_id,travel_date,passengers,pickup_location,drop_location,amount,currency,payment_status,booking_status,created_at
TBK000001,CUST00187,CAR00327,TINV00457,2027-02-22,2,Bus Stand,Hotel,1645,INR,failed,confirmed,2027-02-05
TBK000002,CUST00044,CAR00477,TINV00079,2027-04-27,3,Airport,Hotel,5482,INR,paid,confirmed,2027-03-23
TBK000003,CUST00220,CAR00326,TINV00046,2026-11-08,1,City Centre,Hotel,11564,INR,refunded,initiated,2026-10-18
TBK000004,CUST00137,CAR00409,TINV00477,2026-12-19,4,Airport,Railway Station,7503,INR,failed,failed,2026-11-28
TBK000005,CUST00108,CAR00274,TINV00297,2026-11-19,1,Bus Stand,City Centre,11652,INR,pending,failed,2026-11-02
TBK000006,CUST00273,CAR00419,TINV00346,2027-02-20,2,Bus Stand,City Centre,8713,INR,failed,initiated,2027-01-18
TBK000007,CUST00077,CAR00004,TINV00184,2027-02-05,1,City Centre,Bus Stand,7995,INR,paid,confirmed,2027-01-03
TBK000008,CUST00071,CAR00132,TINV00193,2027-03-02,7,Railway Station,Hotel,798,INR,pending,initiated,2027-02-24
TBK000009,CUST00135,CAR00271,TINV00216,2027-03-30,4,City Centre,Bus Stand,6652,INR,refunded,initiated,2027-03-15
TBK000010,CUST00186,CAR00027,TINV00397,2027-01-19,7,Airport,Airport,7517,INR,pending,cancelled,2027-01-12
TBK000011,CUST00277,CAR00331,TINV00351,2027-01-12,5,Bus Stand,Airport,5189,INR,paid,failed,2026-12-21
TBK000012,CUST00046,CAR00006,TINV00082,2026-11-27,2,Airport,Railway Station,731,INR,failed,cancelled,2026-11-20
TBK000013,CUST00257,CAR00028,TINV00124,2026-10-16,5,Hotel,City Centre,685,INR,paid,failed,2026-10-05
TBK000014,CUST00179,CAR00277,TINV00079,2027-02-08,2,Airport,City Centre,10162,INR,failed,cancelled,2027-01-12
TBK000015,CUST00023,CAR00075,TINV00273,2027-01-25,7,Bus Stand,Hotel,2314,INR,pending,cancelled,2027-01-05
TBK000016,CUST00131,CAR00264,TINV00280,2027-02-20,1,Airport,City Centre,1368,INR,pending,initiated,2027-01-06
TBK000017,CUST00249,CAR00445,TINV00239,2027-01-25,3,Hotel,City Centre,4318,INR,failed,confirmed,2026-12-16
TBK000018,CUST00102,CAR00128,TINV00153,2027-04-07,2,Airport,City Centre,8411,INR,paid,confirmed,2027-02-24
TBK000019,CUST00142,CAR00371,TINV00195,2026-12-13,7,Airport,Hotel,9436,INR,pending,confirmed,2026-10-30
TBK000020,CUST00117,CAR00249,TINV00201,2027-04-16,7,City Centre,Airport,8849,INR,failed,failed,2027-03-20
TBK000021,CUST00086,CAR00480,TINV00395,2026-11-10,3,City Centre,Railway Station,751,INR,paid,confirmed,2026-10-31
TBK000022,CUST00240,CAR00325,TINV00328,2027-02-22,5,City Centre,Airport,3792,INR,pending,cancelled,2027-02-04
TBK000023,CUST00045,CAR00115,TINV00075,2026-10-20,1,Bus Stand,Airport,4466,INR,refunded,confirmed,2026-10-08
TBK000024,CUST00199,CAR00317,TINV00030,2026-12-06,1,Airport,Hotel,6903,INR,pending,initiated,2026-11-13
TBK000025,CUST00161,CAR00217,TINV00400,2027-02-04,1,City Centre,Bus Stand,7805,INR,paid,failed,2027-01-05
TBK000026,CUST00282,CAR00272,TINV00442,2027-04-23,1,Airport,Railway Station,11130,INR,paid,initiated,2027-03-10
TBK000027,CUST00154,CAR00272,TINV00343,2027-02-17,5,Bus Stand,City Centre,10163,INR,refunded,confirmed,2027-01-30
TBK000028,CUST00020,CAR00272,TINV00112,2027-03-09,4,Bus Stand,Hotel,5780,INR,failed,cancelled,2027-03-01
TBK000029,CUST00158,CAR00475,TINV00243,2027-01-10,7,Railway Station,Airport,1405,INR,failed,failed,2026-12-19
TBK000030,CUST00278,CAR00012,TINV00220,2027-02-12,2,Railway Station,City Centre,5256,INR,refunded,cancelled,2027-01-13
TBK000031,CUST00126,CAR00082,TINV00126,2026-10-30,5,Hotel,Airport,11247,INR,failed,confirmed,2026-10-09
TBK000032,CUST00206,CAR00376,TINV00346,2026-11-26,4,Hotel,City Centre,11349,INR,failed,failed,2026-10-25
TBK000033,CUST00100,CAR00500,TINV00439,2027-01-09,2,City Centre,Bus Stand,11568,INR,refunded,failed,2026-12-12
TBK000034,CUST00143,CAR00192,TINV00463,2027-04-18,5,Bus Stand,Airport,6963,INR,failed,confirmed,2027-03-28
TBK000035,CUST00276,CAR00179,TINV00316,2026-10-28,6,Bus Stand,Airport,5985,INR,refunded,confirmed,2026-10-26
TBK000036,CUST00254,CAR00429,TINV00135,2027-01-04,2,Airport,Hotel,10274,INR,pending,cancelled,2026-12-09
TBK000037,CUST00188,CAR00444,TINV00029,2026-11-11,3,Airport,Airport,7428,INR,pending,cancelled,2026-10-19
TBK000038,CUST00060,CAR00338,TINV00418,2027-02-23,6,Railway Station,Bus Stand,11463,INR,refunded,confirmed,2027-01-10
TBK000039,CUST00069,CAR00118,TINV00146,2027-03-22,1,Airport,Hotel,7248,INR,refunded,failed,2027-02-17
TBK000040,CUST00015,CAR00473,TINV00094,2027-03-01,6,Railway Station,Hotel,4517,INR,failed,cancelled,2027-02-15
TBK000041,CUST00238,CAR00451,TINV00319,2027-03-31,4,Bus Stand,Railway Station,10451,INR,refunded,cancelled,2027-03-17
TBK000042,CUST00299,CAR00180,TINV00481,2027-02-14,7,Railway Station,Railway Station,8644,INR,refunded,cancelled,2027-01-09
TBK000043,CUST00114,CAR00049,TINV00399,2027-04-06,2,City Centre,Hotel,9194,INR,pending,cancelled,2027-03-02
TBK000044,CUST00204,CAR00268,TINV00203,2026-12-12,2,Hotel,Airport,5388,INR,pending,cancelled,2026-10-28
TBK000045,CUST00084,CAR00396,TINV00005,2027-02-15,6,Airport,Railway Station,642,INR,pending,failed,2027-02-05
TBK000046,CUST00129,CAR00405,TINV00087,2027-01-27,7,Airport,City Centre,5565,INR,failed,initiated,2026-12-23
TBK000047,CUST00249,CAR00222,TINV00388,2027-04-23,5,Airport,City Centre,331,INR,failed,failed,2027-03-09
TBK000048,CUST00092,CAR00202,TINV00492,2027-02-21,1,Bus Stand,Hotel,1341,INR,failed,failed,2027-01-28
TBK000049,CUST00271,CAR00054,TINV00454,2027-01-29,4,Airport,Railway Station,3059,INR,refunded,confirmed,2026-12-26
TBK000050,CUST00026,CAR00425,TINV00308,2027-04-02,7,Hotel,Railway Station,9044,INR,paid,initiated,2027-03-05
TBK000051,CUST00215,CAR00415,TINV00190,2027-04-04,4,Hotel,Bus Stand,10417,INR,refunded,failed,2027-02-18
TBK000052,CUST00086,CAR00241,TINV00270,2027-02-11,2,Hotel,Airport,1206,INR,paid,initiated,2027-01-21
TBK000053,CUST00249,CAR00104,TINV00252,2026-12-17,5,Bus Stand,City Centre,2669,INR,refunded,failed,2026-12-12
TBK000054,CUST00202,CAR00355,TINV00424,2026-11-06,5,City Centre,Railway Station,790,INR,paid,failed,2026-10-31
TBK000055,CUST00273,CAR00374,TINV00176,2027-02-22,3,Hotel,City Centre,2330,INR,failed,cancelled,2027-01-11
TBK000056,CUST00030,CAR00130,TINV00236,2027-02-25,4,City Centre,Bus Stand,1407,INR,failed,failed,2027-01-26
TBK000057,CUST00175,CAR00424,TINV00119,2027-03-10,5,Bus Stand,Railway Station,5289,INR,paid,failed,2027-02-27
TBK000058,CUST00170,CAR00325,TINV00094,2026-10-29,1,Bus Stand,Airport,9642,INR,pending,failed,2026-10-06
TBK000059,CUST00032,CAR00296,TINV00288,2026-12-20,1,Bus Stand,Bus Stand,10288,INR,failed,initiated,2026-11-14
TBK000060,CUST00084,CAR00476,TINV00320,2027-04-01,2,Bus Stand,City Centre,11818,INR,pending,cancelled,2027-03-06
TBK000061,CUST00271,CAR00329,TINV00073,2026-11-03,1,Airport,Airport,6362,INR,paid,cancelled,2026-10-16
TBK000062,CUST00181,CAR00071,TINV00118,2027-01-11,5,Bus Stand,City Centre,11851,INR,paid,cancelled,2026-12-12
TBK000063,CUST00065,CAR00119,TINV00144,2027-03-26,7,Airport,Railway Station,1837,INR,failed,cancelled,2027-02-15
TBK000064,CUST00119,CAR00028,TINV00224,2027-02-28,5,Hotel,Railway Station,9818,INR,pending,confirmed,2027-02-08
TBK000065,CUST00224,CAR00111,TINV00216,2027-02-23,1,City Centre,Hotel,1000,INR,pending,failed,2027-01-20
TBK000066,CUST00018,CAR00364,TINV00002,2027-01-13,1,Airport,City Centre,3655,INR,paid,failed,2026-12-11
TBK000067,CUST00114,CAR00367,TINV00471,2026-11-05,5,Bus Stand,Railway Station,3989,INR,paid,cancelled,2026-10-10
TBK000068,CUST00220,CAR00429,TINV00195,2026-12-21,5,Railway Station,Airport,1671,INR,paid,failed,2026-11-14
TBK000069,CUST00280,CAR00291,TINV00372,2027-03-28,3,City Centre,Hotel,395,INR,refunded,failed,2027-03-12
TBK000070,CUST00020,CAR00456,TINV00106,2027-01-02,5,Airport,Bus Stand,7070,INR,paid,confirmed,2026-11-30
TBK000071,CUST00028,CAR00426,TINV00414,2027-01-07,3,City Centre,City Centre,6785,INR,refunded,failed,2026-12-18
TBK000072,CUST00200,CAR00499,TINV00165,2027-03-16,5,Bus Stand,Hotel,6474,INR,refunded,cancelled,2027-02-28
TBK000073,CUST00040,CAR00085,TINV00220,2026-11-26,3,City Centre,Bus Stand,4710,INR,refunded,failed,2026-11-15
TBK000074,CUST00033,CAR00038,TINV00493,2027-03-11,6,Railway Station,Bus Stand,1624,INR,pending,cancelled,2027-02-11
TBK000075,CUST00206,CAR00250,TINV00055,2027-03-08,5,Bus Stand,Railway Station,9828,INR,refunded,failed,2027-02-13
TBK000076,CUST00047,CAR00283,TINV00064,2027-01-21,2,Bus Stand,Bus Stand,1708,INR,failed,confirmed,2027-01-18
TBK000077,CUST00218,CAR00233,TINV00040,2026-12-02,7,City Centre,Railway Station,11997,INR,paid,failed,2026-11-06
TBK000078,CUST00009,CAR00181,TINV00116,2027-04-22,4,Bus Stand,Railway Station,8077,INR,failed,confirmed,2027-03-24
TBK000079,CUST00046,CAR00367,TINV00235,2027-01-15,6,Hotel,Hotel,7975,INR,refunded,cancelled,2026-12-02
TBK000080,CUST00068,CAR00265,TINV00393,2027-04-16,2,City Centre,City Centre,4861,INR,paid,initiated,2027-03-13
TBK000081,CUST00098,CAR00222,TINV00239,2027-04-18,1,Bus Stand,City Centre,5298,INR,failed,cancelled,2027-03-24
TBK000082,CUST00116,CAR00011,TINV00077,2027-05-04,6,Hotel,City Centre,7231,INR,failed,initiated,2027-03-30
TBK000083,CUST00216,CAR00425,TINV00484,2026-10-31,4,City Centre,Hotel,1223,INR,pending,confirmed,2026-10-29
TBK000084,CUST00079,CAR00053,TINV00297,2026-11-28,5,Airport,Airport,6035,INR,refunded,initiated,2026-10-18
TBK000085,CUST00192,CAR00113,TINV00337,2026-11-19,2,City Centre,Railway Station,11402,INR,failed,failed,2026-11-05
TBK000086,CUST00268,CAR00066,TINV00157,2026-12-08,5,Airport,Airport,502,INR,failed,initiated,2026-10-25
TBK000087,CUST00270,CAR00475,TINV00475,2027-02-26,1,Bus Stand,City Centre,4960,INR,pending,confirmed,2027-02-21
TBK000088,CUST00080,CAR00071,TINV00493,2027-02-15,6,Railway Station,Hotel,1537,INR,failed,cancelled,2027-01-26
TBK000089,CUST00129,CAR00267,TINV00193,2027-01-30,3,Hotel,City Centre,10453,INR,paid,cancelled,2027-01-02
TBK000090,CUST00263,CAR00246,TINV00342,2027-03-07,2,Hotel,Hotel,916,INR,pending,initiated,2027-03-07
TBK000091,CUST00271,CAR00455,TINV00240,2027-03-05,3,Railway Station,Railway Station,10824,INR,paid,confirmed,2027-02-23
TBK000092,CUST00200,CAR00196,TINV00076,2027-04-09,2,City Centre,Bus Stand,8433,INR,refunded,failed,2027-03-20
TBK000093,CUST00146,CAR00422,TINV00266,2026-11-19,7,City Centre,City Centre,5937,INR,failed,initiated,2026-10-06
TBK000094,CUST00203,CAR00491,TINV00024,2026-12-20,6,Hotel,Railway Station,4091,INR,pending,initiated,2026-11-10
TBK000095,CUST00300,CAR00044,TINV00037,2026-12-24,7,City Centre,Hotel,3358,INR,refunded,initiated,2026-11-19
TBK000096,CUST00263,CAR00089,TINV00429,2027-02-15,7,City Centre,Hotel,1166,INR,refunded,initiated,2027-02-06
TBK000097,CUST00113,CAR00369,TINV00299,2027-04-22,2,Bus Stand,City Centre,10680,INR,failed,confirmed,2027-03-16
TBK000098,CUST00211,CAR00144,TINV00221,2026-12-15,1,Railway Station,Bus Stand,5780,INR,refunded,cancelled,2026-11-07
TBK000099,CUST00141,CAR00354,TINV00020,2027-02-21,7,Railway Station,Hotel,7360,INR,paid,cancelled,2027-01-16
TBK000100,CUST00154,CAR00472,TINV00077,2026-10-23,4,Bus Stand,City Centre,8328,INR,pending,initiated,2026-10-05
TBK000101,CUST00198,CAR00391,TINV00221,2027-04-27,6,Airport,City Centre,7954,INR,refunded,confirmed,2027-03-21
TBK000102,CUST00086,CAR00097,TINV00472,2026-11-08,1,Bus Stand,Airport,3556,INR,pending,confirmed,2026-10-15
TBK000103,CUST00210,CAR00104,TINV00071,2027-04-14,3,Hotel,Bus Stand,8324,INR,failed,initiated,2027-03-04
TBK000104,CUST00172,CAR00436,TINV00321,2026-10-07,4,City Centre,City Centre,1404,INR,refunded,failed,2026-10-07
TBK000105,CUST00112,CAR00371,TINV00395,2026-12-24,5,City Centre,Railway Station,2002,INR,refunded,initiated,2026-11-22
TBK000106,CUST00177,CAR00185,TINV00469,2027-04-21,2,City Centre,Bus Stand,746,INR,paid,confirmed,2027-03-07
TBK000107,CUST00012,CAR00018,TINV00064,2027-03-11,6,Airport,Railway Station,4752,INR,failed,cancelled,2027-02-12
TBK000108,CUST00177,CAR00427,TINV00473,2026-12-10,2,City Centre,Airport,7268,INR,refunded,failed,2026-11-13
TBK000109,CUST00010,CAR00170,TINV00339,2026-11-16,2,City Centre,City Centre,3604,INR,refunded,confirmed,2026-10-29
TBK000110,CUST00153,CAR00217,TINV00469,2027-01-23,7,Bus Stand,Hotel,10081,INR,refunded,failed,2026-12-13
TBK000111,CUST00051,CAR00246,TINV00273,2026-12-25,7,City Centre,Airport,10581,INR,refunded,initiated,2026-12-25
TBK000112,CUST00050,CAR00387,TINV00238,2027-03-08,5,City Centre,Hotel,8288,INR,failed,confirmed,2027-02-12
TBK000113,CUST00020,CAR00488,TINV00158,2026-11-02,3,Bus Stand,Bus Stand,1827,INR,paid,failed,2026-10-18
TBK000114,CUST00099,CAR00149,TINV00459,2026-11-19,4,Bus Stand,City Centre,6597,INR,refunded,cancelled,2026-11-14
TBK000115,CUST00267,CAR00435,TINV00197,2027-04-12,6,Airport,Bus Stand,9005,INR,pending,cancelled,2027-03-02
TBK000116,CUST00204,CAR00496,TINV00165,2027-01-24,1,City Centre,Railway Station,2219,INR,pending,initiated,2027-01-01
TBK000117,CUST00045,CAR00167,TINV00191,2026-11-01,4,Bus Stand,Airport,8004,INR,paid,cancelled,2026-10-27
TBK000118,CUST00207,CAR00385,TINV00257,2027-03-04,3,Bus Stand,Bus Stand,5137,INR,paid,confirmed,2027-03-03
TBK000119,CUST00044,CAR00048,TINV00436,2026-11-13,4,Railway Station,City Centre,8471,INR,refunded,confirmed,2026-11-03
TBK000120,CUST00165,CAR00374,TINV00328,2027-01-11,3,Bus Stand,City Centre,8286,INR,failed,cancelled,2026-12-23
TBK000121,CUST00060,CAR00149,TINV00122,2026-11-27,7,Hotel,Airport,10402,INR,pending,failed,2026-10-24
TBK000122,CUST00283,CAR00371,TINV00337,2027-03-14,5,Railway Station,City Centre,11689,INR,pending,cancelled,2027-03-03
TBK000123,CUST00061,CAR00181,TINV00290,2027-01-06,2,City Centre,Bus Stand,3249,INR,paid,initiated,2026-12-18
TBK000124,CUST00017,CAR00171,TINV00051,2027-01-19,6,Bus Stand,Airport,7194,INR,failed,confirmed,2026-12-08
TBK000125,CUST00274,CAR00171,TINV00002,2027-04-14,5,Bus Stand,Hotel,3854,INR,refunded,cancelled,2027-03-08
TBK000126,CUST00235,CAR00348,TINV00144,2027-01-22,6,Railway Station,Bus Stand,1538,INR,pending,failed,2026-12-27
TBK000127,CUST00139,CAR00070,TINV00390,2027-01-31,7,Railway Station,City Centre,1790,INR,pending,confirmed,2026-12-31
TBK000128,CUST00039,CAR00243,TINV00130,2026-11-16,3,Hotel,Hotel,3116,INR,pending,failed,2026-11-15
TBK000129,CUST00013,CAR00118,TINV00466,2027-04-03,5,City Centre,Airport,1414,INR,paid,initiated,2027-03-30
TBK000130,CUST00135,CAR00060,TINV00288,2026-11-24,5,Hotel,Hotel,8748,INR,refunded,confirmed,2026-10-24
TBK000131,CUST00004,CAR00098,TINV00331,2027-02-14,5,City Centre,Bus Stand,3376,INR,paid,cancelled,2027-01-26
TBK000132,CUST00201,CAR00106,TINV00352,2027-01-16,6,Hotel,Bus Stand,10217,INR,failed,cancelled,2026-12-16
TBK000133,CUST00070,CAR00182,TINV00440,2026-11-27,3,Railway Station,Airport,1531,INR,refunded,failed,2026-11-06
TBK000134,CUST00218,CAR00239,TINV00023,2027-01-14,6,Airport,Bus Stand,11577,INR,refunded,initiated,2026-12-08
TBK000135,CUST00069,CAR00021,TINV00060,2027-02-14,5,Hotel,Railway Station,5659,INR,refunded,initiated,2027-01-05
TBK000136,CUST00129,CAR00069,TINV00136,2026-12-31,3,Railway Station,Airport,9772,INR,pending,failed,2026-12-21
TBK000137,CUST00066,CAR00146,TINV00460,2027-03-03,4,Hotel,Airport,3475,INR,paid,confirmed,2027-01-29
TBK000138,CUST00073,CAR00441,TINV00104,2026-11-17,7,City Centre,Hotel,7382,INR,refunded,initiated,2026-10-16
TBK000139,CUST00158,CAR00385,TINV00196,2026-11-07,4,Airport,Bus Stand,5435,INR,failed,failed,2026-11-03
TBK000140,CUST00276,CAR00074,TINV00200,2026-12-28,7,Railway Station,Airport,7526,INR,failed,cancelled,2026-12-10
TBK000141,CUST00269,CAR00198,TINV00279,2027-03-28,6,Railway Station,Hotel,279,INR,refunded,initiated,2027-02-23
TBK000142,CUST00010,CAR00083,TINV00073,2026-11-18,6,Bus Stand,Railway Station,5382,INR,failed,failed,2026-11-05
TBK000143,CUST00158,CAR00287,TINV00321,2026-10-24,3,City Centre,City Centre,7539,INR,refunded,failed,2026-10-03
TBK000144,CUST00203,CAR00319,TINV00070,2027-03-25,1,Railway Station,Railway Station,8373,INR,refunded,failed,2027-03-25
TBK000145,CUST00102,CAR00315,TINV00010,2027-02-05,2,Hotel,Airport,7992,INR,paid,failed,2026-12-24
TBK000146,CUST00174,CAR00040,TINV00203,2027-01-26,6,City Centre,City Centre,9650,INR,failed,confirmed,2026-12-25
TBK000147,CUST00233,CAR00269,TINV00495,2027-01-06,6,Railway Station,Bus Stand,6904,INR,pending,failed,2026-12-10
TBK000148,CUST00145,CAR00415,TINV00376,2026-12-16,3,Hotel,City Centre,3395,INR,failed,cancelled,2026-11-19
TBK000149,CUST00201,CAR00042,TINV00183,2027-02-20,5,City Centre,Airport,3466,INR,paid,confirmed,2027-01-19
TBK000150,CUST00119,CAR00233,TINV00059,2027-01-14,4,Railway Station,Hotel,8927,INR,failed,cancelled,2026-12-18
TBK000151,CUST00008,CAR00208,TINV00319,2027-03-10,2,Railway Station,Bus Stand,2263,INR,pending,cancelled,2027-03-01
TBK000152,CUST00243,CAR00313,TINV00157,2026-12-20,7,Railway Station,Hotel,5578,INR,failed,confirmed,2026-11-21
TBK000153,CUST00060,CAR00029,TINV00399,2027-03-27,6,Bus Stand,City Centre,3218,INR,pending,cancelled,2027-03-11
TBK000154,CUST00064,CAR00042,TINV00078,2026-12-16,6,Airport,City Centre,3655,INR,pending,initiated,2026-12-04
TBK000155,CUST00126,CAR00154,TINV00146,2027-02-20,5,Hotel,Airport,7261,INR,pending,cancelled,2027-02-03
TBK000156,CUST00272,CAR00185,TINV00105,2027-02-06,5,City Centre,City Centre,4800,INR,pending,confirmed,2027-01-15
TBK000157,CUST00081,CAR00267,TINV00269,2026-11-05,6,Hotel,Bus Stand,7238,INR,failed,confirmed,2026-10-06
TBK000158,CUST00207,CAR00419,TINV00314,2027-02-17,4,Hotel,Railway Station,10194,INR,paid,failed,2027-01-31
TBK000159,CUST00132,CAR00055,TINV00099,2027-03-13,5,Bus Stand,City Centre,2860,INR,refunded,failed,2027-02-08
TBK000160,CUST00123,CAR00159,TINV00200,2026-11-18,1,Bus Stand,Bus Stand,6527,INR,failed,cancelled,2026-10-26
TBK000161,CUST00198,CAR00227,TINV00046,2026-12-10,4,Railway Station,Hotel,8294,INR,failed,failed,2026-12-04
TBK000162,CUST00022,CAR00477,TINV00043,2027-01-12,7,Airport,City Centre,9675,INR,failed,failed,2027-01-09
TBK000163,CUST00162,CAR00036,TINV00272,2027-03-01,3,Bus Stand,City Centre,11475,INR,pending,confirmed,2027-02-21
TBK000164,CUST00291,CAR00303,TINV00228,2027-01-31,3,Bus Stand,Railway Station,628,INR,failed,initiated,2027-01-13
TBK000165,CUST00047,CAR00305,TINV00176,2026-12-20,5,Bus Stand,Bus Stand,6166,INR,refunded,cancelled,2026-12-15
TBK000166,CUST00248,CAR00111,TINV00451,2027-04-16,1,Hotel,Hotel,5060,INR,pending,initiated,2027-03-26
TBK000167,CUST00289,CAR00260,TINV00254,2027-01-09,5,Hotel,City Centre,10158,INR,paid,confirmed,2026-12-30
TBK000168,CUST00042,CAR00123,TINV00421,2027-01-13,1,Airport,Airport,3397,INR,refunded,confirmed,2027-01-04
TBK000169,CUST00021,CAR00453,TINV00193,2026-12-20,1,Airport,Hotel,10830,INR,failed,cancelled,2026-12-20
TBK000170,CUST00249,CAR00458,TINV00444,2026-12-23,7,Bus Stand,City Centre,2605,INR,pending,initiated,2026-11-30
TBK000171,CUST00270,CAR00322,TINV00413,2026-12-16,5,Railway Station,Bus Stand,6149,INR,failed,initiated,2026-12-07
TBK000172,CUST00211,CAR00247,TINV00121,2027-02-26,6,Bus Stand,City Centre,7793,INR,paid,failed,2027-01-17
TBK000173,CUST00004,CAR00383,TINV00498,2027-03-03,4,Hotel,Bus Stand,9239,INR,refunded,cancelled,2027-01-18
TBK000174,CUST00084,CAR00062,TINV00273,2027-03-03,3,Hotel,Airport,3302,INR,failed,cancelled,2027-02-01
TBK000175,CUST00255,CAR00152,TINV00101,2026-10-31,2,Hotel,Railway Station,9423,INR,refunded,initiated,2026-10-11
TBK000176,CUST00167,CAR00199,TINV00179,2027-01-15,3,Airport,Hotel,7695,INR,pending,initiated,2027-01-07
TBK000177,CUST00006,CAR00056,TINV00479,2026-12-31,7,Airport,Airport,6866,INR,paid,cancelled,2026-12-15
TBK000178,CUST00065,CAR00069,TINV00433,2027-04-03,4,Bus Stand,City Centre,8699,INR,refunded,cancelled,2027-03-29
TBK000179,CUST00295,CAR00164,TINV00002,2027-01-16,5,City Centre,Hotel,7441,INR,paid,cancelled,2026-12-26
TBK000180,CUST00243,CAR00383,TINV00036,2027-04-24,2,Hotel,Airport,10425,INR,paid,confirmed,2027-03-12
TBK000181,CUST00021,CAR00259,TINV00349,2027-01-13,7,Bus Stand,Bus Stand,11014,INR,refunded,confirmed,2027-01-13
TBK000182,CUST00062,CAR00114,TINV00469,2026-11-19,6,Bus Stand,Railway Station,4402,INR,failed,initiated,2026-11-08
TBK000183,CUST00120,CAR00398,TINV00055,2026-11-23,5,Hotel,Railway Station,8264,INR,pending,confirmed,2026-11-01
TBK000184,CUST00070,CAR00202,TINV00146,2026-11-13,2,City Centre,Bus Stand,11395,INR,pending,failed,2026-10-12
TBK000185,CUST00132,CAR00226,TINV00176,2026-12-24,3,Bus Stand,Hotel,8640,INR,failed,cancelled,2026-12-01
TBK000186,CUST00075,CAR00402,TINV00332,2026-12-16,6,Airport,Railway Station,3890,INR,pending,initiated,2026-12-08
TBK000187,CUST00205,CAR00444,TINV00233,2026-12-15,7,Airport,City Centre,10532,INR,refunded,cancelled,2026-12-10
TBK000188,CUST00289,CAR00482,TINV00454,2026-12-20,2,Bus Stand,Airport,1988,INR,pending,confirmed,2026-12-17
TBK000189,CUST00064,CAR00098,TINV00497,2027-02-18,2,City Centre,Airport,1324,INR,refunded,confirmed,2027-01-16
TBK000190,CUST00151,CAR00042,TINV00424,2026-12-25,5,Railway Station,City Centre,952,INR,paid,confirmed,2026-11-28
TBK000191,CUST00164,CAR00422,TINV00082,2027-02-02,1,Railway Station,Airport,3427,INR,pending,initiated,2027-01-31
TBK000192,CUST00064,CAR00154,TINV00414,2027-04-24,5,Hotel,Bus Stand,273,INR,failed,failed,2027-03-25
TBK000193,CUST00265,CAR00089,TINV00233,2027-04-14,6,Bus Stand,City Centre,8400,INR,failed,failed,2027-03-27
TBK000194,CUST00039,CAR00447,TINV00223,2027-04-03,2,City Centre,Railway Station,5993,INR,refunded,failed,2027-03-26
TBK000195,CUST00150,CAR00311,TINV00342,2026-11-21,7,Bus Stand,Hotel,5770,INR,failed,failed,2026-11-19
TBK000196,CUST00110,CAR00169,TINV00313,2026-12-04,4,City Centre,Railway Station,7395,INR,pending,cancelled,2026-11-18
TBK000197,CUST00067,CAR00500,TINV00171,2026-12-18,3,Airport,Bus Stand,722,INR,failed,failed,2026-12-05
TBK000198,CUST00011,CAR00478,TINV00175,2027-01-17,7,Airport,Railway Station,6443,INR,refunded,initiated,2026-12-08
TBK000199,CUST00192,CAR00375,TINV00227,2027-02-26,1,Bus Stand,Railway Station,4577,INR,failed,initiated,2027-01-29
TBK000200,CUST00278,CAR00280,TINV00276,2026-11-26,7,Hotel,Hotel,10167,INR,refunded,failed,2026-11-14
TBK000201,CUST00140,CAR00171,TINV00341,2026-11-24,2,Hotel,City Centre,3885,INR,refunded,failed,2026-11-18
TBK000202,CUST00227,CAR00325,TINV00414,2026-11-06,1,Hotel,City Centre,11344,INR,pending,initiated,2026-10-14
TBK000203,CUST00003,CAR00135,TINV00166,2027-03-26,6,City Centre,Airport,10254,INR,failed,cancelled,2027-03-02
TBK000204,CUST00179,CAR00224,TINV00272,2027-05-04,6,Airport,City Centre,505,INR,pending,failed,2027-03-23
TBK000205,CUST00046,CAR00282,TINV00175,2027-01-09,2,Bus Stand,City Centre,4910,INR,refunded,cancelled,2027-01-09
TBK000206,CUST00037,CAR00149,TINV00384,2026-10-28,3,Hotel,Railway Station,8788,INR,failed,confirmed,2026-10-23
TBK000207,CUST00248,CAR00312,TINV00238,2027-02-18,4,Hotel,Bus Stand,4966,INR,pending,confirmed,2027-01-24
TBK000208,CUST00279,CAR00441,TINV00385,2027-01-13,5,Hotel,Airport,11146,INR,pending,failed,2027-01-11
TBK000209,CUST00280,CAR00389,TINV00263,2026-12-28,3,Railway Station,Hotel,3683,INR,pending,initiated,2026-12-09
TBK000210,CUST00129,CAR00219,TINV00137,2027-01-11,2,Hotel,Hotel,9249,INR,pending,confirmed,2027-01-06
TBK000211,CUST00244,CAR00450,TINV00056,2026-12-04,2,Airport,City Centre,9553,INR,refunded,cancelled,2026-11-13
TBK000212,CUST00183,CAR00196,TINV00386,2027-03-07,5,Railway Station,Hotel,8007,INR,paid,initiated,2027-03-07
TBK000213,CUST00072,CAR00150,TINV00310,2027-03-21,1,Railway Station,Airport,4781,INR,pending,confirmed,2027-02-27
TBK000214,CUST00023,CAR00052,TINV00212,2026-11-19,6,Railway Station,Hotel,4694,INR,failed,cancelled,2026-10-17
TBK000215,CUST00124,CAR00344,TINV00033,2027-01-10,1,City Centre,Bus Stand,3673,INR,pending,confirmed,2026-12-10
TBK000216,CUST00255,CAR00468,TINV00287,2027-02-10,2,Airport,Railway Station,10769,INR,paid,confirmed,2027-02-06
TBK000217,CUST00102,CAR00144,TINV00395,2027-04-09,3,Railway Station,Railway Station,8730,INR,failed,initiated,2027-03-04
TBK000218,CUST00069,CAR00395,TINV00471,2027-01-01,2,Railway Station,Bus Stand,9512,INR,failed,initiated,2026-12-24
TBK000219,CUST00173,CAR00495,TINV00026,2027-01-31,5,Bus Stand,Railway Station,4553,INR,pending,cancelled,2026-12-20
TBK000220,CUST00052,CAR00009,TINV00293,2027-02-09,4,Hotel,Railway Station,1262,INR,paid,confirmed,2027-01-26
TBK000221,CUST00228,CAR00084,TINV00082,2026-12-30,7,Airport,Railway Station,8145,INR,pending,confirmed,2026-11-30
TBK000222,CUST00120,CAR00015,TINV00286,2027-01-13,5,Railway Station,Airport,7590,INR,paid,cancelled,2027-01-08
TBK000223,CUST00141,CAR00321,TINV00247,2027-01-20,5,City Centre,Railway Station,7667,INR,refunded,failed,2027-01-04
TBK000224,CUST00170,CAR00415,TINV00439,2027-02-11,7,Bus Stand,Bus Stand,1353,INR,refunded,confirmed,2027-01-02
TBK000225,CUST00289,CAR00496,TINV00441,2026-12-02,2,Airport,Airport,10451,INR,refunded,cancelled,2026-11-25
TBK000226,CUST00145,CAR00138,TINV00081,2026-11-16,2,Railway Station,Airport,8149,INR,pending,confirmed,2026-11-05
TBK000227,CUST00257,CAR00128,TINV00126,2026-12-11,5,City Centre,Hotel,11929,INR,failed,confirmed,2026-12-02
TBK000228,CUST00049,CAR00134,TINV00480,2026-11-21,7,City Centre,Railway Station,9093,INR,failed,cancelled,2026-10-20
TBK000229,CUST00079,CAR00236,TINV00115,2027-02-03,6,City Centre,Railway Station,7081,INR,pending,initiated,2027-01-16
TBK000230,CUST00298,CAR00296,TINV00437,2026-11-19,7,Hotel,Hotel,11031,INR,failed,initiated,2026-10-15
TBK000231,CUST00183,CAR00200,TINV00269,2027-02-01,6,Railway Station,City Centre,5975,INR,failed,initiated,2026-12-23
TBK000232,CUST00219,CAR00409,TINV00214,2027-02-03,2,Railway Station,Bus Stand,9376,INR,failed,confirmed,2026-12-28
TBK000233,CUST00155,CAR00454,TINV00362,2026-10-05,2,City Centre,Airport,11636,INR,pending,initiated,2026-10-03
TBK000234,CUST00026,CAR00207,TINV00388,2026-11-12,1,Railway Station,Airport,10805,INR,failed,cancelled,2026-10-23
TBK000235,CUST00295,CAR00181,TINV00485,2027-02-27,3,City Centre,City Centre,7387,INR,refunded,initiated,2027-01-15
TBK000236,CUST00157,CAR00233,TINV00202,2027-01-15,6,City Centre,Airport,7934,INR,pending,confirmed,2027-01-15
TBK000237,CUST00186,CAR00269,TINV00191,2027-03-21,7,Hotel,City Centre,1833,INR,failed,confirmed,2027-02-13
TBK000238,CUST00278,CAR00383,TINV00254,2027-03-29,1,Airport,City Centre,7027,INR,refunded,initiated,2027-03-27
TBK000239,CUST00254,CAR00197,TINV00415,2027-02-22,3,Airport,Bus Stand,7129,INR,pending,failed,2027-01-25
TBK000240,CUST00104,CAR00026,TINV00268,2027-04-04,5,City Centre,City Centre,354,INR,failed,initiated,2027-03-11
TBK000241,CUST00203,CAR00113,TINV00484,2026-11-27,5,Bus Stand,Airport,821,INR,failed,confirmed,2026-11-06
TBK000242,CUST00107,CAR00097,TINV00166,2027-01-09,5,Airport,Railway Station,11658,INR,refunded,initiated,2026-11-27
TBK000243,CUST00300,CAR00209,TINV00141,2026-12-19,1,Airport,Hotel,11182,INR,paid,confirmed,2026-11-19
TBK000244,CUST00281,CAR00491,TINV00087,2027-01-29,6,Bus Stand,Bus Stand,10273,INR,pending,cancelled,2027-01-04
TBK000245,CUST00194,CAR00135,TINV00453,2027-02-17,4,Bus Stand,Hotel,8052,INR,failed,confirmed,2027-01-12
TBK000246,CUST00171,CAR00399,TINV00276,2027-03-17,1,Airport,Hotel,9401,INR,pending,confirmed,2027-03-12
TBK000247,CUST00100,CAR00397,TINV00415,2027-01-21,6,Bus Stand,City Centre,8492,INR,refunded,failed,2026-12-15
TBK000248,CUST00239,CAR00269,TINV00066,2026-11-01,3,City Centre,Airport,9807,INR,paid,cancelled,2026-10-29
TBK000249,CUST00185,CAR00060,TINV00469,2027-03-17,6,Airport,Airport,4959,INR,refunded,confirmed,2027-03-10
TBK000250,CUST00167,CAR00386,TINV00122,2027-01-13,3,Bus Stand,Railway Station,1837,INR,pending,cancelled,2026-12-18
TBK000251,CUST00185,CAR00304,TINV00411,2027-03-24,3,Railway Station,Airport,7944,INR,failed,confirmed,2027-03-22
TBK000252,CUST00110,CAR00094,TINV00012,2027-02-12,4,City Centre,City Centre,9369,INR,pending,confirmed,2026-12-31
TBK000253,CUST00228,CAR00375,TINV00152,2027-01-13,1,City Centre,Bus Stand,8704,INR,refunded,initiated,2027-01-08
TBK000254,CUST00017,CAR00355,TINV00068,2026-10-19,1,City Centre,Railway Station,4028,INR,refunded,cancelled,2026-10-07
TBK000255,CUST00048,CAR00067,TINV00042,2027-02-12,7,City Centre,Airport,2977,INR,pending,failed,2027-02-06
TBK000256,CUST00090,CAR00220,TINV00177,2026-11-27,5,Railway Station,City Centre,7657,INR,refunded,cancelled,2026-10-16
TBK000257,CUST00137,CAR00139,TINV00317,2027-03-01,5,Airport,Railway Station,3403,INR,refunded,confirmed,2027-01-17
TBK000258,CUST00109,CAR00392,TINV00139,2027-02-12,5,Bus Stand,Bus Stand,11737,INR,failed,cancelled,2027-01-26
TBK000259,CUST00050,CAR00046,TINV00001,2027-05-11,6,Bus Stand,Bus Stand,5497,INR,failed,confirmed,2027-03-28
TBK000260,CUST00228,CAR00062,TINV00079,2027-03-22,3,Bus Stand,Railway Station,3434,INR,pending,confirmed,2027-03-12
TBK000261,CUST00227,CAR00411,TINV00066,2027-03-28,2,Railway Station,Airport,1866,INR,pending,failed,2027-03-11
TBK000262,CUST00223,CAR00027,TINV00036,2026-12-16,6,Airport,City Centre,3253,INR,refunded,initiated,2026-11-17
TBK000263,CUST00155,CAR00249,TINV00363,2027-02-25,1,Bus Stand,Airport,9625,INR,failed,initiated,2027-02-02
TBK000264,CUST00287,CAR00158,TINV00428,2026-12-13,4,Bus Stand,Bus Stand,11508,INR,pending,cancelled,2026-11-09
TBK000265,CUST00298,CAR00171,TINV00150,2027-03-10,3,Bus Stand,Airport,7519,INR,pending,initiated,2027-03-08
TBK000266,CUST00269,CAR00371,TINV00052,2027-01-19,2,City Centre,Airport,11124,INR,refunded,initiated,2027-01-09
TBK000267,CUST00221,CAR00404,TINV00495,2026-12-14,6,Railway Station,Railway Station,2555,INR,pending,failed,2026-12-14
TBK000268,CUST00202,CAR00012,TINV00500,2027-02-05,4,Railway Station,Hotel,11650,INR,failed,initiated,2027-02-05
TBK000269,CUST00109,CAR00116,TINV00486,2027-01-31,6,Railway Station,Bus Stand,5963,INR,pending,confirmed,2026-12-29
TBK000270,CUST00231,CAR00374,TINV00253,2027-04-12,1,Bus Stand,Railway Station,7532,INR,pending,cancelled,2027-03-06
TBK000271,CUST00235,CAR00322,TINV00280,2027-04-05,5,Bus Stand,Hotel,416,INR,pending,failed,2027-02-21
TBK000272,CUST00289,CAR00101,TINV00104,2026-11-10,2,Railway Station,Hotel,11399,INR,refunded,cancelled,2026-11-02
TBK000273,CUST00075,CAR00027,TINV00183,2026-11-13,6,City Centre,Railway Station,726,INR,refunded,initiated,2026-10-29
TBK000274,CUST00161,CAR00268,TINV00451,2026-11-29,5,Railway Station,City Centre,8191,INR,refunded,initiated,2026-11-11
TBK000275,CUST00221,CAR00201,TINV00439,2027-02-23,2,Hotel,Airport,2121,INR,failed,cancelled,2027-02-11
TBK000276,CUST00235,CAR00465,TINV00373,2027-04-02,2,Railway Station,Airport,9650,INR,pending,confirmed,2027-02-19
TBK000277,CUST00233,CAR00350,TINV00484,2027-03-02,7,Hotel,City Centre,7999,INR,paid,cancelled,2027-02-12
TBK000278,CUST00177,CAR00362,TINV00430,2027-01-31,3,Railway Station,Railway Station,10064,INR,failed,cancelled,2026-12-29
TBK000279,CUST00142,CAR00238,TINV00162,2027-03-01,1,Hotel,Hotel,10173,INR,paid,cancelled,2027-02-12
TBK000280,CUST00183,CAR00479,TINV00403,2027-01-04,5,Bus Stand,Railway Station,2565,INR,paid,confirmed,2026-12-29
TBK000281,CUST00263,CAR00446,TINV00065,2027-01-20,5,Airport,City Centre,5078,INR,failed,failed,2026-12-13
TBK000282,CUST00014,CAR00273,TINV00013,2027-01-12,2,Hotel,Railway Station,708,INR,paid,cancelled,2027-01-03
TBK000283,CUST00209,CAR00121,TINV00228,2026-12-13,7,Bus Stand,City Centre,3786,INR,refunded,failed,2026-11-08
TBK000284,CUST00189,CAR00195,TINV00208,2027-02-18,7,Railway Station,Airport,11540,INR,pending,failed,2027-01-10
TBK000285,CUST00019,CAR00234,TINV00463,2027-04-28,4,Airport,City Centre,9695,INR,failed,initiated,2027-03-22
TBK000286,CUST00289,CAR00312,TINV00153,2027-02-01,6,City Centre,Airport,5317,INR,pending,failed,2027-01-29
TBK000287,CUST00204,CAR00093,TINV00381,2027-02-02,5,Railway Station,City Centre,1698,INR,refunded,cancelled,2026-12-22
TBK000288,CUST00129,CAR00114,TINV00275,2027-03-30,3,City Centre,City Centre,7583,INR,paid,failed,2027-02-13
TBK000289,CUST00251,CAR00354,TINV00107,2027-03-26,6,City Centre,City Centre,6175,INR,failed,confirmed,2027-02-20
TBK000290,CUST00287,CAR00246,TINV00106,2027-02-10,5,Hotel,Airport,9687,INR,pending,failed,2027-01-25
TBK000291,CUST00175,CAR00282,TINV00267,2027-01-25,6,Airport,Airport,6648,INR,paid,confirmed,2027-01-02
TBK000292,CUST00007,CAR00136,TINV00201,2027-02-03,6,Railway Station,Airport,7393,INR,refunded,confirmed,2027-01-06
TBK000293,CUST00148,CAR00217,TINV00264,2027-03-10,6,Airport,Hotel,11814,INR,paid,initiated,2027-01-26
TBK000294,CUST00093,CAR00344,TINV00319,2027-01-28,2,Bus Stand,Railway Station,7736,INR,failed,cancelled,2027-01-12
TBK000295,CUST00117,CAR00445,TINV00005,2027-03-30,2,Hotel,Bus Stand,8836,INR,pending,initiated,2027-03-05
TBK000296,CUST00057,CAR00101,TINV00071,2027-04-08,5,Airport,Bus Stand,5987,INR,paid,confirmed,2027-03-01
TBK000297,CUST00116,CAR00401,TINV00220,2027-03-13,1,Bus Stand,Bus Stand,7875,INR,paid,confirmed,2027-02-27
TBK000298,CUST00085,CAR00034,TINV00063,2026-11-05,2,Airport,Airport,3512,INR,refunded,confirmed,2026-10-06
TBK000299,CUST00134,CAR00244,TINV00180,2027-02-28,2,Hotel,City Centre,1512,INR,paid,confirmed,2027-02-27
TBK000300,CUST00074,CAR00061,TINV00482,2026-12-05,5,Railway Station,Airport,7332,INR,paid,initiated,2026-11-12
TBK000301,CUST00052,CAR00415,TINV00435,2026-10-19,4,Airport,Airport,1378,INR,pending,confirmed,2026-10-19
TBK000302,CUST00047,CAR00298,TINV00336,2027-03-31,7,Bus Stand,Bus Stand,2896,INR,failed,cancelled,2027-03-04
TBK000303,CUST00270,CAR00283,TINV00206,2026-12-13,5,Airport,Hotel,5192,INR,failed,confirmed,2026-11-29
TBK000304,CUST00110,CAR00495,TINV00037,2027-03-08,4,Airport,Hotel,5443,INR,pending,confirmed,2027-02-16
TBK000305,CUST00031,CAR00396,TINV00230,2027-04-16,2,Hotel,Airport,8026,INR,refunded,initiated,2027-03-26
TBK000306,CUST00229,CAR00315,TINV00294,2027-01-08,3,Railway Station,City Centre,4240,INR,failed,failed,2026-12-20
TBK000307,CUST00204,CAR00260,TINV00331,2027-01-23,1,Airport,Hotel,7839,INR,pending,initiated,2026-12-26
TBK000308,CUST00033,CAR00140,TINV00016,2027-03-09,5,City Centre,Bus Stand,6073,INR,refunded,failed,2027-02-04
TBK000309,CUST00175,CAR00477,TINV00268,2026-12-19,3,Railway Station,Hotel,2903,INR,pending,initiated,2026-11-15
TBK000310,CUST00155,CAR00162,TINV00358,2027-05-01,4,Bus Stand,City Centre,11616,INR,pending,cancelled,2027-03-28
TBK000311,CUST00033,CAR00462,TINV00103,2027-02-26,6,Airport,Bus Stand,2122,INR,pending,cancelled,2027-02-01
TBK000312,CUST00120,CAR00398,TINV00432,2026-10-30,3,Airport,Hotel,7766,INR,failed,initiated,2026-10-02
TBK000313,CUST00296,CAR00137,TINV00298,2027-02-18,1,City Centre,Bus Stand,11535,INR,refunded,cancelled,2027-01-28
TBK000314,CUST00261,CAR00166,TINV00236,2027-03-12,3,Bus Stand,Airport,10099,INR,failed,cancelled,2027-03-08
TBK000315,CUST00085,CAR00063,TINV00148,2026-11-24,5,Railway Station,Airport,9425,INR,refunded,initiated,2026-11-15
TBK000316,CUST00297,CAR00408,TINV00177,2027-02-12,5,Bus Stand,City Centre,438,INR,paid,cancelled,2027-01-19
TBK000317,CUST00071,CAR00281,TINV00322,2027-01-30,6,Hotel,Bus Stand,3794,INR,refunded,failed,2027-01-23
TBK000318,CUST00237,CAR00488,TINV00417,2027-02-07,3,Airport,Hotel,2712,INR,pending,cancelled,2027-01-01
TBK000319,CUST00039,CAR00367,TINV00223,2026-11-03,7,Hotel,Airport,11302,INR,paid,failed,2026-10-12
TBK000320,CUST00053,CAR00304,TINV00134,2027-04-23,2,Railway Station,Railway Station,6698,INR,paid,initiated,2027-03-09
TBK000321,CUST00175,CAR00117,TINV00319,2027-01-30,5,Railway Station,City Centre,7173,INR,pending,initiated,2027-01-04
TBK000322,CUST00131,CAR00222,TINV00301,2026-12-01,5,Airport,Hotel,6851,INR,paid,failed,2026-10-22
TBK000323,CUST00238,CAR00052,TINV00305,2027-03-10,2,City Centre,Hotel,8731,INR,paid,confirmed,2027-01-28
TBK000324,CUST00152,CAR00098,TINV00259,2026-12-14,3,Railway Station,Railway Station,5702,INR,pending,confirmed,2026-12-10
TBK000325,CUST00015,CAR00098,TINV00064,2027-03-15,6,Bus Stand,Airport,5282,INR,paid,confirmed,2027-02-26
TBK000326,CUST00158,CAR00240,TINV00343,2027-04-24,5,Airport,Airport,11750,INR,refunded,failed,2027-03-19
TBK000327,CUST00038,CAR00225,TINV00288,2026-12-07,1,Hotel,Railway Station,5320,INR,pending,failed,2026-11-19
TBK000328,CUST00248,CAR00287,TINV00099,2026-11-03,2,City Centre,City Centre,8044,INR,refunded,failed,2026-10-01
TBK000329,CUST00192,CAR00129,TINV00117,2027-01-24,6,Hotel,Bus Stand,5125,INR,paid,initiated,2026-12-27
TBK000330,CUST00146,CAR00375,TINV00371,2026-10-14,6,Railway Station,Bus Stand,7627,INR,failed,initiated,2026-10-13
TBK000331,CUST00213,CAR00493,TINV00036,2027-01-17,7,Bus Stand,Railway Station,2761,INR,pending,cancelled,2027-01-03
TBK000332,CUST00279,CAR00027,TINV00035,2027-02-26,6,Railway Station,Bus Stand,2248,INR,failed,confirmed,2027-01-24
TBK000333,CUST00134,CAR00424,TINV00459,2026-11-08,3,Railway Station,Hotel,11926,INR,failed,confirmed,2026-10-27
TBK000334,CUST00254,CAR00279,TINV00280,2027-03-29,7,Bus Stand,Railway Station,5697,INR,pending,confirmed,2027-03-04
TBK000335,CUST00073,CAR00260,TINV00312,2027-02-25,3,City Centre,Bus Stand,2504,INR,paid,failed,2027-01-19
TBK000336,CUST00107,CAR00150,TINV00256,2026-12-22,6,Hotel,Railway Station,6625,INR,refunded,confirmed,2026-12-10
TBK000337,CUST00225,CAR00095,TINV00049,2026-11-23,3,Bus Stand,City Centre,1806,INR,paid,confirmed,2026-11-18
TBK000338,CUST00021,CAR00088,TINV00194,2027-03-06,6,City Centre,City Centre,350,INR,paid,confirmed,2027-02-03
TBK000339,CUST00138,CAR00229,TINV00025,2027-04-21,2,Railway Station,Airport,10719,INR,failed,cancelled,2027-03-23
TBK000340,CUST00223,CAR00208,TINV00014,2027-04-02,1,Railway Station,Railway Station,3350,INR,failed,failed,2027-02-18
TBK000341,CUST00245,CAR00424,TINV00074,2026-11-21,7,Bus Stand,Bus Stand,9367,INR,refunded,cancelled,2026-11-01
TBK000342,CUST00231,CAR00398,TINV00447,2027-02-04,4,Railway Station,Bus Stand,9013,INR,paid,failed,2027-01-09
TBK000343,CUST00130,CAR00368,TINV00436,2026-11-27,1,Bus Stand,Hotel,3593,INR,pending,cancelled,2026-11-20
TBK000344,CUST00080,CAR00397,TINV00397,2026-11-04,3,Bus Stand,City Centre,2563,INR,paid,cancelled,2026-10-19
TBK000345,CUST00248,CAR00022,TINV00260,2027-03-28,6,Airport,City Centre,5743,INR,refunded,cancelled,2027-02-21
TBK000346,CUST00122,CAR00495,TINV00462,2027-01-25,2,Airport,Hotel,4360,INR,paid,cancelled,2026-12-11
TBK000347,CUST00254,CAR00498,TINV00426,2026-11-15,4,Railway Station,Airport,11986,INR,refunded,cancelled,2026-11-01
TBK000348,CUST00147,CAR00364,TINV00243,2027-01-28,5,Hotel,City Centre,412,INR,pending,failed,2026-12-18
TBK000349,CUST00114,CAR00475,TINV00197,2027-02-28,7,Hotel,Bus Stand,3290,INR,paid,initiated,2027-01-16
TBK000350,CUST00230,CAR00483,TINV00021,2027-04-02,2,Hotel,City Centre,5395,INR,refunded,failed,2027-03-25
TBK000351,CUST00015,CAR00466,TINV00048,2027-01-19,3,Airport,Airport,3702,INR,pending,failed,2026-12-12
TBK000352,CUST00022,CAR00339,TINV00116,2027-02-19,2,Hotel,Hotel,5100,INR,pending,confirmed,2027-02-12
TBK000353,CUST00058,CAR00433,TINV00314,2027-05-04,6,Bus Stand,City Centre,6905,INR,failed,cancelled,2027-03-21
TBK000354,CUST00232,CAR00384,TINV00136,2026-12-04,3,Airport,Hotel,1054,INR,pending,initiated,2026-11-19
TBK000355,CUST00004,CAR00191,TINV00499,2026-12-02,2,City Centre,Hotel,2090,INR,pending,failed,2026-11-22
TBK000356,CUST00160,CAR00307,TINV00272,2026-12-14,4,Airport,Railway Station,11038,INR,pending,initiated,2026-12-08
TBK000357,CUST00280,CAR00337,TINV00435,2027-02-25,5,Railway Station,Hotel,2548,INR,pending,confirmed,2027-02-14
TBK000358,CUST00213,CAR00407,TINV00010,2027-05-08,1,Airport,Hotel,11284,INR,pending,cancelled,2027-03-30
TBK000359,CUST00142,CAR00316,TINV00166,2027-05-05,7,City Centre,Airport,1539,INR,paid,cancelled,2027-03-25
TBK000360,CUST00044,CAR00331,TINV00221,2026-11-24,6,Bus Stand,Bus Stand,1683,INR,pending,failed,2026-11-18
TBK000361,CUST00184,CAR00166,TINV00171,2026-12-06,1,Hotel,Bus Stand,3639,INR,refunded,failed,2026-11-11
TBK000362,CUST00045,CAR00329,TINV00268,2026-12-10,5,Bus Stand,City Centre,1240,INR,paid,failed,2026-11-05
TBK000363,CUST00232,CAR00435,TINV00389,2027-02-21,7,City Centre,Railway Station,7873,INR,pending,failed,2027-01-16
TBK000364,CUST00260,CAR00389,TINV00332,2027-02-14,2,City Centre,Airport,10337,INR,paid,initiated,2027-01-14
TBK000365,CUST00185,CAR00317,TINV00407,2026-12-31,1,Airport,Railway Station,5461,INR,paid,confirmed,2026-12-27
TBK000366,CUST00167,CAR00168,TINV00350,2027-04-28,6,Hotel,City Centre,3865,INR,paid,confirmed,2027-03-24
TBK000367,CUST00055,CAR00072,TINV00473,2026-10-23,3,City Centre,City Centre,4027,INR,pending,failed,2026-10-03
TBK000368,CUST00236,CAR00250,TINV00271,2027-03-18,5,City Centre,City Centre,4610,INR,failed,confirmed,2027-02-15
TBK000369,CUST00153,CAR00189,TINV00487,2027-01-24,6,City Centre,Airport,7593,INR,refunded,confirmed,2026-12-14
TBK000370,CUST00242,CAR00248,TINV00417,2026-12-18,2,Bus Stand,Hotel,1857,INR,pending,failed,2026-11-25
TBK000371,CUST00249,CAR00162,TINV00227,2027-03-28,3,Airport,Hotel,1282,INR,paid,initiated,2027-02-16
TBK000372,CUST00050,CAR00404,TINV00149,2026-11-07,6,Airport,City Centre,9356,INR,paid,confirmed,2026-10-30
TBK000373,CUST00280,CAR00025,TINV00284,2026-12-20,3,Hotel,Railway Station,10054,INR,pending,failed,2026-12-15
TBK000374,CUST00029,CAR00028,TINV00494,2027-01-27,7,Hotel,Railway Station,5575,INR,pending,confirmed,2027-01-17
TBK000375,CUST00076,CAR00204,TINV00279,2027-02-11,6,Railway Station,City Centre,1168,INR,paid,cancelled,2027-01-24
TBK000376,CUST00245,CAR00093,TINV00403,2026-10-15,2,Airport,Railway Station,11122,INR,failed,cancelled,2026-10-15
TBK000377,CUST00027,CAR00500,TINV00019,2026-11-20,4,Hotel,City Centre,369,INR,paid,initiated,2026-11-11
TBK000378,CUST00269,CAR00265,TINV00185,2027-02-09,2,Hotel,Railway Station,2142,INR,paid,confirmed,2027-02-07
TBK000379,CUST00097,CAR00020,TINV00033,2027-01-22,4,Airport,Hotel,2734,INR,refunded,initiated,2027-01-14
TBK000380,CUST00095,CAR00279,TINV00021,2026-11-28,5,Bus Stand,Airport,4783,INR,paid,cancelled,2026-11-06
TBK000381,CUST00138,CAR00117,TINV00120,2026-12-14,5,Railway Station,City Centre,7018,INR,paid,cancelled,2026-11-13
TBK000382,CUST00056,CAR00430,TINV00337,2027-03-07,6,Railway Station,City Centre,9944,INR,paid,confirmed,2027-03-06
TBK000383,CUST00107,CAR00142,TINV00479,2027-02-26,2,Bus Stand,City Centre,7172,INR,paid,cancelled,2027-02-07
TBK000384,CUST00002,CAR00229,TINV00107,2026-11-22,7,Railway Station,Airport,7717,INR,paid,cancelled,2026-10-11
TBK000385,CUST00132,CAR00297,TINV00137,2026-12-17,4,Bus Stand,Airport,3137,INR,pending,initiated,2026-12-16
TBK000386,CUST00063,CAR00240,TINV00473,2027-03-17,5,Hotel,City Centre,895,INR,paid,failed,2027-03-17
TBK000387,CUST00138,CAR00002,TINV00391,2026-11-02,5,Railway Station,Airport,6934,INR,refunded,cancelled,2026-10-21
TBK000388,CUST00223,CAR00011,TINV00121,2027-01-03,5,Airport,City Centre,475,INR,paid,initiated,2026-11-21
TBK000389,CUST00239,CAR00208,TINV00368,2027-04-11,5,City Centre,City Centre,5240,INR,pending,confirmed,2027-03-02
TBK000390,CUST00151,CAR00413,TINV00263,2026-10-13,7,City Centre,Railway Station,6768,INR,refunded,failed,2026-10-01
TBK000391,CUST00135,CAR00072,TINV00278,2026-12-29,5,Airport,Bus Stand,8912,INR,refunded,failed,2026-12-16
TBK000392,CUST00179,CAR00026,TINV00382,2027-01-03,1,Airport,Railway Station,4417,INR,paid,failed,2026-11-24
TBK000393,CUST00234,CAR00270,TINV00457,2027-02-05,7,Bus Stand,City Centre,8136,INR,pending,confirmed,2027-01-01
TBK000394,CUST00295,CAR00084,TINV00393,2027-03-23,6,Hotel,Hotel,6312,INR,failed,confirmed,2027-03-05
TBK000395,CUST00266,CAR00373,TINV00319,2027-03-26,6,Railway Station,Hotel,10434,INR,paid,confirmed,2027-02-20
TBK000396,CUST00265,CAR00464,TINV00189,2027-03-31,1,Railway Station,Airport,6560,INR,refunded,initiated,2027-03-11
TBK000397,CUST00150,CAR00076,TINV00446,2027-03-29,4,City Centre,Railway Station,1272,INR,failed,failed,2027-03-27
TBK000398,CUST00223,CAR00311,TINV00372,2027-02-05,7,Railway Station,City Centre,1168,INR,paid,initiated,2027-01-01
TBK000399,CUST00177,CAR00273,TINV00433,2026-12-13,3,Airport,Airport,9665,INR,refunded,cancelled,2026-12-09
TBK000400,CUST00179,CAR00005,TINV00180,2027-02-12,4,City Centre,Railway Station,6635,INR,failed,confirmed,2027-02-10
TBK000401,CUST00157,CAR00381,TINV00208,2027-02-15,3,Hotel,Bus Stand,2944,INR,paid,failed,2027-02-01
TBK000402,CUST00061,CAR00321,TINV00061,2027-03-31,2,Railway Station,City Centre,3702,INR,pending,initiated,2027-03-19
TBK000403,CUST00161,CAR00406,TINV00323,2027-02-12,7,Railway Station,Bus Stand,9593,INR,failed,failed,2027-02-10
TBK000404,CUST00151,CAR00354,TINV00085,2026-12-04,2,City Centre,Railway Station,9281,INR,failed,initiated,2026-11-14
TBK000405,CUST00219,CAR00178,TINV00102,2027-04-06,2,Airport,Airport,390,INR,refunded,cancelled,2027-03-03
TBK000406,CUST00270,CAR00460,TINV00120,2027-01-11,3,Railway Station,Airport,11926,INR,failed,failed,2026-12-24
TBK000407,CUST00009,CAR00150,TINV00140,2027-02-26,4,City Centre,City Centre,1601,INR,pending,confirmed,2027-02-22
TBK000408,CUST00165,CAR00330,TINV00234,2026-12-26,7,Bus Stand,Airport,2288,INR,failed,failed,2026-12-16
TBK000409,CUST00016,CAR00365,TINV00142,2027-03-23,3,Bus Stand,Railway Station,6435,INR,paid,failed,2027-02-25
TBK000410,CUST00104,CAR00018,TINV00429,2027-02-01,4,City Centre,City Centre,6954,INR,failed,failed,2027-01-29
TBK000411,CUST00020,CAR00307,TINV00164,2027-01-15,1,Airport,City Centre,11910,INR,pending,initiated,2027-01-11
TBK000412,CUST00087,CAR00102,TINV00469,2027-05-02,7,Bus Stand,Hotel,9734,INR,pending,failed,2027-03-20
TBK000413,CUST00148,CAR00078,TINV00428,2027-03-06,5,Hotel,Bus Stand,4311,INR,pending,cancelled,2027-01-21
TBK000414,CUST00056,CAR00449,TINV00179,2027-04-17,7,Bus Stand,Bus Stand,11468,INR,refunded,initiated,2027-03-25
TBK000415,CUST00120,CAR00357,TINV00428,2027-04-27,2,Airport,City Centre,7422,INR,refunded,cancelled,2027-03-20
TBK000416,CUST00286,CAR00461,TINV00232,2026-10-31,1,Railway Station,Hotel,4000,INR,paid,failed,2026-10-17
TBK000417,CUST00294,CAR00374,TINV00127,2027-01-19,4,Hotel,Hotel,10209,INR,failed,failed,2026-12-23
TBK000418,CUST00150,CAR00103,TINV00296,2027-04-05,2,Airport,Airport,9402,INR,paid,failed,2027-03-16
TBK000419,CUST00231,CAR00006,TINV00222,2027-01-04,2,Airport,Bus Stand,11005,INR,paid,initiated,2026-12-20
TBK000420,CUST00189,CAR00004,TINV00173,2026-10-22,2,City Centre,Hotel,1361,INR,paid,cancelled,2026-10-17
TBK000421,CUST00050,CAR00023,TINV00102,2026-12-21,5,Bus Stand,City Centre,9378,INR,pending,confirmed,2026-12-14
TBK000422,CUST00222,CAR00367,TINV00336,2026-10-31,6,Airport,Bus Stand,11408,INR,pending,confirmed,2026-10-13
TBK000423,CUST00290,CAR00488,TINV00464,2026-12-03,5,Airport,Bus Stand,10606,INR,paid,cancelled,2026-10-21
TBK000424,CUST00094,CAR00475,TINV00017,2027-01-13,6,Airport,Bus Stand,4983,INR,pending,cancelled,2026-12-29
TBK000425,CUST00133,CAR00331,TINV00035,2026-11-24,6,Railway Station,City Centre,11500,INR,failed,failed,2026-11-16
TBK000426,CUST00227,CAR00245,TINV00371,2026-10-07,5,City Centre,City Centre,8963,INR,pending,cancelled,2026-10-02
TBK000427,CUST00244,CAR00446,TINV00109,2027-01-30,6,Railway Station,Airport,8718,INR,pending,confirmed,2026-12-30
TBK000428,CUST00063,CAR00149,TINV00040,2026-10-30,2,Hotel,Railway Station,9156,INR,pending,initiated,2026-10-05
TBK000429,CUST00191,CAR00424,TINV00368,2027-01-14,2,City Centre,City Centre,5430,INR,pending,failed,2026-12-05
TBK000430,CUST00103,CAR00315,TINV00187,2027-01-30,1,Hotel,Bus Stand,11416,INR,failed,cancelled,2027-01-10
TBK000431,CUST00140,CAR00218,TINV00462,2027-02-14,6,Airport,Airport,1333,INR,paid,confirmed,2027-01-09
TBK000432,CUST00286,CAR00364,TINV00450,2026-11-14,4,Hotel,Airport,4259,INR,pending,confirmed,2026-10-23
TBK000433,CUST00145,CAR00162,TINV00152,2027-03-29,1,Bus Stand,Airport,10400,INR,refunded,confirmed,2027-02-22
TBK000434,CUST00058,CAR00409,TINV00047,2027-03-29,3,Bus Stand,Hotel,3778,INR,failed,cancelled,2027-03-25
TBK000435,CUST00250,CAR00212,TINV00135,2026-10-21,7,Railway Station,Railway Station,5633,INR,pending,initiated,2026-10-02
TBK000436,CUST00226,CAR00448,TINV00424,2027-03-17,2,Hotel,Railway Station,8206,INR,paid,confirmed,2027-02-14
TBK000437,CUST00125,CAR00368,TINV00328,2027-04-06,6,Airport,City Centre,5011,INR,failed,cancelled,2027-03-15
TBK000438,CUST00064,CAR00138,TINV00267,2027-04-20,4,Bus Stand,Railway Station,7923,INR,pending,cancelled,2027-03-25
TBK000439,CUST00056,CAR00229,TINV00310,2026-11-09,2,Bus Stand,Airport,6453,INR,refunded,initiated,2026-10-13
TBK000440,CUST00054,CAR00206,TINV00405,2026-10-29,7,Bus Stand,Hotel,9409,INR,failed,confirmed,2026-10-21
TBK000441,CUST00241,CAR00036,TINV00250,2027-03-01,5,Bus Stand,City Centre,2466,INR,paid,confirmed,2027-02-04
TBK000442,CUST00074,CAR00383,TINV00355,2026-11-11,3,Railway Station,City Centre,1809,INR,failed,failed,2026-11-06
TBK000443,CUST00256,CAR00417,TINV00335,2026-11-23,6,Bus Stand,Hotel,2786,INR,pending,confirmed,2026-10-09
TBK000444,CUST00293,CAR00267,TINV00235,2027-03-21,4,Hotel,Bus Stand,6533,INR,refunded,initiated,2027-03-21
TBK000445,CUST00088,CAR00047,TINV00361,2026-12-08,4,City Centre,Railway Station,11537,INR,failed,confirmed,2026-11-06
TBK000446,CUST00232,CAR00384,TINV00211,2026-12-22,1,Airport,City Centre,7462,INR,refunded,confirmed,2026-12-14
TBK000447,CUST00010,CAR00384,TINV00140,2027-01-06,7,Railway Station,City Centre,2290,INR,pending,initiated,2026-11-22
TBK000448,CUST00010,CAR00213,TINV00188,2027-01-09,3,Bus Stand,Railway Station,7193,INR,failed,initiated,2026-11-28
TBK000449,CUST00122,CAR00344,TINV00145,2027-04-09,4,Bus Stand,City Centre,6016,INR,pending,initiated,2027-03-26
TBK000450,CUST00293,CAR00167,TINV00404,2026-12-06,4,Bus Stand,Bus Stand,4975,INR,failed,cancelled,2026-11-23
TBK000451,CUST00264,CAR00179,TINV00207,2027-03-05,6,Airport,Hotel,2473,INR,pending,initiated,2027-02-07
TBK000452,CUST00264,CAR00077,TINV00082,2027-03-27,5,Railway Station,Hotel,10952,INR,pending,confirmed,2027-02-22
TBK000453,CUST00083,CAR00177,TINV00158,2027-03-12,7,Airport,Bus Stand,5691,INR,refunded,confirmed,2027-02-04
TBK000454,CUST00133,CAR00237,TINV00500,2027-03-31,7,Bus Stand,Railway Station,7335,INR,failed,cancelled,2027-03-04
TBK000455,CUST00252,CAR00132,TINV00459,2027-03-12,7,Railway Station,City Centre,10890,INR,pending,cancelled,2027-03-09
TBK000456,CUST00118,CAR00351,TINV00181,2026-12-18,5,Bus Stand,Bus Stand,2674,INR,pending,initiated,2026-11-28
TBK000457,CUST00062,CAR00472,TINV00115,2026-12-25,4,Bus Stand,Airport,9681,INR,pending,failed,2026-11-13
TBK000458,CUST00248,CAR00067,TINV00404,2026-12-16,6,City Centre,City Centre,5776,INR,paid,cancelled,2026-11-30
TBK000459,CUST00027,CAR00457,TINV00269,2026-12-21,6,Railway Station,Airport,6398,INR,paid,initiated,2026-12-12
TBK000460,CUST00209,CAR00349,TINV00069,2027-03-01,2,Hotel,Bus Stand,7834,INR,failed,cancelled,2027-02-13
TBK000461,CUST00214,CAR00447,TINV00445,2026-11-27,3,City Centre,City Centre,6776,INR,refunded,cancelled,2026-11-01
TBK000462,CUST00084,CAR00455,TINV00439,2026-11-11,7,Bus Stand,Railway Station,11180,INR,refunded,initiated,2026-10-04
TBK000463,CUST00016,CAR00439,TINV00105,2027-03-14,6,Railway Station,Airport,4173,INR,refunded,failed,2027-02-08
TBK000464,CUST00211,CAR00044,TINV00110,2026-10-21,1,Airport,City Centre,7019,INR,failed,initiated,2026-10-11
TBK000465,CUST00073,CAR00060,TINV00076,2026-11-19,3,Railway Station,Railway Station,4044,INR,failed,confirmed,2026-11-10
TBK000466,CUST00158,CAR00468,TINV00480,2026-12-21,7,Airport,Bus Stand,4497,INR,pending,confirmed,2026-11-16
TBK000467,CUST00109,CAR00447,TINV00190,2026-10-24,6,Railway Station,Railway Station,6477,INR,refunded,confirmed,2026-10-24
TBK000468,CUST00191,CAR00373,TINV00408,2027-04-01,4,City Centre,City Centre,2249,INR,pending,initiated,2027-03-28
TBK000469,CUST00224,CAR00418,TINV00208,2026-12-23,3,Bus Stand,Railway Station,10674,INR,refunded,failed,2026-11-29
TBK000470,CUST00171,CAR00218,TINV00396,2026-12-03,4,Bus Stand,Airport,1155,INR,paid,confirmed,2026-12-02
TBK000471,CUST00112,CAR00337,TINV00328,2026-11-19,7,City Centre,Railway Station,10207,INR,paid,cancelled,2026-10-28
TBK000472,CUST00038,CAR00354,TINV00054,2027-01-03,6,Airport,Hotel,8204,INR,failed,confirmed,2027-01-03
TBK000473,CUST00076,CAR00187,TINV00208,2026-10-26,3,Airport,Airport,7270,INR,paid,initiated,2026-10-12
TBK000474,CUST00081,CAR00072,TINV00052,2026-12-06,5,Bus Stand,Bus Stand,4718,INR,pending,cancelled,2026-11-11
TBK000475,CUST00072,CAR00375,TINV00446,2026-12-15,4,Bus Stand,Railway Station,10983,INR,pending,initiated,2026-11-24
TBK000476,CUST00085,CAR00367,TINV00423,2026-11-12,7,Railway Station,Railway Station,4830,INR,refunded,failed,2026-10-25
TBK000477,CUST00256,CAR00342,TINV00482,2026-12-18,1,Railway Station,Hotel,1076,INR,pending,confirmed,2026-11-11
TBK000478,CUST00171,CAR00198,TINV00125,2026-11-12,4,City Centre,City Centre,11774,INR,pending,confirmed,2026-10-17
TBK000479,CUST00237,CAR00384,TINV00250,2026-11-09,2,City Centre,Railway Station,10547,INR,paid,initiated,2026-10-05
TBK000480,CUST00195,CAR00307,TINV00452,2026-11-30,1,City Centre,Railway Station,8483,INR,paid,initiated,2026-10-29
TBK000481,CUST00071,CAR00106,TINV00135,2026-11-01,3,Bus Stand,Railway Station,7455,INR,pending,cancelled,2026-10-23
TBK000482,CUST00052,CAR00093,TINV00120,2026-11-10,2,Airport,Railway Station,6210,INR,pending,failed,2026-10-19
TBK000483,CUST00106,CAR00194,TINV00442,2026-11-25,7,Bus Stand,Bus Stand,7847,INR,refunded,cancelled,2026-10-13
TBK000484,CUST00077,CAR00060,TINV00076,2026-12-21,3,City Centre,Railway Station,10268,INR,paid,failed,2026-11-20
TBK000485,CUST00109,CAR00388,TINV00329,2027-03-01,7,Airport,Bus Stand,3484,INR,paid,confirmed,2027-02-22
TBK000486,CUST00221,CAR00022,TINV00133,2026-12-05,1,Railway Station,Airport,1919,INR,refunded,cancelled,2026-12-01
TBK000487,CUST00275,CAR00162,TINV00249,2026-10-26,1,Bus Stand,Hotel,6232,INR,paid,initiated,2026-10-11
TBK000488,CUST00021,CAR00369,TINV00260,2026-11-17,7,Hotel,Railway Station,10717,INR,refunded,initiated,2026-10-04
TBK000489,CUST00279,CAR00430,TINV00011,2027-03-01,2,Bus Stand,Bus Stand,323,INR,pending,initiated,2027-01-19
TBK000490,CUST00260,CAR00257,TINV00080,2026-12-29,7,Railway Station,Bus Stand,9368,INR,paid,confirmed,2026-11-14
TBK000491,CUST00024,CAR00309,TINV00288,2027-04-14,7,City Centre,Hotel,3213,INR,pending,failed,2027-03-04
TBK000492,CUST00132,CAR00157,TINV00037,2027-03-17,2,Hotel,Hotel,4363,INR,pending,initiated,2027-02-18
TBK000493,CUST00297,CAR00471,TINV00263,2026-10-23,3,Hotel,City Centre,358,INR,failed,failed,2026-10-09
TBK000494,CUST00015,CAR00133,TINV00090,2027-04-26,1,Bus Stand,Airport,1070,INR,paid,failed,2027-03-19
TBK000495,CUST00083,CAR00146,TINV00401,2027-02-14,3,Airport,Hotel,7211,INR,pending,failed,2027-02-04
TBK000496,CUST00289,CAR00328,TINV00403,2027-01-01,6,Railway Station,Airport,10327,INR,failed,cancelled,2026-12-09
TBK000497,CUST00133,CAR00155,TINV00398,2027-03-07,3,Bus Stand,Hotel,9137,INR,paid,confirmed,2027-02-08
TBK000498,CUST00247,CAR00143,TINV00279,2026-12-08,2,Railway Station,Airport,1024,INR,refunded,cancelled,2026-10-26
TBK000499,CUST00113,CAR00274,TINV00398,2026-12-22,7,City Centre,Railway Station,2448,INR,failed,failed,2026-11-19
TBK000500,CUST00135,CAR00031,TINV00474,2027-03-20,5,Railway Station,Railway Station,4713,INR,paid,initiated,2027-02-26
TBK000501,CUST00266,CAR00415,TINV00068,2026-10-07,1,Airport,Hotel,1816,INR,paid,failed,2026-10-05
TBK000502,CUST00033,CAR00070,TINV00428,2027-03-22,4,City Centre,Airport,468,INR,paid,initiated,2027-03-12
TBK000503,CUST00263,CAR00044,TINV00265,2026-10-28,4,Bus Stand,City Centre,3514,INR,refunded,failed,2026-10-17
TBK000504,CUST00270,CAR00092,TINV00036,2027-01-02,4,Bus Stand,Railway Station,6745,INR,pending,confirmed,2026-12-20
TBK000505,CUST00141,CAR00485,TINV00455,2027-01-21,3,City Centre,Airport,8523,INR,pending,failed,2027-01-13
TBK000506,CUST00048,CAR00208,TINV00270,2026-12-08,4,Railway Station,Hotel,4716,INR,refunded,confirmed,2026-11-11
TBK000507,CUST00080,CAR00321,TINV00243,2026-12-04,7,Railway Station,City Centre,2828,INR,refunded,initiated,2026-11-04
TBK000508,CUST00213,CAR00200,TINV00242,2027-03-07,5,City Centre,Hotel,5198,INR,paid,failed,2027-03-03
TBK000509,CUST00083,CAR00198,TINV00178,2027-01-12,7,Airport,Railway Station,7759,INR,failed,initiated,2026-12-21
TBK000510,CUST00137,CAR00180,TINV00340,2027-02-19,5,City Centre,City Centre,1023,INR,refunded,confirmed,2027-02-14
TBK000511,CUST00095,CAR00229,TINV00298,2026-11-14,5,Airport,City Centre,951,INR,refunded,confirmed,2026-10-01
TBK000512,CUST00200,CAR00265,TINV00021,2026-10-06,5,City Centre,Airport,5028,INR,paid,failed,2026-10-06
TBK000513,CUST00002,CAR00064,TINV00052,2026-12-07,7,Railway Station,Airport,10558,INR,failed,confirmed,2026-10-25
TBK000514,CUST00013,CAR00004,TINV00469,2027-01-28,7,Railway Station,Bus Stand,10521,INR,pending,cancelled,2027-01-09
TBK000515,CUST00077,CAR00371,TINV00156,2027-01-21,2,Airport,Airport,11356,INR,pending,confirmed,2026-12-20
TBK000516,CUST00254,CAR00291,TINV00250,2027-03-19,7,Airport,Bus Stand,9389,INR,pending,initiated,2027-03-11
TBK000517,CUST00090,CAR00110,TINV00241,2027-04-13,6,Railway Station,City Centre,5346,INR,pending,failed,2027-03-12
TBK000518,CUST00020,CAR00263,TINV00003,2027-04-06,2,Railway Station,Hotel,9920,INR,failed,failed,2027-03-22
TBK000519,CUST00028,CAR00305,TINV00345,2027-03-17,6,Hotel,Airport,3248,INR,pending,failed,2027-02-16
TBK000520,CUST00226,CAR00434,TINV00230,2027-01-18,3,Railway Station,Railway Station,3565,INR,pending,failed,2027-01-08
TBK000521,CUST00165,CAR00362,TINV00354,2027-04-15,7,Hotel,Hotel,2499,INR,paid,cancelled,2027-03-04
TBK000522,CUST00171,CAR00031,TINV00104,2027-04-19,5,Bus Stand,Hotel,1637,INR,pending,failed,2027-03-12
TBK000523,CUST00034,CAR00407,TINV00349,2027-03-08,5,Railway Station,City Centre,2525,INR,failed,initiated,2027-03-04
TBK000524,CUST00152,CAR00297,TINV00025,2027-02-16,7,Bus Stand,City Centre,10685,INR,failed,confirmed,2027-02-06
TBK000525,CUST00083,CAR00107,TINV00045,2027-01-13,4,Hotel,Bus Stand,9862,INR,refunded,initiated,2026-12-28
TBK000526,CUST00200,CAR00263,TINV00356,2027-03-29,6,Hotel,Bus Stand,1100,INR,paid,cancelled,2027-03-15
TBK000527,CUST00034,CAR00034,TINV00349,2027-02-25,7,City Centre,Airport,250,INR,failed,failed,2027-02-16
TBK000528,CUST00239,CAR00182,TINV00176,2026-12-29,4,Bus Stand,Bus Stand,4168,INR,pending,failed,2026-11-17
TBK000529,CUST00188,CAR00452,TINV00350,2027-04-01,5,Bus Stand,Hotel,6617,INR,refunded,failed,2027-03-04
TBK000530,CUST00098,CAR00210,TINV00105,2027-03-08,4,City Centre,Bus Stand,6317,INR,failed,failed,2027-02-05
TBK000531,CUST00060,CAR00215,TINV00467,2027-04-21,2,Airport,Railway Station,1575,INR,pending,cancelled,2027-03-18
TBK000532,CUST00030,CAR00228,TINV00289,2026-12-29,4,City Centre,Airport,7893,INR,pending,failed,2026-11-14
TBK000533,CUST00111,CAR00097,TINV00350,2026-12-02,7,Hotel,City Centre,3956,INR,refunded,confirmed,2026-10-22
TBK000534,CUST00077,CAR00347,TINV00310,2026-12-01,3,Bus Stand,City Centre,11744,INR,failed,initiated,2026-11-15
TBK000535,CUST00204,CAR00036,TINV00304,2026-11-25,3,Hotel,Airport,11017,INR,pending,initiated,2026-10-18
TBK000536,CUST00207,CAR00257,TINV00021,2027-01-31,3,Railway Station,Bus Stand,8958,INR,pending,confirmed,2026-12-24
TBK000537,CUST00073,CAR00426,TINV00294,2027-02-26,5,Railway Station,Bus Stand,10082,INR,paid,confirmed,2027-02-15
TBK000538,CUST00153,CAR00300,TINV00231,2026-10-21,3,Airport,Railway Station,1686,INR,refunded,failed,2026-10-18
TBK000539,CUST00273,CAR00091,TINV00143,2026-11-17,4,Hotel,Railway Station,4907,INR,failed,failed,2026-11-05
TBK000540,CUST00114,CAR00388,TINV00067,2027-03-05,6,Bus Stand,City Centre,6369,INR,pending,initiated,2027-01-30
TBK000541,CUST00086,CAR00131,TINV00252,2027-01-26,5,City Centre,Airport,6510,INR,failed,confirmed,2027-01-10
TBK000542,CUST00088,CAR00299,TINV00181,2026-12-17,7,Railway Station,City Centre,4714,INR,refunded,confirmed,2026-11-08
TBK000543,CUST00278,CAR00151,TINV00276,2026-11-05,6,Hotel,Hotel,10392,INR,pending,initiated,2026-10-20
TBK000544,CUST00190,CAR00036,TINV00055,2026-11-07,2,Airport,Airport,9091,INR,refunded,initiated,2026-10-23
TBK000545,CUST00104,CAR00102,TINV00034,2027-02-11,3,Railway Station,Bus Stand,8560,INR,pending,initiated,2027-01-23
TBK000546,CUST00133,CAR00005,TINV00027,2027-03-09,6,Hotel,City Centre,11113,INR,refunded,cancelled,2027-02-18
TBK000547,CUST00266,CAR00277,TINV00315,2027-04-02,4,City Centre,Hotel,9681,INR,failed,failed,2027-03-10
TBK000548,CUST00080,CAR00183,TINV00248,2026-11-12,1,Bus Stand,Bus Stand,2812,INR,failed,cancelled,2026-11-02
TBK000549,CUST00231,CAR00236,TINV00271,2027-03-14,4,Hotel,Hotel,4623,INR,paid,initiated,2027-02-14
TBK000550,CUST00081,CAR00319,TINV00086,2027-04-17,4,Bus Stand,Airport,8758,INR,refunded,confirmed,2027-03-08
TBK000551,CUST00214,CAR00015,TINV00077,2026-12-08,6,Bus Stand,Railway Station,5157,INR,pending,initiated,2026-11-24
TBK000552,CUST00041,CAR00041,TINV00421,2026-12-07,4,Bus Stand,Airport,11077,INR,failed,initiated,2026-10-28
TBK000553,CUST00243,CAR00463,TINV00086,2026-11-03,5,Bus Stand,Bus Stand,10291,INR,pending,failed,2026-10-04
TBK000554,CUST00183,CAR00095,TINV00078,2027-03-20,6,Bus Stand,Airport,9673,INR,refunded,failed,2027-03-08
TBK000555,CUST00067,CAR00272,TINV00409,2027-04-27,1,Railway Station,Bus Stand,501,INR,refunded,initiated,2027-03-14
TBK000556,CUST00018,CAR00423,TINV00407,2027-03-09,5,Airport,City Centre,4292,INR,failed,cancelled,2027-02-08
TBK000557,CUST00098,CAR00249,TINV00293,2026-11-07,4,Railway Station,Hotel,10418,INR,failed,initiated,2026-10-17
TBK000558,CUST00249,CAR00137,TINV00339,2027-04-10,5,City Centre,City Centre,2874,INR,failed,confirmed,2027-02-25
TBK000559,CUST00231,CAR00311,TINV00498,2026-11-30,7,City Centre,Bus Stand,7609,INR,pending,failed,2026-10-25
TBK000560,CUST00053,CAR00039,TINV00139,2027-04-09,2,Hotel,Railway Station,303,INR,paid,cancelled,2027-03-02
TBK000561,CUST00113,CAR00086,TINV00257,2026-12-18,1,Bus Stand,City Centre,10253,INR,pending,failed,2026-11-27
TBK000562,CUST00273,CAR00319,TINV00490,2027-01-23,6,Bus Stand,Bus Stand,6634,INR,pending,cancelled,2026-12-13
TBK000563,CUST00198,CAR00108,TINV00425,2027-02-08,2,Hotel,Bus Stand,8898,INR,pending,cancelled,2027-01-25
TBK000564,CUST00078,CAR00290,TINV00098,2027-04-01,7,Hotel,Bus Stand,3212,INR,pending,cancelled,2027-03-01
TBK000565,CUST00261,CAR00455,TINV00031,2027-01-14,6,Hotel,City Centre,11575,INR,pending,cancelled,2026-12-18
TBK000566,CUST00290,CAR00141,TINV00418,2027-05-04,5,Hotel,City Centre,7556,INR,paid,initiated,2027-03-23
TBK000567,CUST00257,CAR00379,TINV00408,2027-01-28,6,Airport,City Centre,6283,INR,paid,initiated,2026-12-14
TBK000568,CUST00068,CAR00212,TINV00287,2026-12-19,2,Hotel,Hotel,11152,INR,pending,initiated,2026-12-19
TBK000569,CUST00049,CAR00193,TINV00150,2027-01-23,1,Hotel,Airport,5641,INR,failed,cancelled,2026-12-19
TBK000570,CUST00167,CAR00429,TINV00298,2026-11-08,1,Railway Station,Hotel,8967,INR,pending,failed,2026-11-05
TBK000571,CUST00235,CAR00125,TINV00064,2026-10-27,5,Airport,Airport,7228,INR,refunded,confirmed,2026-10-06
TBK000572,CUST00102,CAR00187,TINV00381,2027-01-31,2,Airport,Bus Stand,862,INR,paid,confirmed,2027-01-24
TBK000573,CUST00219,CAR00151,TINV00091,2027-01-27,5,Hotel,Railway Station,8171,INR,pending,cancelled,2027-01-17
TBK000574,CUST00017,CAR00415,TINV00137,2027-04-10,7,Hotel,Railway Station,8151,INR,refunded,confirmed,2027-02-26
TBK000575,CUST00298,CAR00456,TINV00352,2027-02-07,1,Hotel,Railway Station,6396,INR,refunded,initiated,2027-01-18
TBK000576,CUST00007,CAR00181,TINV00333,2027-04-10,6,Airport,Hotel,6140,INR,pending,initiated,2027-03-30
TBK000577,CUST00291,CAR00262,TINV00393,2027-01-30,3,Bus Stand,City Centre,7184,INR,failed,cancelled,2027-01-28
TBK000578,CUST00117,CAR00393,TINV00394,2027-04-10,3,Hotel,Railway Station,6762,INR,pending,initiated,2027-03-25
TBK000579,CUST00055,CAR00142,TINV00056,2026-12-28,3,Railway Station,City Centre,7839,INR,failed,initiated,2026-12-12
TBK000580,CUST00300,CAR00279,TINV00046,2026-12-11,2,Hotel,Airport,616,INR,pending,initiated,2026-12-10
TBK000581,CUST00129,CAR00186,TINV00180,2027-03-08,7,City Centre,Bus Stand,5615,INR,failed,cancelled,2027-02-14
TBK000582,CUST00066,CAR00147,TINV00352,2026-11-11,2,Airport,Hotel,8052,INR,pending,failed,2026-10-12
TBK000583,CUST00283,CAR00149,TINV00012,2027-01-09,7,Railway Station,Railway Station,8356,INR,pending,cancelled,2026-11-25
TBK000584,CUST00135,CAR00004,TINV00194,2026-12-12,1,Airport,Bus Stand,2168,INR,paid,initiated,2026-11-02
TBK000585,CUST00173,CAR00301,TINV00073,2027-01-24,3,Bus Stand,City Centre,6651,INR,refunded,failed,2027-01-15
TBK000586,CUST00107,CAR00007,TINV00252,2027-02-20,4,Airport,Bus Stand,9780,INR,failed,cancelled,2027-02-07
TBK000587,CUST00121,CAR00045,TINV00428,2027-04-11,1,Hotel,Airport,10907,INR,refunded,cancelled,2027-03-30
TBK000588,CUST00277,CAR00025,TINV00033,2027-01-19,2,Hotel,Railway Station,7355,INR,refunded,initiated,2026-12-28
TBK000589,CUST00146,CAR00460,TINV00026,2027-02-26,6,Bus Stand,Hotel,4184,INR,refunded,initiated,2027-02-05
TBK000590,CUST00008,CAR00325,TINV00234,2027-04-02,4,Railway Station,Hotel,9934,INR,paid,failed,2027-02-23
TBK000591,CUST00287,CAR00045,TINV00119,2027-01-23,4,Railway Station,Railway Station,3707,INR,pending,cancelled,2026-12-31
TBK000592,CUST00057,CAR00151,TINV00239,2026-12-29,7,Bus Stand,Hotel,4270,INR,failed,confirmed,2026-12-02
TBK000593,CUST00072,CAR00113,TINV00251,2026-11-23,7,Airport,Bus Stand,4601,INR,paid,failed,2026-11-10
TBK000594,CUST00065,CAR00048,TINV00451,2026-11-26,4,Bus Stand,Hotel,5490,INR,refunded,confirmed,2026-11-10
TBK000595,CUST00277,CAR00136,TINV00032,2027-04-21,6,Hotel,Hotel,4026,INR,failed,initiated,2027-03-11
TBK000596,CUST00038,CAR00461,TINV00150,2027-03-01,5,Airport,City Centre,10882,INR,paid,cancelled,2027-02-22
TBK000597,CUST00126,CAR00274,TINV00123,2026-11-20,4,Airport,Bus Stand,10645,INR,paid,cancelled,2026-10-20
TBK000598,CUST00046,CAR00121,TINV00124,2026-11-14,6,City Centre,City Centre,1237,INR,failed,confirmed,2026-11-06
TBK000599,CUST00032,CAR00202,TINV00265,2027-04-17,7,Airport,City Centre,11247,INR,failed,failed,2027-03-14
TBK000600,CUST00066,CAR00364,TINV00473,2027-01-14,6,City Centre,Railway Station,3524,INR,paid,initiated,2027-01-07
TBK000601,CUST00197,CAR00241,TINV00202,2026-11-17,2,Airport,Airport,6944,INR,paid,cancelled,2026-10-25
TBK000602,CUST00096,CAR00489,TINV00435,2026-10-29,7,City Centre,Railway Station,917,INR,pending,confirmed,2026-10-29
TBK000603,CUST00216,CAR00427,TINV00085,2026-12-07,4,Railway Station,City Centre,1095,INR,paid,initiated,2026-10-29
TBK000604,CUST00108,CAR00087,TINV00392,2027-02-25,2,Hotel,City Centre,8881,INR,paid,cancelled,2027-01-15
TBK000605,CUST00106,CAR00324,TINV00052,2026-11-04,6,Airport,City Centre,2256,INR,pending,confirmed,2026-10-22
TBK000606,CUST00197,CAR00102,TINV00371,2027-02-03,6,City Centre,Airport,2567,INR,failed,confirmed,2026-12-30
TBK000607,CUST00032,CAR00385,TINV00291,2026-12-11,7,City Centre,Hotel,8109,INR,failed,initiated,2026-12-05
TBK000608,CUST00237,CAR00310,TINV00460,2027-01-06,4,Hotel,City Centre,9515,INR,paid,confirmed,2026-11-23
TBK000609,CUST00061,CAR00481,TINV00499,2027-01-19,4,Hotel,Airport,7301,INR,failed,confirmed,2026-12-08
TBK000610,CUST00213,CAR00462,TINV00133,2027-02-28,7,Airport,Airport,2555,INR,refunded,cancelled,2027-02-23
TBK000611,CUST00149,CAR00346,TINV00414,2027-01-13,3,Hotel,Bus Stand,293,INR,pending,cancelled,2026-12-02
TBK000612,CUST00145,CAR00285,TINV00215,2027-02-17,5,Hotel,Bus Stand,2238,INR,paid,initiated,2027-01-19
TBK000613,CUST00005,CAR00393,TINV00142,2026-11-21,2,Bus Stand,Hotel,8504,INR,failed,confirmed,2026-11-07
TBK000614,CUST00014,CAR00368,TINV00113,2027-04-26,1,Hotel,Airport,8896,INR,failed,cancelled,2027-03-19
TBK000615,CUST00278,CAR00415,TINV00008,2026-11-13,2,Railway Station,City Centre,2608,INR,failed,confirmed,2026-11-01
TBK000616,CUST00083,CAR00366,TINV00325,2027-02-05,7,Railway Station,Airport,2101,INR,failed,failed,2027-01-19
TBK000617,CUST00033,CAR00194,TINV00247,2027-01-14,5,Hotel,Bus Stand,3012,INR,paid,initiated,2026-12-11
TBK000618,CUST00082,CAR00006,TINV00312,2027-03-22,4,City Centre,Hotel,4306,INR,failed,confirmed,2027-02-14
TBK000619,CUST00095,CAR00243,TINV00147,2026-12-05,1,Bus Stand,Bus Stand,2786,INR,paid,cancelled,2026-11-07
TBK000620,CUST00098,CAR00031,TINV00233,2027-02-23,1,Bus Stand,Bus Stand,9942,INR,pending,failed,2027-01-24
TBK000621,CUST00233,CAR00116,TINV00124,2027-01-16,5,Railway Station,Hotel,4792,INR,paid,initiated,2026-12-13
TBK000622,CUST00052,CAR00065,TINV00492,2027-03-13,3,Railway Station,Bus Stand,4433,INR,failed,cancelled,2027-01-29
TBK000623,CUST00159,CAR00108,TINV00062,2027-01-09,3,Bus Stand,Airport,6371,INR,failed,initiated,2026-12-01
TBK000624,CUST00295,CAR00093,TINV00063,2026-11-07,4,City Centre,Hotel,6842,INR,failed,cancelled,2026-10-12
TBK000625,CUST00187,CAR00053,TINV00047,2027-04-11,7,Bus Stand,Bus Stand,2984,INR,refunded,failed,2027-02-26
TBK000626,CUST00136,CAR00123,TINV00498,2027-01-03,2,Hotel,Railway Station,6682,INR,paid,cancelled,2026-11-30
TBK000627,CUST00180,CAR00181,TINV00340,2027-03-28,6,Airport,Railway Station,2139,INR,pending,failed,2027-03-26
TBK000628,CUST00143,CAR00072,TINV00391,2027-02-22,7,Railway Station,City Centre,2205,INR,failed,cancelled,2027-01-28
TBK000629,CUST00218,CAR00434,TINV00155,2027-01-10,3,Airport,Hotel,2543,INR,pending,cancelled,2026-12-08
TBK000630,CUST00278,CAR00428,TINV00082,2027-05-05,3,City Centre,Airport,9092,INR,pending,cancelled,2027-03-23
TBK000631,CUST00098,CAR00166,TINV00046,2026-12-11,2,Airport,Bus Stand,11161,INR,failed,failed,2026-12-11
TBK000632,CUST00142,CAR00343,TINV00302,2026-12-02,1,Railway Station,Hotel,9292,INR,pending,initiated,2026-10-31
TBK000633,CUST00197,CAR00294,TINV00375,2026-11-01,1,City Centre,Bus Stand,10183,INR,pending,cancelled,2026-10-16
TBK000634,CUST00026,CAR00109,TINV00273,2027-02-04,2,Railway Station,Airport,6630,INR,paid,cancelled,2027-01-11
TBK000635,CUST00257,CAR00452,TINV00132,2026-12-09,5,Airport,City Centre,401,INR,paid,cancelled,2026-11-13
TBK000636,CUST00176,CAR00279,TINV00047,2026-12-16,1,City Centre,Hotel,8393,INR,failed,initiated,2026-12-15
TBK000637,CUST00193,CAR00119,TINV00106,2027-01-21,1,Airport,City Centre,8778,INR,refunded,failed,2026-12-18
TBK000638,CUST00115,CAR00105,TINV00141,2027-04-12,6,Airport,Railway Station,2102,INR,paid,failed,2027-03-17
TBK000639,CUST00262,CAR00414,TINV00432,2026-11-27,4,Airport,Railway Station,728,INR,failed,failed,2026-10-20
TBK000640,CUST00039,CAR00241,TINV00347,2027-01-07,4,Bus Stand,Bus Stand,6059,INR,paid,initiated,2026-12-01
TBK000641,CUST00176,CAR00116,TINV00318,2027-01-24,6,Hotel,Bus Stand,6097,INR,paid,failed,2026-12-10
TBK000642,CUST00209,CAR00261,TINV00181,2027-01-15,6,Hotel,Airport,8771,INR,paid,confirmed,2026-12-08
TBK000643,CUST00280,CAR00073,TINV00074,2026-10-31,6,Hotel,Bus Stand,4619,INR,pending,cancelled,2026-10-10
TBK000644,CUST00085,CAR00229,TINV00112,2026-12-04,3,Railway Station,Bus Stand,11060,INR,paid,cancelled,2026-11-25
TBK000645,CUST00129,CAR00304,TINV00096,2027-01-13,7,Hotel,City Centre,10008,INR,refunded,cancelled,2026-12-06
TBK000646,CUST00253,CAR00185,TINV00374,2026-12-27,4,Airport,Airport,4320,INR,refunded,initiated,2026-11-15
TBK000647,CUST00198,CAR00377,TINV00172,2027-01-02,3,City Centre,Airport,5970,INR,pending,failed,2027-01-02
TBK000648,CUST00054,CAR00115,TINV00169,2027-03-04,3,City Centre,Hotel,3291,INR,paid,initiated,2027-03-02
TBK000649,CUST00288,CAR00368,TINV00316,2027-01-16,6,Railway Station,Railway Station,3939,INR,paid,confirmed,2027-01-09
TBK000650,CUST00140,CAR00457,TINV00461,2027-04-10,6,Railway Station,City Centre,4120,INR,paid,initiated,2027-03-16
TBK000651,CUST00070,CAR00249,TINV00353,2027-03-10,7,Railway Station,Railway Station,2563,INR,pending,failed,2027-02-05
TBK000652,CUST00248,CAR00485,TINV00380,2026-11-13,1,Airport,Airport,11317,INR,paid,initiated,2026-10-17
TBK000653,CUST00065,CAR00130,TINV00481,2027-02-06,1,Hotel,City Centre,7906,INR,paid,cancelled,2027-01-13
TBK000654,CUST00165,CAR00399,TINV00323,2027-01-31,5,Railway Station,City Centre,11938,INR,pending,failed,2026-12-18
TBK000655,CUST00223,CAR00282,TINV00213,2027-04-08,1,Railway Station,Railway Station,2269,INR,refunded,confirmed,2027-03-23
TBK000656,CUST00018,CAR00039,TINV00040,2027-02-07,6,Bus Stand,Airport,8572,INR,pending,cancelled,2027-01-17
TBK000657,CUST00109,CAR00334,TINV00216,2027-02-25,7,Hotel,City Centre,6637,INR,paid,initiated,2027-02-12
TBK000658,CUST00012,CAR00167,TINV00453,2027-04-10,3,Airport,Hotel,10510,INR,failed,cancelled,2027-03-14
TBK000659,CUST00101,CAR00090,TINV00031,2026-11-21,6,City Centre,Bus Stand,9142,INR,refunded,initiated,2026-11-15
TBK000660,CUST00173,CAR00166,TINV00008,2027-04-03,4,Hotel,Airport,7811,INR,refunded,failed,2027-03-11
TBK000661,CUST00247,CAR00430,TINV00191,2027-02-09,1,Bus Stand,Hotel,5485,INR,failed,cancelled,2027-01-13
TBK000662,CUST00218,CAR00385,TINV00270,2027-01-07,4,Bus Stand,Bus Stand,9876,INR,refunded,initiated,2026-11-30
TBK000663,CUST00046,CAR00105,TINV00425,2027-04-08,3,Airport,Airport,2503,INR,refunded,initiated,2027-02-25
TBK000664,CUST00186,CAR00407,TINV00190,2027-04-12,7,Hotel,Railway Station,10376,INR,paid,initiated,2027-02-26
TBK000665,CUST00003,CAR00179,TINV00244,2027-03-16,4,City Centre,Bus Stand,2080,INR,refunded,failed,2027-02-04
TBK000666,CUST00083,CAR00400,TINV00458,2027-01-02,6,Bus Stand,Railway Station,8041,INR,paid,confirmed,2026-11-26
TBK000667,CUST00219,CAR00368,TINV00105,2027-04-20,7,City Centre,Hotel,1805,INR,refunded,failed,2027-03-11
TBK000668,CUST00293,CAR00376,TINV00451,2026-11-02,3,Airport,Hotel,3496,INR,refunded,initiated,2026-10-09
TBK000669,CUST00162,CAR00168,TINV00233,2027-02-13,6,City Centre,Airport,11136,INR,refunded,confirmed,2027-01-20
TBK000670,CUST00142,CAR00339,TINV00098,2027-01-30,5,Hotel,Bus Stand,9778,INR,failed,initiated,2026-12-21
TBK000671,CUST00166,CAR00493,TINV00063,2027-03-17,5,Railway Station,Railway Station,9978,INR,pending,initiated,2027-02-21
TBK000672,CUST00106,CAR00252,TINV00214,2026-11-25,2,Railway Station,Airport,7792,INR,pending,cancelled,2026-10-11
TBK000673,CUST00128,CAR00467,TINV00091,2027-01-16,4,City Centre,Railway Station,4938,INR,refunded,initiated,2026-12-12
TBK000674,CUST00233,CAR00374,TINV00370,2026-11-26,6,Bus Stand,Hotel,10887,INR,failed,confirmed,2026-10-19
TBK000675,CUST00192,CAR00372,TINV00028,2027-03-24,1,Airport,Hotel,267,INR,failed,confirmed,2027-03-14
TBK000676,CUST00124,CAR00402,TINV00133,2027-02-10,1,Railway Station,Bus Stand,8626,INR,failed,failed,2026-12-27
TBK000677,CUST00023,CAR00099,TINV00094,2027-03-21,7,Bus Stand,Airport,2203,INR,paid,confirmed,2027-03-05
TBK000678,CUST00083,CAR00115,TINV00296,2027-02-20,4,Airport,City Centre,1466,INR,refunded,confirmed,2027-01-11
TBK000679,CUST00149,CAR00176,TINV00451,2027-02-10,1,Bus Stand,Hotel,6887,INR,failed,cancelled,2027-01-05
TBK000680,CUST00210,CAR00089,TINV00159,2026-12-31,1,Railway Station,Airport,11676,INR,pending,initiated,2026-12-26
TBK000681,CUST00066,CAR00160,TINV00127,2027-02-28,3,Hotel,Bus Stand,4105,INR,failed,initiated,2027-02-14
TBK000682,CUST00074,CAR00323,TINV00323,2027-03-18,1,Hotel,Hotel,10308,INR,refunded,initiated,2027-03-01
TBK000683,CUST00200,CAR00431,TINV00214,2026-12-10,4,City Centre,Railway Station,7187,INR,pending,cancelled,2026-11-07
TBK000684,CUST00114,CAR00047,TINV00479,2026-10-16,5,Hotel,Railway Station,10029,INR,paid,failed,2026-10-03
TBK000685,CUST00297,CAR00161,TINV00246,2027-02-07,1,City Centre,Bus Stand,4359,INR,failed,cancelled,2027-02-07
TBK000686,CUST00210,CAR00320,TINV00434,2027-01-17,7,Bus Stand,Airport,5440,INR,failed,failed,2026-12-23
TBK000687,CUST00123,CAR00306,TINV00344,2027-02-02,6,Bus Stand,Hotel,7193,INR,pending,cancelled,2027-01-01
TBK000688,CUST00043,CAR00163,TINV00139,2026-12-08,3,Hotel,Airport,8225,INR,paid,cancelled,2026-11-08
TBK000689,CUST00124,CAR00489,TINV00402,2026-12-22,5,Railway Station,City Centre,1196,INR,refunded,cancelled,2026-11-07
TBK000690,CUST00111,CAR00082,TINV00335,2027-02-02,5,Airport,Airport,748,INR,paid,cancelled,2026-12-29
TBK000691,CUST00075,CAR00208,TINV00054,2026-12-21,4,Railway Station,Bus Stand,6975,INR,paid,failed,2026-12-09
TBK000692,CUST00136,CAR00089,TINV00310,2027-03-17,4,Airport,Airport,8741,INR,paid,cancelled,2027-02-05
TBK000693,CUST00133,CAR00319,TINV00009,2026-12-20,1,Bus Stand,City Centre,10371,INR,pending,cancelled,2026-12-05
TBK000694,CUST00286,CAR00087,TINV00024,2027-03-07,5,City Centre,Bus Stand,10802,INR,failed,confirmed,2027-02-23
TBK000695,CUST00079,CAR00158,TINV00418,2027-01-25,2,Airport,Hotel,8172,INR,pending,confirmed,2027-01-07
TBK000696,CUST00250,CAR00316,TINV00184,2026-12-21,4,Airport,Hotel,7124,INR,failed,confirmed,2026-11-26
TBK000697,CUST00142,CAR00233,TINV00299,2027-01-12,7,Hotel,City Centre,11175,INR,paid,initiated,2026-12-29
TBK000698,CUST00011,CAR00335,TINV00471,2027-03-30,3,Hotel,Airport,3649,INR,pending,failed,2027-02-24
TBK000699,CUST00031,CAR00376,TINV00447,2027-03-21,7,Railway Station,City Centre,8737,INR,failed,failed,2027-03-06
TBK000700,CUST00025,CAR00135,TINV00212,2027-04-11,3,Railway Station,Hotel,11975,INR,paid,initiated,2027-02-25
TBK000701,CUST00023,CAR00162,TINV00476,2027-02-03,3,Bus Stand,Hotel,6694,INR,paid,confirmed,2027-01-20
TBK000702,CUST00149,CAR00439,TINV00222,2027-03-20,5,Airport,Railway Station,4911,INR,paid,confirmed,2027-03-14
TBK000703,CUST00239,CAR00025,TINV00039,2027-01-10,1,City Centre,Airport,4687,INR,refunded,confirmed,2026-12-06
TBK000704,CUST00105,CAR00365,TINV00307,2026-11-20,3,City Centre,Hotel,9648,INR,paid,cancelled,2026-11-15
TBK000705,CUST00295,CAR00264,TINV00499,2027-03-19,1,Railway Station,City Centre,7495,INR,failed,confirmed,2027-02-04
TBK000706,CUST00169,CAR00441,TINV00151,2027-01-12,6,Bus Stand,Hotel,11149,INR,pending,failed,2026-11-30
TBK000707,CUST00209,CAR00339,TINV00358,2026-11-26,5,Hotel,City Centre,9542,INR,failed,confirmed,2026-10-25
TBK000708,CUST00290,CAR00265,TINV00281,2027-01-26,6,Railway Station,Airport,1919,INR,refunded,failed,2026-12-15
TBK000709,CUST00047,CAR00291,TINV00187,2027-01-18,7,Airport,Hotel,8133,INR,pending,confirmed,2026-12-13
TBK000710,CUST00111,CAR00447,TINV00304,2027-01-02,3,Railway Station,Railway Station,854,INR,paid,cancelled,2026-12-30
TBK000711,CUST00028,CAR00395,TINV00469,2026-10-26,1,Bus Stand,Bus Stand,5856,INR,refunded,cancelled,2026-10-21
TBK000712,CUST00158,CAR00428,TINV00093,2027-04-13,7,City Centre,Hotel,8121,INR,paid,failed,2027-03-01
TBK000713,CUST00119,CAR00245,TINV00343,2027-01-28,4,Railway Station,Airport,10116,INR,failed,initiated,2027-01-06
TBK000714,CUST00106,CAR00228,TINV00136,2027-03-18,7,Hotel,Airport,7617,INR,refunded,cancelled,2027-03-07
TBK000715,CUST00007,CAR00015,TINV00096,2027-02-03,6,Hotel,Bus Stand,836,INR,failed,cancelled,2027-01-14
TBK000716,CUST00181,CAR00212,TINV00232,2026-11-24,1,Hotel,City Centre,6893,INR,refunded,failed,2026-11-01
TBK000717,CUST00271,CAR00212,TINV00429,2027-01-19,7,Bus Stand,Airport,10306,INR,pending,failed,2027-01-14
TBK000718,CUST00271,CAR00048,TINV00100,2026-12-01,2,Railway Station,Bus Stand,11520,INR,refunded,cancelled,2026-10-25
TBK000719,CUST00120,CAR00416,TINV00031,2027-02-14,6,Bus Stand,Bus Stand,1220,INR,pending,initiated,2027-01-26
TBK000720,CUST00022,CAR00235,TINV00479,2026-12-02,4,Airport,Hotel,11268,INR,failed,cancelled,2026-10-30
TBK000721,CUST00221,CAR00278,TINV00219,2027-03-11,6,Railway Station,Airport,10239,INR,paid,initiated,2027-02-03
TBK000722,CUST00168,CAR00108,TINV00220,2027-03-02,6,Railway Station,City Centre,3416,INR,refunded,cancelled,2027-02-15
TBK000723,CUST00138,CAR00119,TINV00188,2026-12-13,1,Airport,Bus Stand,5451,INR,pending,failed,2026-12-07
TBK000724,CUST00018,CAR00092,TINV00233,2027-01-05,7,Railway Station,Airport,4344,INR,refunded,failed,2026-11-23
TBK000725,CUST00195,CAR00401,TINV00367,2027-02-11,1,Airport,City Centre,11000,INR,pending,confirmed,2026-12-29
TBK000726,CUST00002,CAR00267,TINV00494,2027-02-18,6,Airport,City Centre,3603,INR,paid,initiated,2027-01-14
TBK000727,CUST00184,CAR00030,TINV00111,2027-01-25,6,Railway Station,Bus Stand,8984,INR,paid,initiated,2026-12-14
TBK000728,CUST00075,CAR00367,TINV00122,2026-11-04,2,Airport,Airport,1383,INR,failed,initiated,2026-10-25
TBK000729,CUST00031,CAR00093,TINV00240,2027-02-23,7,Airport,Hotel,3337,INR,pending,initiated,2027-01-30
TBK000730,CUST00087,CAR00218,TINV00311,2027-01-27,3,Bus Stand,Hotel,3809,INR,pending,failed,2026-12-21
TBK000731,CUST00233,CAR00066,TINV00340,2027-04-19,7,Bus Stand,City Centre,9830,INR,failed,initiated,2027-03-19
TBK000732,CUST00008,CAR00384,TINV00449,2027-02-26,2,Bus Stand,Bus Stand,11978,INR,paid,initiated,2027-02-20
TBK000733,CUST00131,CAR00186,TINV00346,2027-03-17,1,City Centre,Bus Stand,11900,INR,refunded,cancelled,2027-02-04
TBK000734,CUST00003,CAR00176,TINV00351,2027-03-01,3,Airport,City Centre,8286,INR,refunded,initiated,2027-02-28
TBK000735,CUST00131,CAR00213,TINV00252,2027-04-23,2,Railway Station,Bus Stand,8949,INR,pending,confirmed,2027-03-16
TBK000736,CUST00004,CAR00473,TINV00394,2026-11-11,7,Airport,Airport,4525,INR,pending,cancelled,2026-10-15
TBK000737,CUST00049,CAR00228,TINV00189,2027-03-28,6,Hotel,City Centre,3585,INR,paid,initiated,2027-03-27
TBK000738,CUST00222,CAR00344,TINV00117,2026-12-16,2,Bus Stand,Hotel,2219,INR,pending,cancelled,2026-11-24
TBK000739,CUST00229,CAR00431,TINV00124,2027-03-12,6,City Centre,Bus Stand,11119,INR,refunded,cancelled,2027-02-21
TBK000740,CUST00164,CAR00349,TINV00219,2027-04-29,5,Railway Station,City Centre,10518,INR,refunded,cancelled,2027-03-19
TBK000741,CUST00257,CAR00243,TINV00025,2026-12-21,5,City Centre,Hotel,6574,INR,refunded,confirmed,2026-11-21
TBK000742,CUST00006,CAR00139,TINV00335,2027-03-30,3,Hotel,Railway Station,3817,INR,failed,cancelled,2027-03-22
TBK000743,CUST00077,CAR00190,TINV00204,2027-01-11,7,Bus Stand,Bus Stand,4504,INR,failed,failed,2026-12-15
TBK000744,CUST00256,CAR00410,TINV00179,2027-01-11,7,City Centre,Hotel,1935,INR,pending,cancelled,2026-12-23
TBK000745,CUST00192,CAR00164,TINV00093,2027-01-15,6,Railway Station,City Centre,5142,INR,paid,confirmed,2026-12-20
TBK000746,CUST00070,CAR00458,TINV00419,2027-01-03,4,City Centre,Bus Stand,1378,INR,pending,initiated,2026-12-03
TBK000747,CUST00036,CAR00146,TINV00432,2026-11-23,6,Railway Station,City Centre,2946,INR,paid,failed,2026-11-04
TBK000748,CUST00277,CAR00391,TINV00026,2027-04-09,6,Hotel,Bus Stand,3785,INR,failed,confirmed,2027-03-05
TBK000749,CUST00201,CAR00330,TINV00110,2027-01-16,5,Airport,Railway Station,11451,INR,pending,cancelled,2026-12-24
TBK000750,CUST00150,CAR00023,TINV00139,2027-01-09,7,City Centre,Railway Station,9623,INR,paid,initiated,2026-12-27
TBK000751,CUST00165,CAR00150,TINV00139,2027-02-02,3,Bus Stand,City Centre,6792,INR,pending,cancelled,2027-01-02
TBK000752,CUST00174,CAR00436,TINV00352,2027-02-15,2,Hotel,Airport,9066,INR,pending,confirmed,2027-01-28
TBK000753,CUST00166,CAR00134,TINV00353,2026-12-08,3,City Centre,Railway Station,8718,INR,paid,cancelled,2026-11-03
TBK000754,CUST00166,CAR00184,TINV00185,2026-12-22,1,Airport,Bus Stand,9876,INR,refunded,failed,2026-12-19
TBK000755,CUST00060,CAR00302,TINV00139,2027-03-31,6,Airport,Airport,1593,INR,paid,failed,2027-02-27
TBK000756,CUST00256,CAR00463,TINV00337,2026-10-19,4,Airport,Railway Station,864,INR,refunded,confirmed,2026-10-15
TBK000757,CUST00169,CAR00071,TINV00141,2027-01-04,4,Hotel,City Centre,10290,INR,pending,failed,2026-12-27
TBK000758,CUST00165,CAR00381,TINV00471,2026-12-03,6,Airport,Airport,7176,INR,pending,failed,2026-11-06
TBK000759,CUST00101,CAR00458,TINV00400,2027-02-12,2,City Centre,Railway Station,3708,INR,refunded,failed,2027-01-27
TBK000760,CUST00172,CAR00053,TINV00386,2026-12-08,1,Bus Stand,Railway Station,10492,INR,refunded,initiated,2026-11-16
TBK000761,CUST00063,CAR00029,TINV00171,2027-04-16,6,City Centre,Bus Stand,9682,INR,refunded,confirmed,2027-03-25
TBK000762,CUST00228,CAR00302,TINV00032,2026-12-04,5,Airport,City Centre,4882,INR,paid,cancelled,2026-11-10
TBK000763,CUST00055,CAR00361,TINV00339,2027-01-12,2,City Centre,Railway Station,2179,INR,failed,initiated,2026-12-13
TBK000764,CUST00039,CAR00391,TINV00312,2026-11-27,7,Airport,Hotel,2512,INR,refunded,cancelled,2026-10-31
TBK000765,CUST00142,CAR00485,TINV00432,2027-04-03,5,Airport,City Centre,1310,INR,paid,cancelled,2027-03-12
TBK000766,CUST00147,CAR00468,TINV00333,2027-01-12,4,Airport,Hotel,4506,INR,failed,cancelled,2027-01-04
TBK000767,CUST00234,CAR00198,TINV00117,2027-04-30,7,Bus Stand,Airport,4728,INR,pending,initiated,2027-03-20
TBK000768,CUST00015,CAR00198,TINV00043,2026-10-15,4,Airport,Railway Station,5858,INR,pending,cancelled,2026-10-11
TBK000769,CUST00277,CAR00446,TINV00020,2026-10-30,5,City Centre,City Centre,8584,INR,refunded,initiated,2026-10-01
TBK000770,CUST00032,CAR00370,TINV00222,2027-02-20,6,Bus Stand,Railway Station,3464,INR,pending,confirmed,2027-01-19
TBK000771,CUST00224,CAR00284,TINV00450,2026-11-29,4,Airport,Railway Station,2368,INR,pending,initiated,2026-11-12
TBK000772,CUST00265,CAR00352,TINV00223,2027-02-06,3,Airport,City Centre,8682,INR,refunded,cancelled,2027-02-05
TBK000773,CUST00258,CAR00122,TINV00266,2027-03-27,4,Railway Station,Hotel,2706,INR,refunded,confirmed,2027-02-13
TBK000774,CUST00063,CAR00462,TINV00211,2027-01-31,6,City Centre,Airport,5496,INR,paid,failed,2026-12-28
TBK000775,CUST00194,CAR00042,TINV00454,2026-11-01,3,Hotel,Hotel,557,INR,pending,failed,2026-10-17
TBK000776,CUST00130,CAR00383,TINV00264,2027-01-25,3,Railway Station,Bus Stand,5967,INR,refunded,cancelled,2027-01-08
TBK000777,CUST00035,CAR00500,TINV00315,2027-02-16,4,Bus Stand,Airport,8238,INR,paid,cancelled,2027-01-29
TBK000778,CUST00255,CAR00330,TINV00317,2026-10-25,2,Bus Stand,Hotel,9162,INR,paid,failed,2026-10-03
TBK000779,CUST00101,CAR00231,TINV00047,2027-02-17,6,Airport,Hotel,4114,INR,pending,cancelled,2027-02-16
TBK000780,CUST00013,CAR00074,TINV00042,2026-11-15,7,Railway Station,Airport,4157,INR,paid,initiated,2026-10-17
TBK000781,CUST00010,CAR00423,TINV00222,2027-01-21,5,Railway Station,Bus Stand,11884,INR,pending,initiated,2026-12-27
TBK000782,CUST00284,CAR00484,TINV00010,2026-12-07,2,Hotel,Hotel,939,INR,paid,initiated,2026-11-28
TBK000783,CUST00163,CAR00320,TINV00351,2027-02-08,1,Airport,Hotel,11012,INR,refunded,initiated,2027-02-08
TBK000784,CUST00245,CAR00257,TINV00337,2027-04-13,5,Airport,Bus Stand,10531,INR,pending,failed,2027-03-23
TBK000785,CUST00260,CAR00466,TINV00013,2027-01-01,7,Airport,Bus Stand,7794,INR,paid,initiated,2026-12-12
TBK000786,CUST00091,CAR00226,TINV00274,2026-10-16,1,City Centre,Bus Stand,11709,INR,paid,confirmed,2026-10-14
TBK000787,CUST00064,CAR00388,TINV00142,2027-03-06,1,Bus Stand,Hotel,11060,INR,refunded,failed,2027-01-20
TBK000788,CUST00007,CAR00014,TINV00200,2027-05-05,5,Airport,Railway Station,11049,INR,pending,cancelled,2027-03-25
TBK000789,CUST00174,CAR00076,TINV00487,2027-02-08,4,Airport,Airport,7133,INR,failed,failed,2027-01-09
TBK000790,CUST00124,CAR00461,TINV00229,2027-03-03,1,City Centre,Railway Station,2376,INR,failed,cancelled,2027-01-25
TBK000791,CUST00081,CAR00148,TINV00453,2026-11-28,7,Bus Stand,Bus Stand,8516,INR,pending,failed,2026-11-18
TBK000792,CUST00110,CAR00313,TINV00192,2026-12-27,2,City Centre,City Centre,2370,INR,refunded,cancelled,2026-12-04
TBK000793,CUST00254,CAR00107,TINV00402,2027-04-11,1,City Centre,City Centre,693,INR,refunded,initiated,2027-03-08
TBK000794,CUST00047,CAR00474,TINV00374,2027-02-08,5,Bus Stand,City Centre,2350,INR,failed,confirmed,2027-01-13
TBK000795,CUST00158,CAR00239,TINV00478,2027-03-10,1,Airport,City Centre,4751,INR,paid,failed,2027-02-03
TBK000796,CUST00156,CAR00238,TINV00013,2027-01-29,7,Airport,City Centre,2660,INR,refunded,initiated,2026-12-30
TBK000797,CUST00098,CAR00285,TINV00409,2027-02-01,4,Airport,City Centre,2463,INR,paid,initiated,2026-12-28
TBK000798,CUST00243,CAR00082,TINV00260,2027-03-31,2,Hotel,Railway Station,4780,INR,pending,failed,2027-03-16
TBK000799,CUST00105,CAR00137,TINV00485,2027-03-18,7,City Centre,Hotel,3619,INR,paid,initiated,2027-02-19
TBK000800,CUST00051,CAR00035,TINV00132,2026-12-01,2,Bus Stand,Hotel,2729,INR,paid,confirmed,2026-11-25
TBK000801,CUST00015,CAR00009,TINV00018,2027-02-27,7,Bus Stand,City Centre,3367,INR,paid,initiated,2027-02-27
TBK000802,CUST00042,CAR00309,TINV00008,2026-11-09,5,Railway Station,Hotel,10990,INR,failed,confirmed,2026-11-01
TBK000803,CUST00100,CAR00035,TINV00074,2026-11-28,4,Airport,Bus Stand,9723,INR,paid,failed,2026-10-25
TBK000804,CUST00263,CAR00007,TINV00356,2026-12-11,1,Railway Station,Hotel,8013,INR,refunded,confirmed,2026-11-29
TBK000805,CUST00163,CAR00079,TINV00094,2027-03-02,3,Railway Station,City Centre,934,INR,pending,failed,2027-03-02
TBK000806,CUST00122,CAR00061,TINV00433,2027-03-15,4,Airport,Railway Station,11830,INR,paid,confirmed,2027-02-17
TBK000807,CUST00084,CAR00398,TINV00142,2026-10-28,6,Airport,City Centre,580,INR,paid,failed,2026-10-25
TBK000808,CUST00162,CAR00025,TINV00092,2027-02-23,2,Railway Station,Railway Station,9407,INR,refunded,confirmed,2027-01-24
TBK000809,CUST00282,CAR00444,TINV00456,2027-03-14,3,City Centre,Hotel,3445,INR,refunded,initiated,2027-03-06
TBK000810,CUST00042,CAR00433,TINV00377,2027-02-13,7,Airport,Hotel,6150,INR,pending,failed,2027-01-27
TBK000811,CUST00053,CAR00278,TINV00458,2026-12-11,6,Hotel,Bus Stand,1670,INR,refunded,confirmed,2026-10-31
TBK000812,CUST00168,CAR00493,TINV00015,2026-12-08,5,Hotel,City Centre,2008,INR,failed,initiated,2026-11-04
TBK000813,CUST00234,CAR00278,TINV00219,2027-02-22,3,Hotel,Bus Stand,4809,INR,pending,confirmed,2027-01-22
TBK000814,CUST00127,CAR00024,TINV00193,2027-03-13,4,Railway Station,Bus Stand,908,INR,failed,cancelled,2027-02-16
TBK000815,CUST00131,CAR00179,TINV00413,2026-12-27,3,Railway Station,Railway Station,9308,INR,failed,failed,2026-12-16
TBK000816,CUST00251,CAR00167,TINV00014,2027-01-03,5,Airport,Bus Stand,10913,INR,refunded,cancelled,2026-12-25
TBK000817,CUST00093,CAR00027,TINV00183,2026-11-23,7,City Centre,City Centre,7210,INR,pending,cancelled,2026-10-21
TBK000818,CUST00197,CAR00021,TINV00425,2027-01-12,7,Railway Station,Airport,6885,INR,paid,confirmed,2026-12-24
TBK000819,CUST00136,CAR00435,TINV00222,2026-12-04,3,Hotel,Railway Station,614,INR,refunded,cancelled,2026-10-27
TBK000820,CUST00294,CAR00009,TINV00036,2026-12-13,3,Railway Station,Bus Stand,8904,INR,failed,cancelled,2026-11-10
TBK000821,CUST00060,CAR00049,TINV00487,2027-03-13,5,Hotel,Hotel,9848,INR,refunded,failed,2027-02-24
TBK000822,CUST00109,CAR00045,TINV00027,2026-12-16,2,Railway Station,Bus Stand,10107,INR,refunded,failed,2026-11-29
TBK000823,CUST00202,CAR00252,TINV00352,2026-12-13,5,Airport,Airport,5517,INR,refunded,failed,2026-10-31
TBK000824,CUST00151,CAR00309,TINV00153,2026-10-25,6,Airport,City Centre,3944,INR,paid,initiated,2026-10-22
TBK000825,CUST00186,CAR00194,TINV00347,2026-12-06,2,Bus Stand,Hotel,1571,INR,pending,cancelled,2026-11-08
TBK000826,CUST00135,CAR00060,TINV00408,2027-03-09,1,Hotel,City Centre,649,INR,paid,confirmed,2027-03-01
TBK000827,CUST00210,CAR00126,TINV00115,2026-12-06,1,City Centre,Airport,4089,INR,pending,confirmed,2026-11-27
TBK000828,CUST00020,CAR00428,TINV00319,2026-11-28,1,Hotel,Bus Stand,2873,INR,refunded,failed,2026-11-03
TBK000829,CUST00159,CAR00218,TINV00309,2027-01-10,2,Railway Station,City Centre,3946,INR,pending,failed,2027-01-01
TBK000830,CUST00011,CAR00189,TINV00498,2027-04-04,7,Airport,Hotel,5269,INR,pending,initiated,2027-03-11
TBK000831,CUST00171,CAR00295,TINV00208,2026-11-28,5,Bus Stand,Bus Stand,11700,INR,refunded,confirmed,2026-11-23
TBK000832,CUST00277,CAR00463,TINV00499,2027-01-02,2,Railway Station,Bus Stand,11700,INR,failed,confirmed,2026-11-26
TBK000833,CUST00135,CAR00495,TINV00226,2026-10-14,5,City Centre,Railway Station,8929,INR,refunded,failed,2026-10-03
TBK000834,CUST00083,CAR00321,TINV00094,2026-11-23,6,Airport,City Centre,1643,INR,refunded,confirmed,2026-11-07
TBK000835,CUST00113,CAR00475,TINV00012,2027-01-18,3,Hotel,City Centre,10890,INR,failed,initiated,2026-12-20
TBK000836,CUST00234,CAR00032,TINV00364,2027-01-15,3,Railway Station,Hotel,9249,INR,pending,initiated,2026-12-06
TBK000837,CUST00171,CAR00421,TINV00261,2026-12-14,5,City Centre,Airport,599,INR,paid,cancelled,2026-11-22
TBK000838,CUST00220,CAR00358,TINV00282,2026-12-12,6,Airport,Bus Stand,298,INR,paid,failed,2026-12-01
TBK000839,CUST00153,CAR00203,TINV00382,2026-12-28,1,Railway Station,Railway Station,4901,INR,refunded,initiated,2026-12-15
TBK000840,CUST00259,CAR00423,TINV00349,2026-10-10,5,Hotel,Bus Stand,8085,INR,paid,initiated,2026-10-07
TBK000841,CUST00087,CAR00319,TINV00229,2027-04-06,1,Railway Station,Bus Stand,11854,INR,refunded,initiated,2027-03-18
TBK000842,CUST00101,CAR00438,TINV00208,2026-11-30,3,Railway Station,Bus Stand,3667,INR,refunded,failed,2026-10-30
TBK000843,CUST00141,CAR00442,TINV00173,2027-01-12,6,Railway Station,City Centre,7874,INR,refunded,cancelled,2026-12-07
TBK000844,CUST00210,CAR00078,TINV00472,2027-02-24,6,Railway Station,Bus Stand,10137,INR,paid,initiated,2027-02-18
TBK000845,CUST00021,CAR00234,TINV00340,2027-04-10,3,City Centre,Bus Stand,10129,INR,refunded,cancelled,2027-03-30
TBK000846,CUST00131,CAR00148,TINV00394,2027-04-08,4,Bus Stand,Bus Stand,9949,INR,refunded,initiated,2027-03-15
TBK000847,CUST00218,CAR00298,TINV00245,2027-02-25,7,Bus Stand,City Centre,2169,INR,failed,failed,2027-02-10
TBK000848,CUST00129,CAR00266,TINV00400,2027-02-06,4,Airport,Railway Station,2431,INR,pending,initiated,2027-01-30
TBK000849,CUST00157,CAR00252,TINV00431,2026-12-29,1,City Centre,Railway Station,8334,INR,paid,cancelled,2026-12-12
TBK000850,CUST00031,CAR00129,TINV00169,2027-02-11,2,Hotel,Hotel,7950,INR,paid,failed,2027-02-07
TBK000851,CUST00168,CAR00080,TINV00009,2027-04-08,7,City Centre,Bus Stand,936,INR,pending,cancelled,2027-03-12
TBK000852,CUST00232,CAR00209,TINV00491,2027-03-11,7,Bus Stand,Railway Station,5662,INR,pending,confirmed,2027-01-31
TBK000853,CUST00162,CAR00478,TINV00191,2027-03-27,3,Airport,Bus Stand,3772,INR,failed,failed,2027-03-18
TBK000854,CUST00166,CAR00290,TINV00121,2027-02-15,7,Hotel,Airport,5299,INR,failed,failed,2027-01-09
TBK000855,CUST00136,CAR00463,TINV00439,2027-01-30,1,Railway Station,Bus Stand,3985,INR,pending,initiated,2026-12-28
TBK000856,CUST00148,CAR00122,TINV00047,2027-03-02,6,Railway Station,Hotel,2528,INR,pending,confirmed,2027-02-10
TBK000857,CUST00002,CAR00012,TINV00069,2027-02-06,1,Hotel,City Centre,432,INR,pending,initiated,2026-12-28
TBK000858,CUST00008,CAR00002,TINV00299,2027-03-22,3,Hotel,Bus Stand,8000,INR,pending,confirmed,2027-02-07
TBK000859,CUST00206,CAR00059,TINV00313,2027-02-26,4,Bus Stand,Hotel,6361,INR,pending,initiated,2027-02-24
TBK000860,CUST00149,CAR00386,TINV00280,2027-03-06,1,Hotel,Airport,2557,INR,paid,confirmed,2027-02-11
TBK000861,CUST00125,CAR00475,TINV00172,2027-02-25,6,Airport,Bus Stand,4159,INR,paid,failed,2027-02-19
TBK000862,CUST00035,CAR00050,TINV00213,2026-11-07,6,Hotel,Bus Stand,8400,INR,paid,confirmed,2026-11-07
TBK000863,CUST00271,CAR00222,TINV00004,2027-02-09,5,Railway Station,Airport,8018,INR,refunded,failed,2027-01-31
TBK000864,CUST00241,CAR00251,TINV00039,2027-01-16,2,City Centre,Railway Station,5329,INR,paid,confirmed,2026-12-12
TBK000865,CUST00071,CAR00394,TINV00211,2027-03-30,7,Railway Station,Hotel,10120,INR,refunded,initiated,2027-02-15
TBK000866,CUST00256,CAR00401,TINV00034,2027-01-14,3,Railway Station,City Centre,1931,INR,pending,initiated,2026-12-25
TBK000867,CUST00201,CAR00433,TINV00206,2026-12-03,6,Airport,Airport,9735,INR,refunded,confirmed,2026-11-18
TBK000868,CUST00147,CAR00488,TINV00409,2027-03-10,3,Airport,Bus Stand,7289,INR,pending,failed,2027-01-27
TBK000869,CUST00118,CAR00394,TINV00330,2026-12-14,4,City Centre,Airport,11069,INR,failed,failed,2026-12-07
TBK000870,CUST00279,CAR00160,TINV00034,2027-02-12,5,Bus Stand,Hotel,5921,INR,paid,initiated,2027-01-07
TBK000871,CUST00090,CAR00072,TINV00370,2027-03-22,5,Railway Station,City Centre,10266,INR,failed,failed,2027-02-08
TBK000872,CUST00013,CAR00306,TINV00248,2026-12-14,1,Railway Station,City Centre,967,INR,paid,initiated,2026-12-09
TBK000873,CUST00248,CAR00235,TINV00299,2027-04-18,3,Railway Station,Bus Stand,7337,INR,paid,confirmed,2027-03-17
TBK000874,CUST00084,CAR00325,TINV00011,2027-03-11,5,Railway Station,Hotel,9706,INR,failed,confirmed,2027-02-04
TBK000875,CUST00041,CAR00459,TINV00426,2026-11-16,1,Railway Station,Bus Stand,1583,INR,refunded,confirmed,2026-11-09
TBK000876,CUST00207,CAR00258,TINV00397,2026-11-18,2,City Centre,City Centre,4576,INR,failed,initiated,2026-11-06
TBK000877,CUST00208,CAR00055,TINV00084,2026-12-10,4,Bus Stand,Airport,2366,INR,failed,initiated,2026-11-20
TBK000878,CUST00003,CAR00052,TINV00347,2027-03-11,1,Hotel,Hotel,5570,INR,failed,confirmed,2027-03-07
TBK000879,CUST00271,CAR00175,TINV00066,2027-03-25,2,Railway Station,Hotel,9159,INR,paid,confirmed,2027-03-25
TBK000880,CUST00186,CAR00192,TINV00196,2026-12-04,7,Hotel,Hotel,9841,INR,refunded,initiated,2026-11-10
TBK000881,CUST00118,CAR00266,TINV00008,2027-04-04,3,Bus Stand,Railway Station,6483,INR,pending,failed,2027-03-02
TBK000882,CUST00033,CAR00133,TINV00227,2027-02-11,5,Railway Station,Airport,10160,INR,pending,failed,2027-01-23
TBK000883,CUST00025,CAR00048,TINV00144,2027-04-18,3,Airport,Railway Station,680,INR,failed,initiated,2027-03-29
TBK000884,CUST00266,CAR00045,TINV00313,2026-12-28,7,Railway Station,City Centre,3550,INR,refunded,initiated,2026-11-28
TBK000885,CUST00005,CAR00234,TINV00407,2026-12-28,5,City Centre,Railway Station,2174,INR,pending,confirmed,2026-12-10
TBK000886,CUST00049,CAR00438,TINV00422,2026-11-29,2,Bus Stand,Bus Stand,3268,INR,pending,confirmed,2026-11-15
TBK000887,CUST00018,CAR00224,TINV00222,2027-01-05,1,Hotel,City Centre,3922,INR,pending,failed,2026-11-23
TBK000888,CUST00001,CAR00339,TINV00480,2027-02-22,4,Railway Station,Bus Stand,7465,INR,refunded,cancelled,2027-02-21
TBK000889,CUST00253,CAR00056,TINV00383,2026-11-05,7,Airport,Bus Stand,3830,INR,paid,confirmed,2026-10-16
TBK000890,CUST00219,CAR00467,TINV00070,2027-03-11,3,City Centre,City Centre,7955,INR,refunded,confirmed,2027-02-20
TBK000891,CUST00025,CAR00292,TINV00033,2026-11-30,3,Airport,Hotel,8122,INR,failed,confirmed,2026-11-19
TBK000892,CUST00174,CAR00249,TINV00499,2026-11-27,2,Bus Stand,Bus Stand,782,INR,paid,confirmed,2026-11-15
TBK000893,CUST00006,CAR00173,TINV00426,2026-12-21,2,City Centre,City Centre,8107,INR,paid,failed,2026-12-02
TBK000894,CUST00176,CAR00023,TINV00005,2027-01-30,1,Bus Stand,Hotel,11987,INR,failed,cancelled,2027-01-06
TBK000895,CUST00024,CAR00471,TINV00447,2026-12-27,7,Bus Stand,Railway Station,3868,INR,refunded,confirmed,2026-12-11
TBK000896,CUST00037,CAR00425,TINV00046,2026-10-15,3,Hotel,Bus Stand,10470,INR,failed,confirmed,2026-10-12
TBK000897,CUST00136,CAR00269,TINV00068,2026-12-02,5,Railway Station,Bus Stand,6227,INR,paid,failed,2026-11-03
TBK000898,CUST00243,CAR00186,TINV00204,2026-10-27,3,Airport,Railway Station,3667,INR,pending,failed,2026-10-22
TBK000899,CUST00078,CAR00093,TINV00269,2027-01-25,4,Airport,City Centre,7101,INR,pending,confirmed,2026-12-15
TBK000900,CUST00096,CAR00025,TINV00400,2027-03-19,4,Railway Station,Hotel,846,INR,pending,initiated,2027-03-18
TBK000901,CUST00211,CAR00408,TINV00103,2026-11-08,1,Airport,City Centre,11073,INR,failed,failed,2026-11-01
TBK000902,CUST00229,CAR00360,TINV00087,2027-01-19,3,Bus Stand,City Centre,10929,INR,pending,cancelled,2026-12-19
TBK000903,CUST00053,CAR00381,TINV00440,2027-01-03,5,Airport,Airport,5907,INR,pending,cancelled,2026-12-24
TBK000904,CUST00085,CAR00298,TINV00174,2027-04-20,1,Airport,Bus Stand,8842,INR,pending,confirmed,2027-03-14
TBK000905,CUST00200,CAR00068,TINV00363,2026-10-29,4,Railway Station,Railway Station,11979,INR,refunded,confirmed,2026-10-08
TBK000906,CUST00272,CAR00236,TINV00155,2026-10-22,2,Airport,Railway Station,7343,INR,refunded,initiated,2026-10-01
TBK000907,CUST00159,CAR00272,TINV00466,2026-11-20,2,Hotel,City Centre,7378,INR,pending,failed,2026-10-24
TBK000908,CUST00260,CAR00116,TINV00344,2027-01-16,5,Bus Stand,Hotel,8036,INR,refunded,initiated,2026-12-03
TBK000909,CUST00062,CAR00464,TINV00344,2027-02-05,3,Bus Stand,Airport,5562,INR,pending,failed,2026-12-23
TBK000910,CUST00026,CAR00217,TINV00342,2027-03-05,1,Bus Stand,City Centre,3562,INR,paid,initiated,2027-02-15
TBK000911,CUST00109,CAR00241,TINV00332,2027-02-12,2,Airport,Hotel,7956,INR,refunded,cancelled,2027-02-04
TBK000912,CUST00096,CAR00228,TINV00139,2027-03-27,5,City Centre,Railway Station,3262,INR,refunded,confirmed,2027-03-07
TBK000913,CUST00128,CAR00023,TINV00097,2027-03-15,7,Bus Stand,Airport,1874,INR,refunded,failed,2027-03-03
TBK000914,CUST00107,CAR00122,TINV00319,2026-12-30,3,Airport,Bus Stand,11547,INR,failed,initiated,2026-11-24
TBK000915,CUST00243,CAR00493,TINV00414,2026-10-18,5,City Centre,City Centre,1025,INR,paid,confirmed,2026-10-15
TBK000916,CUST00300,CAR00039,TINV00337,2027-03-03,6,City Centre,Bus Stand,6197,INR,paid,failed,2027-02-26
TBK000917,CUST00078,CAR00083,TINV00293,2027-01-27,5,Railway Station,City Centre,8274,INR,refunded,cancelled,2026-12-31
TBK000918,CUST00273,CAR00319,TINV00490,2027-04-20,2,Railway Station,Bus Stand,5643,INR,paid,failed,2027-03-22
TBK000919,CUST00190,CAR00277,TINV00371,2027-03-01,4,Bus Stand,Railway Station,4819,INR,pending,initiated,2027-02-27
TBK000920,CUST00283,CAR00256,TINV00367,2026-11-21,1,Bus Stand,Railway Station,2364,INR,paid,confirmed,2026-11-16
TBK000921,CUST00012,CAR00020,TINV00082,2027-03-11,5,Hotel,Bus Stand,4147,INR,refunded,failed,2027-02-10
TBK000922,CUST00176,CAR00217,TINV00297,2027-04-29,5,Airport,Hotel,8544,INR,failed,initiated,2027-03-24
TBK000923,CUST00063,CAR00354,TINV00278,2027-03-27,1,Hotel,Railway Station,4866,INR,pending,confirmed,2027-03-08
TBK000924,CUST00298,CAR00086,TINV00059,2027-02-04,5,Hotel,Bus Stand,1231,INR,failed,failed,2027-01-04
TBK000925,CUST00161,CAR00286,TINV00163,2027-02-27,4,Bus Stand,Railway Station,7321,INR,paid,confirmed,2027-02-26
TBK000926,CUST00242,CAR00031,TINV00414,2026-10-26,5,Hotel,Hotel,10838,INR,refunded,confirmed,2026-10-18
TBK000927,CUST00012,CAR00091,TINV00097,2027-01-04,7,City Centre,Hotel,8332,INR,refunded,cancelled,2027-01-02
TBK000928,CUST00036,CAR00118,TINV00328,2027-01-29,7,City Centre,Hotel,8696,INR,failed,failed,2027-01-17
TBK000929,CUST00076,CAR00066,TINV00140,2027-04-27,3,Bus Stand,Airport,936,INR,refunded,cancelled,2027-03-18
TBK000930,CUST00202,CAR00275,TINV00459,2027-03-18,2,Hotel,Bus Stand,10490,INR,paid,confirmed,2027-02-17
TBK000931,CUST00071,CAR00430,TINV00320,2026-12-18,6,Railway Station,City Centre,5961,INR,pending,cancelled,2026-12-06
TBK000932,CUST00193,CAR00057,TINV00305,2027-05-05,1,City Centre,Airport,1376,INR,pending,failed,2027-03-30
TBK000933,CUST00214,CAR00275,TINV00417,2026-12-22,7,Railway Station,City Centre,10748,INR,refunded,cancelled,2026-12-08
TBK000934,CUST00062,CAR00119,TINV00406,2027-01-22,2,City Centre,Airport,2286,INR,failed,confirmed,2027-01-21
TBK000935,CUST00288,CAR00240,TINV00213,2027-01-14,4,City Centre,Airport,4225,INR,refunded,confirmed,2026-12-14
TBK000936,CUST00291,CAR00407,TINV00327,2027-02-08,2,City Centre,Bus Stand,8594,INR,pending,initiated,2027-01-21
TBK000937,CUST00120,CAR00249,TINV00273,2027-03-26,7,Hotel,Bus Stand,2765,INR,failed,initiated,2027-03-13
TBK000938,CUST00280,CAR00050,TINV00231,2027-01-14,2,City Centre,City Centre,11036,INR,refunded,cancelled,2026-12-09
TBK000939,CUST00081,CAR00334,TINV00077,2027-01-21,3,Hotel,Hotel,2100,INR,pending,initiated,2026-12-20
TBK000940,CUST00116,CAR00034,TINV00081,2027-03-16,1,Airport,Airport,9852,INR,paid,cancelled,2027-02-18
TBK000941,CUST00189,CAR00414,TINV00281,2027-01-07,4,Hotel,Railway Station,5608,INR,refunded,cancelled,2027-01-02
TBK000942,CUST00257,CAR00045,TINV00076,2027-03-11,3,Hotel,Railway Station,9503,INR,pending,cancelled,2027-02-04
TBK000943,CUST00026,CAR00326,TINV00232,2027-04-08,4,Hotel,Hotel,3377,INR,failed,initiated,2027-03-16
TBK000944,CUST00076,CAR00150,TINV00432,2026-10-27,1,Airport,Bus Stand,5292,INR,failed,failed,2026-10-03
TBK000945,CUST00159,CAR00201,TINV00004,2027-03-02,4,Railway Station,Railway Station,7574,INR,paid,failed,2027-01-16
TBK000946,CUST00250,CAR00084,TINV00390,2027-01-27,1,Hotel,City Centre,1613,INR,failed,initiated,2026-12-28
TBK000947,CUST00060,CAR00132,TINV00215,2026-10-14,4,Railway Station,Hotel,11162,INR,pending,cancelled,2026-10-01
TBK000948,CUST00245,CAR00317,TINV00372,2027-02-06,6,Hotel,Hotel,8913,INR,refunded,failed,2026-12-26
TBK000949,CUST00181,CAR00182,TINV00302,2026-11-02,6,Railway Station,Railway Station,9819,INR,failed,cancelled,2026-10-27
TBK000950,CUST00228,CAR00372,TINV00156,2026-12-24,5,Bus Stand,City Centre,3772,INR,refunded,initiated,2026-12-16
TBK000951,CUST00256,CAR00213,TINV00306,2026-12-24,1,City Centre,Hotel,5205,INR,failed,confirmed,2026-11-21
TBK000952,CUST00082,CAR00142,TINV00474,2027-02-22,4,Railway Station,Airport,5762,INR,failed,confirmed,2027-02-12
TBK000953,CUST00075,CAR00097,TINV00492,2026-10-13,4,Railway Station,Airport,3485,INR,failed,failed,2026-10-06
TBK000954,CUST00193,CAR00365,TINV00324,2026-12-08,5,Railway Station,Bus Stand,8316,INR,failed,confirmed,2026-10-30
TBK000955,CUST00150,CAR00435,TINV00411,2027-04-19,7,Hotel,Bus Stand,4175,INR,paid,confirmed,2027-03-06
TBK000956,CUST00189,CAR00156,TINV00262,2027-02-18,6,Railway Station,City Centre,6189,INR,pending,initiated,2027-01-17
TBK000957,CUST00299,CAR00485,TINV00381,2027-02-01,6,Hotel,Bus Stand,6909,INR,paid,failed,2026-12-19
TBK000958,CUST00222,CAR00305,TINV00487,2027-04-05,3,City Centre,Airport,8728,INR,pending,cancelled,2027-03-29
TBK000959,CUST00099,CAR00451,TINV00207,2026-10-10,1,Hotel,Hotel,8025,INR,paid,initiated,2026-10-09
TBK000960,CUST00216,CAR00117,TINV00236,2026-10-11,1,Bus Stand,Airport,5076,INR,refunded,failed,2026-10-10
TBK000961,CUST00174,CAR00094,TINV00451,2026-10-29,2,Railway Station,Hotel,1081,INR,failed,confirmed,2026-10-05
TBK000962,CUST00242,CAR00150,TINV00128,2027-05-02,5,Hotel,Airport,5206,INR,refunded,confirmed,2027-03-25
TBK000963,CUST00267,CAR00188,TINV00289,2027-02-09,5,Railway Station,Airport,10029,INR,pending,failed,2027-02-01
TBK000964,CUST00266,CAR00456,TINV00183,2027-03-30,5,Railway Station,Airport,1818,INR,refunded,failed,2027-03-08
TBK000965,CUST00253,CAR00409,TINV00269,2026-11-28,6,Airport,Hotel,5265,INR,pending,cancelled,2026-10-30
TBK000966,CUST00067,CAR00358,TINV00185,2027-03-18,6,Bus Stand,Airport,5279,INR,paid,confirmed,2027-03-08
TBK000967,CUST00010,CAR00404,TINV00228,2026-12-07,5,Bus Stand,Bus Stand,5198,INR,failed,cancelled,2026-11-03
TBK000968,CUST00053,CAR00464,TINV00356,2027-02-18,5,Airport,Hotel,10636,INR,refunded,confirmed,2027-01-14
TBK000969,CUST00125,CAR00322,TINV00494,2026-11-04,6,Bus Stand,City Centre,1899,INR,pending,confirmed,2026-10-07
TBK000970,CUST00199,CAR00168,TINV00220,2027-03-26,3,Airport,Bus Stand,10831,INR,paid,initiated,2027-03-04
TBK000971,CUST00044,CAR00254,TINV00145,2027-01-22,3,City Centre,Railway Station,5100,INR,paid,initiated,2026-12-25
TBK000972,CUST00052,CAR00227,TINV00127,2026-11-06,1,Airport,City Centre,11904,INR,pending,initiated,2026-10-17
TBK000973,CUST00112,CAR00459,TINV00079,2026-11-17,3,Airport,Airport,6071,INR,failed,cancelled,2026-10-29
TBK000974,CUST00089,CAR00216,TINV00194,2027-03-27,4,City Centre,Railway Station,6367,INR,refunded,cancelled,2027-02-15
TBK000975,CUST00049,CAR00284,TINV00049,2026-11-28,3,City Centre,Airport,7192,INR,paid,cancelled,2026-10-19
TBK000976,CUST00226,CAR00053,TINV00066,2027-03-17,7,Airport,Hotel,3359,INR,pending,initiated,2027-02-01
TBK000977,CUST00037,CAR00033,TINV00071,2027-04-23,4,Railway Station,Railway Station,2000,INR,failed,failed,2027-03-30
TBK000978,CUST00106,CAR00306,TINV00215,2027-02-14,2,Railway Station,Railway Station,7495,INR,paid,initiated,2027-02-04
TBK000979,CUST00282,CAR00195,TINV00259,2027-03-14,3,Bus Stand,Railway Station,2979,INR,paid,initiated,2027-02-09
TBK000980,CUST00261,CAR00074,TINV00280,2027-03-26,7,Airport,Hotel,8533,INR,pending,confirmed,2027-03-17
TBK000981,CUST00298,CAR00431,TINV00324,2027-04-07,2,Railway Station,Airport,9927,INR,pending,failed,2027-03-15
TBK000982,CUST00138,CAR00064,TINV00321,2027-04-26,2,Hotel,Bus Stand,11764,INR,failed,confirmed,2027-03-15
TBK000983,CUST00290,CAR00206,TINV00068,2026-12-31,1,City Centre,City Centre,4786,INR,refunded,confirmed,2026-12-20
TBK000984,CUST00199,CAR00192,TINV00091,2027-02-21,2,Hotel,Hotel,9966,INR,refunded,initiated,2027-01-25
TBK000985,CUST00234,CAR00090,TINV00400,2026-12-07,3,Railway Station,City Centre,7821,INR,refunded,cancelled,2026-11-22
TBK000986,CUST00016,CAR00398,TINV00088,2026-12-19,3,Airport,Railway Station,567,INR,failed,confirmed,2026-12-11
TBK000987,CUST00097,CAR00348,TINV00374,2026-12-13,1,City Centre,Hotel,4664,INR,refunded,confirmed,2026-11-28
TBK000988,CUST00205,CAR00399,TINV00432,2026-12-14,6,City Centre,Airport,2172,INR,paid,failed,2026-11-19
TBK000989,CUST00192,CAR00017,TINV00226,2026-11-06,5,Airport,Airport,8969,INR,failed,initiated,2026-10-20
TBK000990,CUST00230,CAR00313,TINV00191,2026-11-15,3,City Centre,Railway Station,4896,INR,refunded,confirmed,2026-11-08
TBK000991,CUST00249,CAR00010,TINV00114,2027-02-11,7,Airport,City Centre,10099,INR,pending,failed,2027-02-05
TBK000992,CUST00063,CAR00487,TINV00495,2027-02-07,6,Hotel,Bus Stand,6327,INR,refunded,cancelled,2027-01-11
TBK000993,CUST00212,CAR00335,TINV00347,2026-10-16,4,Airport,Bus Stand,2699,INR,pending,initiated,2026-10-05
TBK000994,CUST00074,CAR00253,TINV00135,2026-12-30,5,Bus Stand,Railway Station,3455,INR,refunded,initiated,2026-12-18
TBK000995,CUST00273,CAR00313,TINV00279,2027-01-05,4,Railway Station,Railway Station,2954,INR,paid,cancelled,2027-01-02
TBK000996,CUST00079,CAR00318,TINV00408,2026-12-29,5,Railway Station,City Centre,10007,INR,pending,failed,2026-12-28
TBK000997,CUST00078,CAR00190,TINV00317,2027-01-13,6,Railway Station,Hotel,3947,INR,failed,confirmed,2026-12-19
TBK000998,CUST00012,CAR00476,TINV00103,2026-11-23,2,Airport,Bus Stand,5220,INR,failed,cancelled,2026-11-10
TBK000999,CUST00044,CAR00193,TINV00483,2027-03-03,4,Airport,Bus Stand,4203,INR,failed,failed,2027-01-17
TBK001000,CUST00166,CAR00441,TINV00403,2027-03-04,5,City Centre,Bus Stand,7322,INR,pending,confirmed,2027-01-29
