event_id,transaction_id,booking_id,provider_id,event_type,resource_type,status,message,timestamp
EVT0000001,TXN000291,BK000592,PROV00079,provider_success,transport,failure,payment rejected,2026-11-26T08:49:00
EVT0000002,TXN000341,BK000999,PROV00022,booking_confirmed,hotel_room,pending,request timed out,2027-03-11T11:46:00
EVT0000003,TXN000158,BK000400,PROV00024,provider_called,hotel_room,failure,request timed out,2026-11-04T02:17:00
EVT0000004,TXN000171,BK000134,PROV00157,rollback_started,transport,pending,rollback initiated,2027-02-10T12:52:00
EVT0000005,TXN000832,BK000604,PROV00025,rollback_started,hotel_room,failure,provider unavailable,2027-01-10T14:08:00
EVT0000006,TXN000978,BK000581,PROV00113,provider_success,transport,pending,resource unavailable,2026-10-05T01:33:00
EVT0000007,TXN000964,BK000228,PROV00066,rollback_failure,activity_slot,success,rollback completed,2026-10-13T08:14:00
EVT0000008,TXN000889,BK000201,PROV00297,rollback_success,hotel_room,pending,resource unavailable,2027-03-01T09:26:00
EVT0000009,TXN000506,BK000376,PROV00193,availability_checked,hotel_room,success,operation completed,2027-02-25T17:01:00
EVT0000010,TXN000739,BK000094,PROV00042,resource_locked,flight_seat,pending,resource unavailable,2027-01-10T22:29:00
EVT0000011,TXN000570,BK000399,PROV00199,payment_failure,transport,failure,rollback completed,2027-01-11T11:28:00
EVT0000012,TXN000995,BK000472,PROV00040,payment_failure,flight_seat,success,payment rejected,2026-12-01T04:15:00
EVT0000013,TXN000542,BK000137,PROV00058,booking_cancelled,transport,failure,rollback initiated,2026-11-16T18:23:00
EVT0000014,TXN000562,BK000442,PROV00024,payment_failure,flight_seat,success,payment rejected,2026-10-17T12:13:00
EVT0000015,TXN000111,BK000962,PROV00017,rollback_started,transport,success,provider unavailable,2027-03-21T20:10:00
EVT0000016,TXN000685,BK000431,PROV00253,resource_locked,transport,pending,operation completed,2026-12-08T13:17:00
EVT0000017,TXN000344,BK000884,PROV00126,booking_started,activity_slot,pending,resource unavailable,2026-12-29T20:37:00
EVT0000018,TXN000783,BK000348,PROV00044,booking_cancelled,transport,failure,resource unavailable,2026-12-26T23:49:00
EVT0000019,TXN000762,BK000566,PROV00277,rollback_success,transport,pending,resource unavailable,2026-11-12T11:37:00
EVT0000020,TXN000982,BK000789,PROV00030,resource_locked,flight_seat,failure,provider unavailable,2026-11-19T03:17:00
EVT0000021,TXN000326,BK000840,PROV00097,payment_failure,hotel_room,success,rollback completed,2027-01-05T05:50:00
EVT0000022,TXN000255,BK000074,PROV00010,payment_failure,flight_seat,pending,operation completed,2026-10-27T22:30:00
EVT0000023,TXN000859,BK000237,PROV00285,booking_cancelled,transport,failure,provider unavailable,2027-01-25T23:44:00
EVT0000024,TXN000584,BK000854,PROV00224,payment_failure,flight_seat,pending,rollback initiated,2027-02-27T23:24:00
EVT0000025,TXN000019,BK000297,PROV00093,rollback_started,activity_slot,failure,request timed out,2026-11-26T10:17:00
EVT0000026,TXN000459,BK000433,PROV00207,resource_locked,hotel_room,failure,rollback initiated,2027-03-19T20:31:00
EVT0000027,TXN000446,BK000158,PROV00155,payment_success,hotel_room,success,operation completed,2027-03-06T21:57:00
EVT0000028,TXN000588,BK000537,PROV00122,booking_confirmed,transport,failure,operation completed,2027-01-18T03:41:00
EVT0000029,TXN000155,BK000850,PROV00174,availability_checked,hotel_room,success,rollback completed,2027-02-13T00:38:00
EVT0000030,TXN000839,BK000135,PROV00111,resource_locked,flight_seat,failure,rollback completed,2027-01-31T02:44:00
EVT0000031,TXN000116,BK000605,PROV00122,payment_failure,hotel_room,pending,rollback completed,2027-01-25T00:25:00
EVT0000032,TXN000703,BK000443,PROV00212,booking_confirmed,transport,success,request timed out,2027-03-24T08:25:00
EVT0000033,TXN000618,BK000859,PROV00049,rollback_started,hotel_room,pending,provider unavailable,2026-11-18T03:37:00
EVT0000034,TXN000129,BK000228,PROV00281,rollback_started,transport,pending,rollback initiated,2026-12-14T17:22:00
EVT0000035,TXN000176,BK000554,PROV00146,payment_failure,hotel_room,success,rollback completed,2027-01-02T22:59:00
EVT0000036,TXN000821,BK000549,PROV00106,provider_success,transport,success,payment rejected,2026-12-29T17:27:00
EVT0000037,TXN000066,BK000021,PROV00062,booking_confirmed,transport,failure,rollback completed,2026-12-25T23:33:00
EVT0000038,TXN000577,BK000204,PROV00242,provider_called,flight_seat,success,provider unavailable,2027-03-26T04:27:00
EVT0000039,TXN000270,BK000938,PROV00093,availability_checked,flight_seat,pending,request timed out,2026-10-31T00:27:00
EVT0000040,TXN000466,BK000574,PROV00182,booking_confirmed,activity_slot,success,rollback completed,2026-12-29T22:27:00
EVT0000041,TXN000064,BK000187,PROV00220,payment_started,hotel_room,pending,payment rejected,2027-01-06T13:07:00
EVT0000042,TXN000321,BK000038,PROV00275,payment_started,hotel_room,pending,rollback initiated,2027-02-09T20:04:00
EVT0000043,TXN000718,BK000679,PROV00225,rollback_started,transport,failure,rollback completed,2027-03-08T04:58:00
EVT0000044,TXN000212,BK000866,PROV00265,provider_called,hotel_room,failure,rollback completed,2027-03-29T08:49:00
EVT0000045,TXN000677,BK000703,PROV00178,booking_started,hotel_room,success,request timed out,2027-02-16T11:27:00
EVT0000046,TXN000322,BK000686,PROV00278,rollback_started,transport,pending,resource unavailable,2026-11-29T19:27:00
EVT0000047,TXN000966,BK000892,PROV00056,rollback_failure,flight_seat,success,rollback completed,2027-03-30T07:48:00
EVT0000048,TXN000196,BK000029,PROV00236,availability_checked,transport,pending,payment rejected,2026-11-04T19:00:00
EVT0000049,TXN000167,BK000199,PROV00149,rollback_started,activity_slot,success,rollback initiated,2026-11-08T20:42:00
EVT0000050,TXN000122,BK000051,PROV00108,payment_started,activity_slot,pending,request timed out,2027-03-18T18:04:00
EVT0000051,TXN000930,BK000082,PROV00188,booking_confirmed,activity_slot,success,operation completed,2027-01-04T11:03:00
EVT0000052,TXN000550,BK000495,PROV00234,payment_success,activity_slot,pending,operation completed,2027-03-25T10:40:00
EVT0000053,TXN000045,BK000105,PROV00061,payment_failure,activity_slot,pending,resource unavailable,2026-11-19T00:01:00
EVT0000054,TXN000892,BK000830,PROV00238,resource_locked,hotel_room,success,rollback initiated,2026-10-04T06:24:00
EVT0000055,TXN000641,BK000003,PROV00045,booking_confirmed,activity_slot,failure,rollback initiated,2027-02-09T14:03:00
EVT0000056,TXN000673,BK000515,PROV00248,resource_locked,activity_slot,pending,request timed out,2026-12-30T23:04:00
EVT0000057,TXN000189,BK000073,PROV00280,resource_locked,flight_seat,pending,provider unavailable,2027-01-04T15:53:00
EVT0000058,TXN000029,BK000018,PROV00068,payment_failure,hotel_room,pending,rollback initiated,2027-02-25T03:51:00
EVT0000059,TXN000281,BK000100,PROV00191,provider_success,flight_seat,failure,request timed out,2027-03-16T13:56:00
EVT0000060,TXN000157,BK000495,PROV00230,rollback_success,transport,success,request timed out,2026-12-31T08:42:00
EVT0000061,TXN000914,BK000242,PROV00181,rollback_failure,activity_slot,success,payment rejected,2027-03-28T19:51:00
EVT0000062,TXN000923,BK000565,PROV00171,rollback_started,activity_slot,failure,request timed out,2027-03-11T15:20:00
EVT0000063,TXN000861,BK000821,PROV00140,payment_success,activity_slot,pending,operation completed,2027-03-18T13:45:00
EVT0000064,TXN000606,BK000688,PROV00211,booking_started,hotel_room,pending,operation completed,2027-02-24T05:22:00
EVT0000065,TXN000893,BK000542,PROV00124,rollback_failure,hotel_room,success,provider unavailable,2027-02-24T02:02:00
EVT0000066,TXN000197,BK000905,PROV00269,booking_cancelled,transport,success,resource unavailable,2027-01-08T14:17:00
EVT0000067,TXN000274,BK000389,PROV00120,booking_cancelled,activity_slot,success,rollback completed,2026-11-29T07:27:00
EVT0000068,TXN000207,BK000271,PROV00085,provider_failure,activity_slot,failure,provider unavailable,2026-12-25T20:31:00
EVT0000069,TXN000312,BK000998,PROV00150,booking_confirmed,activity_slot,success,payment rejected,2027-03-29T18:27:00
EVT0000070,TXN000529,BK000677,PROV00249,provider_success,activity_slot,pending,resource unavailable,2027-01-31T23:34:00
EVT0000071,TXN000981,BK000355,PROV00283,payment_started,flight_seat,failure,provider unavailable,2026-12-06T06:12:00
EVT0000072,TXN000416,BK000864,PROV00028,payment_failure,flight_seat,failure,rollback initiated,2027-01-30T05:11:00
EVT0000073,TXN000765,BK000876,PROV00101,availability_checked,flight_seat,failure,rollback completed,2026-10-30T12:21:00
EVT0000074,TXN000147,BK000190,PROV00143,rollback_success,hotel_room,failure,rollback completed,2027-02-18T22:05:00
EVT0000075,TXN000057,BK000944,PROV00142,booking_started,activity_slot,failure,payment rejected,2027-01-25T16:18:00
EVT0000076,TXN000893,BK000159,PROV00183,booking_cancelled,activity_slot,failure,rollback completed,2027-01-01T06:03:00
EVT0000077,TXN000223,BK000933,PROV00131,provider_success,activity_slot,success,request timed out,2027-01-14T04:23:00
EVT0000078,TXN000471,BK000895,PROV00083,rollback_started,activity_slot,failure,request timed out,2027-02-09T10:55:00
EVT0000079,TXN000929,BK000599,PROV00026,payment_started,hotel_room,success,rollback completed,2027-03-12T15:44:00
EVT0000080,TXN000550,BK000618,PROV00130,provider_failure,activity_slot,pending,payment rejected,2027-02-25T18:36:00
EVT0000081,TXN000654,BK000787,PROV00121,payment_started,transport,failure,provider unavailable,2027-01-26T14:26:00
EVT0000082,TXN000078,BK000064,PROV00238,booking_cancelled,hotel_room,success,provider unavailable,2026-10-23T21:30:00
EVT0000083,TXN000561,BK000614,PROV00027,availability_checked,flight_seat,success,rollback completed,2027-01-11T04:17:00
EVT0000084,TXN000494,BK000755,PROV00064,provider_failure,flight_seat,success,provider unavailable,2026-10-21T02:36:00
EVT0000085,TXN000826,BK000398,PROV00150,provider_failure,flight_seat,success,payment rejected,2026-10-29T07:15:00
EVT0000086,TXN000100,BK000423,PROV00236,provider_success,flight_seat,pending,request timed out,2026-10-31T13:50:00
EVT0000087,TXN000921,BK000253,PROV00012,rollback_success,activity_slot,failure,payment rejected,2026-10-04T07:58:00
EVT0000088,TXN000817,BK000150,PROV00190,payment_failure,hotel_room,failure,rollback completed,2027-03-17T11:29:00
EVT0000089,TXN000596,BK000740,PROV00252,availability_checked,hotel_room,pending,rollback initiated,2027-01-20T06:52:00
EVT0000090,TXN000418,BK000402,PROV00086,payment_failure,activity_slot,pending,request timed out,2027-02-22T15:41:00
EVT0000091,TXN000191,BK000709,PROV00194,provider_failure,flight_seat,success,operation completed,2027-02-05T09:03:00
EVT0000092,TXN000418,BK000286,PROV00181,booking_confirmed,flight_seat,success,rollback initiated,2026-12-27T15:27:00
EVT0000093,TXN000975,BK000159,PROV00288,rollback_failure,hotel_room,pending,rollback completed,2026-12-14T00:19:00
EVT0000094,TXN000279,BK000712,PROV00135,provider_success,transport,success,resource unavailable,2027-01-19T07:26:00
EVT0000095,TXN000209,BK000652,PROV00273,rollback_success,flight_seat,failure,operation completed,2026-10-05T16:35:00
EVT0000096,TXN000733,BK000801,PROV00192,payment_started,hotel_room,failure,rollback completed,2027-01-26T15:00:00
EVT0000097,TXN000348,BK000227,PROV00045,availability_checked,flight_seat,pending,resource unavailable,2027-03-06T17:25:00
EVT0000098,TXN000962,BK000348,PROV00108,booking_started,transport,failure,rollback initiated,2027-03-12T07:37:00
EVT0000099,TXN000642,BK000386,PROV00187,booking_confirmed,flight_seat,pending,payment rejected,2026-12-24T01:53:00
EVT0000100,TXN000570,BK000498,PROV00215,provider_success,activity_slot,success,request timed out,2027-01-10T14:02:00
EVT0000101,TXN000048,BK000944,PROV00151,booking_cancelled,transport,failure,payment rejected,2027-01-16T05:57:00
EVT0000102,TXN000723,BK000798,PROV00074,provider_called,flight_seat,success,resource unavailable,2027-02-09T15:08:00
EVT0000103,TXN000729,BK000996,PROV00287,payment_started,hotel_room,failure,resource unavailable,2026-11-23T12:47:00
EVT0000104,TXN000830,BK000507,PROV00043,provider_called,activity_slot,success,provider unavailable,2027-01-27T23:48:00
EVT0000105,TXN000517,BK000609,PROV00150,provider_called,activity_slot,failure,operation completed,2027-03-28T09:28:00
EVT0000106,TXN000818,BK000243,PROV00203,rollback_started,transport,failure,rollback initiated,2027-03-07T19:23:00
EVT0000107,TXN000009,BK000413,PROV00232,rollback_started,hotel_room,success,rollback initiated,2026-10-14T07:39:00
EVT0000108,TXN000720,BK000697,PROV00100,provider_called,transport,failure,resource unavailable,2027-02-28T13:50:00
EVT0000109,TXN000376,BK000403,PROV00120,booking_cancelled,transport,failure,rollback initiated,2026-11-15T20:27:00
EVT0000110,TXN000234,BK000709,PROV00083,resource_locked,flight_seat,pending,rollback completed,2026-10-17T02:46:00
EVT0000111,TXN000008,BK000439,PROV00196,booking_confirmed,flight_seat,failure,operation completed,2026-11-15T15:36:00
EVT0000112,TXN000006,BK000800,PROV00101,payment_started,hotel_room,failure,provider unavailable,2026-10-29T19:15:00
EVT0000113,TXN000610,BK000028,PROV00104,payment_success,activity_slot,success,payment rejected,2027-03-06T20:59:00
EVT0000114,TXN000156,BK000982,PROV00177,resource_locked,hotel_room,success,request timed out,2027-03-01T17:35:00
EVT0000115,TXN000182,BK000812,PROV00227,booking_confirmed,hotel_room,success,request timed out,2026-12-25T20:12:00
EVT0000116,TXN000021,BK000663,PROV00069,provider_success,transport,failure,rollback completed,2027-03-15T01:50:00
EVT0000117,TXN000732,BK000405,PROV00008,provider_called,activity_slot,pending,rollback completed,2027-03-08T03:59:00
EVT0000118,TXN000320,BK000385,PROV00277,provider_success,flight_seat,success,rollback completed,2026-10-08T20:14:00
EVT0000119,TXN000689,BK000224,PROV00245,payment_success,activity_slot,pending,request timed out,2026-12-16T15:29:00
EVT0000120,TXN000792,BK000227,PROV00132,rollback_started,flight_seat,success,provider unavailable,2026-12-17T15:30:00
EVT0000121,TXN000948,BK000173,PROV00103,payment_started,hotel_room,success,provider unavailable,2026-12-29T04:40:00
EVT0000122,TXN000903,BK000384,PROV00084,booking_started,activity_slot,success,request timed out,2027-01-17T22:37:00
EVT0000123,TXN000088,BK000973,PROV00270,payment_started,flight_seat,failure,payment rejected,2027-02-14T03:48:00
EVT0000124,TXN000488,BK000591,PROV00026,rollback_failure,flight_seat,success,rollback completed,2026-11-12T01:06:00
EVT0000125,TXN000888,BK000620,PROV00069,availability_checked,transport,success,resource unavailable,2026-11-29T15:36:00
EVT0000126,TXN000722,BK000776,PROV00143,rollback_failure,hotel_room,failure,payment rejected,2027-03-09T23:26:00
EVT0000127,TXN000757,BK000104,PROV00180,payment_failure,activity_slot,pending,resource unavailable,2026-11-19T00:24:00
EVT0000128,TXN000540,BK000973,PROV00096,booking_confirmed,hotel_room,failure,request timed out,2027-01-12T05:47:00
EVT0000129,TXN000815,BK000333,PROV00201,payment_success,hotel_room,success,payment rejected,2027-02-08T04:01:00
EVT0000130,TXN000781,BK000750,PROV00185,booking_started,hotel_room,pending,resource unavailable,2027-03-21T01:36:00
EVT0000131,TXN000527,BK000895,PROV00102,payment_success,transport,success,operation completed,2027-02-21T12:55:00
EVT0000132,TXN000750,BK000723,PROV00278,booking_cancelled,activity_slot,pending,provider unavailable,2026-10-31T08:03:00
EVT0000133,TXN000675,BK000291,PROV00202,booking_confirmed,hotel_room,failure,rollback completed,2026-10-30T01:55:00
EVT0000134,TXN000451,BK000215,PROV00163,resource_locked,transport,success,payment rejected,2027-03-03T15:24:00
EVT0000135,TXN000989,BK000806,PROV00159,provider_failure,flight_seat,pending,rollback initiated,2026-12-26T01:05:00
EVT0000136,TXN000205,BK000241,PROV00294,provider_success,transport,success,rollback initiated,2027-03-26T20:17:00
EVT0000137,TXN000410,BK000606,PROV00271,rollback_success,hotel_room,pending,rollback initiated,2027-03-19T08:34:00
EVT0000138,TXN000849,BK000855,PROV00082,booking_started,flight_seat,failure,rollback completed,2027-02-02T07:03:00
EVT0000139,TXN000764,BK000751,PROV00099,provider_success,hotel_room,pending,rollback completed,2027-03-22T09:18:00
EVT0000140,TXN000253,BK000633,PROV00041,resource_locked,activity_slot,pending,provider unavailable,2026-10-29T00:15:00
EVT0000141,TXN000311,BK000942,PROV00050,rollback_success,hotel_room,pending,payment rejected,2027-03-15T04:23:00
EVT0000142,TXN000489,BK000924,PROV00269,payment_failure,hotel_room,pending,rollback initiated,2027-03-01T03:03:00
EVT0000143,TXN000563,BK000344,PROV00272,booking_cancelled,transport,failure,rollback initiated,2027-01-06T11:10:00
EVT0000144,TXN000139,BK000244,PROV00249,rollback_success,activity_slot,success,provider unavailable,2026-12-12T12:49:00
EVT0000145,TXN000716,BK000385,PROV00266,resource_locked,hotel_room,success,request timed out,2026-11-28T21:04:00
EVT0000146,TXN000835,BK000738,PROV00174,booking_cancelled,flight_seat,success,rollback completed,2027-01-10T06:32:00
EVT0000147,TXN000211,BK000364,PROV00026,rollback_started,hotel_room,failure,provider unavailable,2027-03-11T20:29:00
EVT0000148,TXN000837,BK000813,PROV00170,rollback_success,hotel_room,pending,rollback initiated,2026-11-10T12:33:00
EVT0000149,TXN000063,BK000052,PROV00259,provider_failure,transport,success,rollback completed,2026-11-09T01:37:00
EVT0000150,TXN000296,BK000914,PROV00222,payment_success,transport,success,request timed out,2026-12-30T19:04:00
EVT0000151,TXN000690,BK000344,PROV00165,booking_started,flight_seat,failure,resource unavailable,2026-11-27T15:25:00
EVT0000152,TXN000349,BK000661,PROV00094,resource_locked,transport,failure,rollback initiated,2027-03-06T01:06:00
EVT0000153,TXN000338,BK000367,PROV00266,rollback_started,transport,success,provider unavailable,2026-11-23T18:50:00
EVT0000154,TXN000370,BK000952,PROV00138,resource_locked,activity_slot,failure,payment rejected,2027-03-29T09:25:00
EVT0000155,TXN000713,BK000248,PROV00246,provider_failure,activity_slot,pending,payment rejected,2026-12-31T23:52:00
EVT0000156,TXN000385,BK000949,PROV00082,rollback_success,flight_seat,pending,rollback initiated,2027-01-23T15:38:00
EVT0000157,TXN000714,BK000649,PROV00202,rollback_success,hotel_room,failure,rollback initiated,2027-01-13T22:54:00
EVT0000158,TXN000494,BK000568,PROV00187,booking_cancelled,transport,pending,rollback initiated,2027-01-17T00:38:00
EVT0000159,TXN000430,BK000318,PROV00025,booking_confirmed,flight_seat,success,rollback completed,2027-03-08T22:36:00
EVT0000160,TXN000421,BK000382,PROV00077,payment_started,flight_seat,pending,rollback completed,2027-02-08T15:43:00
EVT0000161,TXN000336,BK000620,PROV00048,booking_cancelled,hotel_room,failure,request timed out,2026-10-08T12:04:00
EVT0000162,TXN000637,BK000068,PROV00264,resource_locked,transport,pending,resource unavailable,2026-10-11T20:31:00
EVT0000163,TXN000408,BK000507,PROV00207,provider_called,transport,failure,request timed out,2027-01-03T21:14:00
EVT0000164,TXN000509,BK000185,PROV00265,availability_checked,activity_slot,success,rollback completed,2026-12-20T20:28:00
EVT0000165,TXN000583,BK000289,PROV00279,booking_cancelled,activity_slot,failure,request timed out,2027-02-22T09:43:00
EVT0000166,TXN000237,BK000974,PROV00030,provider_failure,flight_seat,failure,resource unavailable,2027-03-28T14:45:00
EVT0000167,TXN000209,BK000140,PROV00218,payment_success,activity_slot,failure,operation completed,2027-03-04T05:16:00
EVT0000168,TXN000026,BK000451,PROV00142,provider_called,flight_seat,pending,rollback initiated,2027-03-27T14:24:00
EVT0000169,TXN000720,BK000806,PROV00204,rollback_started,activity_slot,failure,provider unavailable,2026-10-09T13:32:00
EVT0000170,TXN000507,BK000774,PROV00062,booking_confirmed,flight_seat,pending,payment rejected,2026-12-13T12:18:00
EVT0000171,TXN000868,BK000240,PROV00104,resource_locked,transport,success,rollback initiated,2026-10-15T13:13:00
EVT0000172,TXN000604,BK000724,PROV00268,rollback_success,activity_slot,pending,payment rejected,2027-03-12T14:28:00
EVT0000173,TXN000717,BK000818,PROV00154,rollback_success,transport,success,provider unavailable,2026-12-17T20:14:00
EVT0000174,TXN000421,BK000236,PROV00023,booking_started,hotel_room,success,provider unavailable,2027-01-15T04:30:00
EVT0000175,TXN000277,BK000749,PROV00181,provider_called,hotel_room,failure,resource unavailable,2026-10-04T14:04:00
EVT0000176,TXN000623,BK000704,PROV00292,payment_success,hotel_room,success,operation completed,2026-10-08T05:53:00
EVT0000177,TXN000678,BK000085,PROV00275,payment_success,transport,success,provider unavailable,2026-10-13T19:31:00
EVT0000178,TXN000493,BK000498,PROV00257,booking_cancelled,transport,success,rollback initiated,2026-12-08T14:51:00
EVT0000179,TXN000601,BK000708,PROV00277,payment_failure,transport,failure,resource unavailable,2027-01-01T08:46:00
EVT0000180,TXN000034,BK000591,PROV00248,booking_cancelled,transport,success,rollback initiated,2027-01-28T05:36:00
EVT0000181,TXN000895,BK000688,PROV00237,booking_confirmed,activity_slot,pending,rollback completed,2027-03-18T23:38:00
EVT0000182,TXN000599,BK000799,PROV00210,availability_checked,transport,success,rollback completed,2027-02-25T22:02:00
EVT0000183,TXN000138,BK000203,PROV00137,payment_started,hotel_room,failure,operation completed,2027-02-25T00:05:00
EVT0000184,TXN000647,BK000279,PROV00125,rollback_success,hotel_room,pending,operation completed,2026-11-08T21:16:00
EVT0000185,TXN000083,BK000386,PROV00085,provider_success,flight_seat,failure,rollback initiated,2027-02-05T04:29:00
EVT0000186,TXN000753,BK000109,PROV00292,payment_failure,transport,failure,request timed out,2026-11-21T01:20:00
EVT0000187,TXN000501,BK000428,PROV00096,provider_success,hotel_room,failure,operation completed,2027-01-12T23:30:00
EVT0000188,TXN000931,BK000730,PROV00150,provider_called,hotel_room,success,rollback initiated,2026-10-26T13:54:00
EVT0000189,TXN000735,BK000717,PROV00253,payment_success,hotel_room,success,operation completed,2027-03-13T18:00:00
EVT0000190,TXN000699,BK000440,PROV00013,resource_locked,transport,pending,operation completed,2026-12-19T09:58:00
EVT0000191,TXN000097,BK000508,PROV00211,provider_failure,hotel_room,success,rollback completed,2027-01-03T06:17:00
EVT0000192,TXN000991,BK000871,PROV00019,payment_success,activity_slot,failure,rollback initiated,2027-03-02T04:41:00
EVT0000193,TXN000575,BK000082,PROV00248,payment_started,activity_slot,success,rollback completed,2027-02-08T03:38:00
EVT0000194,TXN000880,BK000054,PROV00249,payment_success,flight_seat,pending,rollback completed,2027-01-16T03:28:00
EVT0000195,TXN000074,BK000263,PROV00280,rollback_failure,hotel_room,success,operation completed,2026-11-11T03:33:00
EVT0000196,TXN000060,BK000161,PROV00177,payment_failure,transport,pending,rollback initiated,2027-03-13T04:22:00
EVT0000197,TXN000038,BK000892,PROV00282,payment_failure,transport,failure,payment rejected,2027-02-18T08:27:00
EVT0000198,TXN000713,BK000183,PROV00084,rollback_success,activity_slot,failure,rollback initiated,2026-11-18T03:39:00
EVT0000199,TXN000820,BK000864,PROV00264,rollback_started,hotel_room,failure,rollback initiated,2027-01-22T02:07:00
EVT0000200,TXN000153,BK000700,PROV00257,rollback_success,flight_seat,failure,resource unavailable,2026-10-25T11:22:00
EVT0000201,TXN000280,BK000986,PROV00034,rollback_started,activity_slot,success,rollback completed,2027-02-21T22:01:00
EVT0000202,TXN000829,BK000349,PROV00210,availability_checked,activity_slot,pending,rollback initiated,2027-01-08T02:45:00
EVT0000203,TXN000742,BK000883,PROV00046,availability_checked,activity_slot,failure,payment rejected,2027-03-06T20:53:00
EVT0000204,TXN000563,BK000769,PROV00045,booking_cancelled,hotel_room,pending,payment rejected,2026-10-24T19:38:00
EVT0000205,TXN000365,BK000971,PROV00174,rollback_started,hotel_room,success,rollback completed,2027-01-06T14:43:00
EVT0000206,TXN000231,BK000636,PROV00106,provider_success,activity_slot,pending,provider unavailable,2027-02-19T16:48:00
EVT0000207,TXN000157,BK000066,PROV00096,payment_failure,flight_seat,pending,rollback completed,2026-11-07T03:49:00
EVT0000208,TXN000629,BK000803,PROV00098,booking_started,hotel_room,pending,resource unavailable,2027-01-11T21:15:00
EVT0000209,TXN000901,BK000039,PROV00010,provider_called,hotel_room,pending,resource unavailable,2027-02-12T12:04:00
EVT0000210,TXN000811,BK000175,PROV00125,provider_success,flight_seat,success,request timed out,2026-12-25T10:50:00
EVT0000211,TXN000672,BK000681,PROV00131,payment_failure,transport,failure,operation completed,2027-03-04T06:54:00
EVT0000212,TXN000852,BK000259,PROV00192,booking_confirmed,transport,success,rollback completed,2026-11-28T20:52:00
EVT0000213,TXN000122,BK000247,PROV00084,provider_called,flight_seat,failure,rollback initiated,2027-01-13T09:00:00
EVT0000214,TXN000738,BK000079,PROV00022,booking_cancelled,activity_slot,pending,request timed out,2027-01-19T13:51:00
EVT0000215,TXN000801,BK000706,PROV00166,rollback_failure,hotel_room,pending,rollback completed,2027-02-20T22:09:00
EVT0000216,TXN000744,BK000171,PROV00043,payment_failure,transport,success,payment rejected,2027-01-16T01:16:00
EVT0000217,TXN000869,BK000936,PROV00285,availability_checked,flight_seat,failure,rollback completed,2026-10-04T00:44:00
EVT0000218,TXN000901,BK000195,PROV00248,payment_failure,activity_slot,failure,payment rejected,2026-11-09T00:55:00
EVT0000219,TXN000762,BK000515,PROV00027,availability_checked,hotel_room,failure,rollback completed,2026-12-14T13:10:00
EVT0000220,TXN000077,BK000404,PROV00252,payment_success,hotel_room,success,request timed out,2026-12-30T19:10:00
EVT0000221,TXN000809,BK000381,PROV00206,resource_locked,activity_slot,success,operation completed,2026-11-21T00:36:00
EVT0000222,TXN000635,BK000684,PROV00243,rollback_failure,flight_seat,failure,provider unavailable,2026-10-24T21:36:00
EVT0000223,TXN000733,BK000367,PROV00276,provider_called,flight_seat,success,request timed out,2027-01-13T03:59:00
EVT0000224,TXN000839,BK000611,PROV00028,availability_checked,transport,success,operation completed,2026-10-19T22:24:00
EVT0000225,TXN000179,BK000163,PROV00257,provider_called,flight_seat,failure,payment rejected,2026-12-02T21:41:00
EVT0000226,TXN000601,BK000069,PROV00117,payment_success,flight_seat,pending,provider unavailable,2026-10-11T08:34:00
EVT0000227,TXN000929,BK000939,PROV00209,resource_locked,transport,pending,payment rejected,2027-01-06T04:43:00
EVT0000228,TXN000387,BK000767,PROV00071,payment_started,flight_seat,success,rollback completed,2027-02-18T14:55:00
EVT0000229,TXN000541,BK000811,PROV00155,provider_called,activity_slot,pending,provider unavailable,2027-01-23T01:36:00
EVT0000230,TXN000080,BK000667,PROV00264,rollback_started,activity_slot,pending,rollback completed,2026-11-23T10:25:00
EVT0000231,TXN000105,BK000185,PROV00243,resource_locked,transport,pending,rollback completed,2026-12-27T16:06:00
EVT0000232,TXN000026,BK000128,PROV00254,rollback_failure,hotel_room,failure,resource unavailable,2027-02-08T21:08:00
EVT0000233,TXN000234,BK000692,PROV00037,rollback_success,hotel_room,failure,provider unavailable,2027-02-20T16:54:00
EVT0000234,TXN000022,BK000309,PROV00042,availability_checked,flight_seat,failure,provider unavailable,2026-11-06T17:14:00
EVT0000235,TXN000545,BK000011,PROV00189,payment_started,hotel_room,failure,payment rejected,2026-12-11T17:49:00
EVT0000236,TXN000214,BK000122,PROV00293,rollback_failure,hotel_room,success,provider unavailable,2027-02-16T05:56:00
EVT0000237,TXN000523,BK000367,PROV00230,rollback_failure,hotel_room,success,rollback initiated,2027-02-18T08:40:00
EVT0000238,TXN000463,BK000691,PROV00145,provider_success,flight_seat,success,request timed out,2026-12-24T04:22:00
EVT0000239,TXN000410,BK000193,PROV00099,availability_checked,flight_seat,failure,resource unavailable,2026-10-29T17:49:00
EVT0000240,TXN000414,BK000435,PROV00204,provider_success,flight_seat,failure,payment rejected,2027-01-29T07:02:00
EVT0000241,TXN000546,BK000572,PROV00086,rollback_failure,transport,pending,rollback initiated,2027-02-10T19:40:00
EVT0000242,TXN000847,BK000151,PROV00180,booking_started,flight_seat,pending,provider unavailable,2026-10-05T15:07:00
EVT0000243,TXN000563,BK000794,PROV00033,payment_failure,hotel_room,failure,rollback initiated,2027-01-09T17:13:00
EVT0000244,TXN000537,BK000263,PROV00082,rollback_failure,transport,success,payment rejected,2027-03-26T12:19:00
EVT0000245,TXN000766,BK000535,PROV00228,booking_started,flight_seat,pending,provider unavailable,2027-01-10T22:32:00
EVT0000246,TXN000031,BK000589,PROV00085,booking_cancelled,hotel_room,success,resource unavailable,2027-03-26T01:14:00
EVT0000247,TXN000060,BK000554,PROV00252,booking_cancelled,transport,failure,rollback completed,2026-10-20T18:09:00
EVT0000248,TXN000043,BK000060,PROV00244,payment_started,hotel_room,failure,rollback completed,2026-11-29T12:28:00
EVT0000249,TXN000281,BK000182,PROV00021,rollback_failure,transport,pending,rollback completed,2026-12-16T02:29:00
EVT0000250,TXN000437,BK000576,PROV00047,booking_cancelled,activity_slot,pending,rollback initiated,2026-11-07T12:39:00
EVT0000251,TXN000728,BK000002,PROV00081,rollback_started,flight_seat,failure,provider unavailable,2026-11-17T06:55:00
EVT0000252,TXN000833,BK000857,PROV00067,provider_called,flight_seat,failure,rollback initiated,2026-10-18T13:34:00
EVT0000253,TXN000285,BK000180,PROV00255,rollback_success,activity_slot,failure,request timed out,2027-01-04T12:09:00
EVT0000254,TXN000063,BK000451,PROV00145,payment_started,flight_seat,pending,request timed out,2026-10-05T03:52:00
EVT0000255,TXN000564,BK000911,PROV00262,provider_called,flight_seat,failure,resource unavailable,2027-02-02T21:46:00
EVT0000256,TXN000190,BK000311,PROV00205,payment_started,transport,success,payment rejected,2027-02-15T16:58:00
EVT0000257,TXN000684,BK000287,PROV00230,provider_failure,hotel_room,failure,provider unavailable,2027-02-13T01:36:00
EVT0000258,TXN000427,BK000754,PROV00031,booking_cancelled,flight_seat,failure,payment rejected,2027-01-07T10:20:00
EVT0000259,TXN000586,BK000046,PROV00121,provider_called,transport,failure,provider unavailable,2026-11-15T07:18:00
EVT0000260,TXN000891,BK000913,PROV00260,payment_failure,hotel_room,success,provider unavailable,2027-01-08T06:10:00
EVT0000261,TXN000268,BK000709,PROV00248,availability_checked,flight_seat,failure,payment rejected,2026-11-04T16:49:00
EVT0000262,TXN000677,BK000618,PROV00166,resource_locked,flight_seat,pending,request timed out,2026-12-08T10:42:00
EVT0000263,TXN000699,BK000371,PROV00013,rollback_started,flight_seat,success,request timed out,2027-01-29T21:10:00
EVT0000264,TXN000478,BK000146,PROV00290,provider_called,hotel_room,pending,rollback completed,2026-12-22T13:12:00
EVT0000265,TXN000309,BK000487,PROV00231,booking_confirmed,transport,failure,request timed out,2027-02-14T08:09:00
EVT0000266,TXN000297,BK000825,PROV00234,payment_started,transport,failure,provider unavailable,2027-01-12T22:05:00
EVT0000267,TXN000955,BK000498,PROV00077,payment_started,flight_seat,failure,request timed out,2026-12-29T09:37:00
EVT0000268,TXN000398,BK000400,PROV00082,payment_started,hotel_room,pending,payment rejected,2027-02-05T03:51:00
EVT0000269,TXN000076,BK000044,PROV00188,provider_success,activity_slot,failure,rollback completed,2026-11-06T06:59:00
EVT0000270,TXN000439,BK000073,PROV00286,booking_started,hotel_room,failure,resource unavailable,2027-01-05T00:07:00
EVT0000271,TXN000682,BK000528,PROV00147,rollback_started,hotel_room,pending,provider unavailable,2027-02-17T16:31:00
EVT0000272,TXN000919,BK000085,PROV00247,booking_cancelled,transport,failure,provider unavailable,2026-11-05T14:32:00
EVT0000273,TXN000316,BK000224,PROV00149,availability_checked,hotel_room,failure,payment rejected,2027-03-11T21:22:00
EVT0000274,TXN000027,BK000289,PROV00147,booking_started,flight_seat,success,payment rejected,2026-11-05T21:11:00
EVT0000275,TXN000968,BK000044,PROV00289,booking_confirmed,hotel_room,pending,request timed out,2026-10-14T03:56:00
EVT0000276,TXN000368,BK000090,PROV00163,provider_failure,transport,pending,request timed out,2026-11-08T15:39:00
EVT0000277,TXN000046,BK000889,PROV00283,rollback_failure,hotel_room,pending,rollback initiated,2026-11-21T16:09:00
EVT0000278,TXN000797,BK000563,PROV00206,payment_failure,flight_seat,success,rollback initiated,2027-02-08T00:56:00
EVT0000279,TXN000427,BK000034,PROV00206,rollback_started,transport,failure,provider unavailable,2027-01-17T06:52:00
EVT0000280,TXN000253,BK000469,PROV00009,provider_failure,activity_slot,pending,payment rejected,2026-10-12T10:17:00
EVT0000281,TXN000941,BK000447,PROV00284,availability_checked,hotel_room,failure,operation completed,2027-02-25T19:28:00
EVT0000282,TXN000686,BK000047,PROV00146,resource_locked,transport,failure,rollback completed,2026-11-05T19:08:00
EVT0000283,TXN000072,BK000254,PROV00178,provider_failure,activity_slot,pending,resource unavailable,2027-03-09T03:29:00
EVT0000284,TXN000112,BK000567,PROV00040,provider_success,flight_seat,success,resource unavailable,2027-02-06T09:06:00
EVT0000285,TXN000641,BK000660,PROV00006,rollback_started,transport,failure,rollback completed,2026-11-07T09:19:00
EVT0000286,TXN000107,BK000362,PROV00205,payment_failure,transport,failure,rollback initiated,2027-02-23T14:14:00
EVT0000287,TXN000928,BK000472,PROV00243,booking_confirmed,transport,pending,request timed out,2026-11-14T00:32:00
EVT0000288,TXN000921,BK000821,PROV00211,payment_failure,hotel_room,success,provider unavailable,2027-01-31T00:22:00
EVT0000289,TXN000171,BK000023,PROV00124,provider_called,hotel_room,failure,resource unavailable,2027-03-20T22:41:00
EVT0000290,TXN000808,BK000515,PROV00073,provider_called,flight_seat,pending,rollback initiated,2027-02-01T09:47:00
EVT0000291,TXN000622,BK000904,PROV00180,booking_cancelled,hotel_room,success,operation completed,2027-01-04T11:35:00
EVT0000292,TXN000676,BK000798,PROV00174,payment_failure,activity_slot,failure,rollback initiated,2026-10-05T14:26:00
EVT0000293,TXN000426,BK000350,PROV00082,payment_started,flight_seat,success,provider unavailable,2026-11-29T15:51:00
EVT0000294,TXN000714,BK000880,PROV00239,availability_checked,transport,pending,rollback completed,2026-10-05T22:34:00
EVT0000295,TXN000600,BK000177,PROV00155,booking_started,flight_seat,success,request timed out,2027-01-28T16:11:00
EVT0000296,TXN000895,BK000570,PROV00121,booking_cancelled,transport,pending,resource unavailable,2027-02-07T13:44:00
EVT0000297,TXN000211,BK000573,PROV00062,provider_failure,hotel_room,success,rollback completed,2026-12-13T04:03:00
EVT0000298,TXN000238,BK000548,PROV00134,payment_failure,transport,failure,resource unavailable,2027-02-06T04:34:00
EVT0000299,TXN000405,BK000571,PROV00064,provider_success,activity_slot,pending,request timed out,2026-11-23T13:03:00
EVT0000300,TXN000533,BK000301,PROV00006,booking_started,hotel_room,success,rollback initiated,2027-02-02T02:11:00
EVT0000301,TXN000533,BK000012,PROV00151,resource_locked,flight_seat,success,payment rejected,2026-10-13T16:53:00
EVT0000302,TXN000253,BK000939,PROV00100,availability_checked,transport,failure,payment rejected,2027-01-25T13:06:00
EVT0000303,TXN000936,BK000566,PROV00002,rollback_started,flight_seat,failure,payment rejected,2027-02-12T16:15:00
EVT0000304,TXN000631,BK000602,PROV00044,resource_locked,flight_seat,pending,provider unavailable,2026-10-23T16:51:00
EVT0000305,TXN000331,BK000493,PROV00153,rollback_failure,flight_seat,failure,rollback initiated,2027-03-03T11:35:00
EVT0000306,TXN000691,BK000807,PROV00085,rollback_failure,hotel_room,success,provider unavailable,2026-10-01T23:11:00
EVT0000307,TXN000480,BK000061,PROV00037,payment_started,transport,success,rollback completed,2026-10-10T00:20:00
EVT0000308,TXN000318,BK000688,PROV00131,rollback_success,flight_seat,failure,operation completed,2026-12-19T23:15:00
EVT0000309,TXN000326,BK000539,PROV00244,rollback_started,activity_slot,failure,payment rejected,2026-10-28T11:08:00
EVT0000310,TXN000295,BK000190,PROV00170,rollback_failure,transport,failure,resource unavailable,2027-01-19T18:50:00
EVT0000311,TXN000577,BK000009,PROV00212,rollback_success,transport,failure,provider unavailable,2026-11-13T16:18:00
EVT0000312,TXN000494,BK000885,PROV00265,rollback_success,flight_seat,pending,payment rejected,2026-11-05T06:49:00
EVT0000313,TXN000370,BK000114,PROV00264,provider_failure,flight_seat,failure,request timed out,2026-12-01T10:23:00
EVT0000314,TXN000819,BK000425,PROV00082,rollback_failure,activity_slot,failure,payment rejected,2027-01-17T08:02:00
EVT0000315,TXN000331,BK000214,PROV00030,rollback_started,flight_seat,failure,rollback completed,2027-03-19T21:08:00
EVT0000316,TXN000546,BK000455,PROV00132,payment_started,flight_seat,success,rollback completed,2026-12-11T01:48:00
EVT0000317,TXN000259,BK000799,PROV00035,booking_confirmed,activity_slot,failure,payment rejected,2026-10-19T17:38:00
EVT0000318,TXN000928,BK000983,PROV00147,provider_called,activity_slot,failure,resource unavailable,2026-12-09T05:28:00
EVT0000319,TXN000696,BK000994,PROV00275,payment_success,flight_seat,success,payment rejected,2027-03-18T19:13:00
EVT0000320,TXN000872,BK000168,PROV00287,provider_failure,activity_slot,pending,resource unavailable,2026-10-01T17:40:00
EVT0000321,TXN000597,BK000815,PROV00137,payment_success,flight_seat,failure,rollback initiated,2026-12-23T15:28:00
EVT0000322,TXN000398,BK000467,PROV00266,provider_failure,activity_slot,success,operation completed,2027-03-13T14:30:00
EVT0000323,TXN000692,BK000399,PROV00225,provider_failure,transport,success,provider unavailable,2026-11-13T11:21:00
EVT0000324,TXN000577,BK000404,PROV00128,payment_started,hotel_room,failure,rollback completed,2027-01-26T18:05:00
EVT0000325,TXN000139,BK000603,PROV00039,provider_success,activity_slot,pending,rollback completed,2026-11-12T10:08:00
EVT0000326,TXN000519,BK000965,PROV00132,booking_cancelled,hotel_room,pending,payment rejected,2026-12-09T07:40:00
EVT0000327,TXN000213,BK000210,PROV00236,payment_success,flight_seat,failure,rollback initiated,2026-12-09T08:52:00
EVT0000328,TXN000463,BK000779,PROV00074,provider_called,flight_seat,failure,operation completed,2027-02-10T15:18:00
EVT0000329,TXN000326,BK000514,PROV00157,resource_locked,hotel_room,success,rollback initiated,2027-02-04T04:34:00
EVT0000330,TXN001000,BK000170,PROV00160,payment_success,flight_seat,success,operation completed,2027-03-25T11:48:00
EVT0000331,TXN000706,BK000129,PROV00229,booking_cancelled,flight_seat,success,rollback completed,2027-01-12T16:20:00
EVT0000332,TXN000010,BK000445,PROV00089,provider_failure,hotel_room,pending,resource unavailable,2027-02-06T14:51:00
EVT0000333,TXN000643,BK000406,PROV00108,rollback_failure,transport,failure,provider unavailable,2027-02-26T15:00:00
EVT0000334,TXN000716,BK000325,PROV00260,rollback_started,transport,pending,request timed out,2027-02-09T06:52:00
EVT0000335,TXN000676,BK000117,PROV00138,rollback_success,transport,failure,operation completed,2026-11-27T01:26:00
EVT0000336,TXN000165,BK000101,PROV00214,booking_confirmed,hotel_room,failure,request timed out,2027-01-12T05:43:00
EVT0000337,TXN000764,BK000613,PROV00166,booking_cancelled,flight_seat,success,operation completed,2026-10-03T18:52:00
EVT0000338,TXN000527,BK000039,PROV00118,payment_success,hotel_room,failure,payment rejected,2026-11-14T11:25:00
EVT0000339,TXN000662,BK000576,PROV00091,booking_started,flight_seat,failure,resource unavailable,2026-10-24T10:45:00
EVT0000340,TXN000107,BK000483,PROV00271,booking_cancelled,activity_slot,failure,payment rejected,2027-01-09T06:18:00
EVT0000341,TXN000270,BK000829,PROV00181,booking_cancelled,activity_slot,pending,rollback initiated,2026-12-15T10:49:00
EVT0000342,TXN000837,BK000712,PROV00191,booking_confirmed,activity_slot,pending,payment rejected,2026-11-17T15:22:00
EVT0000343,TXN000679,BK000338,PROV00081,rollback_failure,flight_seat,failure,resource unavailable,2026-10-23T05:36:00
EVT0000344,TXN000126,BK000898,PROV00149,rollback_failure,transport,failure,payment rejected,2027-01-22T16:51:00
EVT0000345,TXN000737,BK000660,PROV00062,booking_started,flight_seat,pending,request timed out,2026-11-15T08:02:00
EVT0000346,TXN000103,BK000427,PROV00162,booking_confirmed,flight_seat,success,provider unavailable,2027-03-19T04:27:00
EVT0000347,TXN000281,BK000354,PROV00132,provider_called,activity_slot,failure,rollback completed,2026-12-04T05:02:00
EVT0000348,TXN000848,BK000253,PROV00262,payment_failure,flight_seat,failure,payment rejected,2026-12-27T12:37:00
EVT0000349,TXN000377,BK000092,PROV00030,rollback_success,activity_slot,failure,rollback initiated,2026-10-25T07:35:00
EVT0000350,TXN000914,BK000256,PROV00005,resource_locked,hotel_room,pending,rollback completed,2026-10-02T05:34:00
EVT0000351,TXN000624,BK000714,PROV00149,resource_locked,hotel_room,success,request timed out,2027-03-05T03:41:00
EVT0000352,TXN000916,BK000982,PROV00094,provider_failure,transport,pending,provider unavailable,2027-02-15T23:55:00
EVT0000353,TXN000555,BK000193,PROV00190,rollback_started,flight_seat,pending,rollback completed,2026-12-02T12:28:00
EVT0000354,TXN000205,BK000257,PROV00169,provider_called,activity_slot,failure,resource unavailable,2027-03-24T16:04:00
EVT0000355,TXN000606,BK000840,PROV00158,booking_started,flight_seat,pending,rollback completed,2027-03-09T12:31:00
EVT0000356,TXN000251,BK000221,PROV00087,rollback_success,flight_seat,pending,resource unavailable,2027-03-26T18:07:00
EVT0000357,TXN000433,BK000967,PROV00258,booking_started,hotel_room,failure,rollback initiated,2027-03-20T15:56:00
EVT0000358,TXN000018,BK000848,PROV00241,rollback_success,hotel_room,failure,resource unavailable,2027-01-20T13:02:00
EVT0000359,TXN000211,BK000989,PROV00285,provider_failure,transport,failure,request timed out,2027-01-25T01:29:00
EVT0000360,TXN000448,BK000420,PROV00162,availability_checked,transport,success,resource unavailable,2027-03-05T17:32:00
EVT0000361,TXN000695,BK000279,PROV00246,rollback_started,transport,success,rollback completed,2027-01-03T00:06:00
EVT0000362,TXN000618,BK000279,PROV00076,provider_success,transport,pending,request timed out,2026-11-25T06:54:00
EVT0000363,TXN000933,BK000886,PROV00224,rollback_started,hotel_room,pending,request timed out,2027-02-07T05:06:00
EVT0000364,TXN000073,BK000523,PROV00065,payment_success,activity_slot,success,operation completed,2026-11-15T13:56:00
EVT0000365,TXN000024,BK000435,PROV00142,rollback_started,hotel_room,success,provider unavailable,2027-01-17T22:38:00
EVT0000366,TXN000694,BK000118,PROV00099,booking_cancelled,transport,pending,rollback completed,2026-10-17T20:14:00
EVT0000367,TXN000941,BK000931,PROV00158,booking_started,activity_slot,pending,payment rejected,2026-11-15T06:46:00
EVT0000368,TXN000074,BK000234,PROV00222,booking_confirmed,flight_seat,failure,rollback initiated,2026-11-24T13:54:00
EVT0000369,TXN000988,BK000085,PROV00286,rollback_started,activity_slot,success,request timed out,2027-02-21T07:45:00
EVT0000370,TXN000245,BK000557,PROV00174,resource_locked,flight_seat,pending,provider unavailable,2027-03-20T04:37:00
EVT0000371,TXN000034,BK000766,PROV00126,payment_failure,activity_slot,success,resource unavailable,2027-01-20T20:13:00
EVT0000372,TXN000729,BK000016,PROV00199,payment_started,flight_seat,success,rollback completed,2027-01-11T19:18:00
EVT0000373,TXN000203,BK000840,PROV00207,resource_locked,hotel_room,pending,request timed out,2027-01-30T10:47:00
EVT0000374,TXN000319,BK000023,PROV00023,rollback_success,flight_seat,success,resource unavailable,2027-02-11T13:58:00
EVT0000375,TXN000858,BK000281,PROV00127,booking_cancelled,hotel_room,failure,resource unavailable,2026-12-10T22:23:00
EVT0000376,TXN000856,BK000842,PROV00022,availability_checked,transport,pending,payment rejected,2027-03-11T10:35:00
EVT0000377,TXN000883,BK000612,PROV00277,availability_checked,hotel_room,success,resource unavailable,2026-12-09T10:32:00
EVT0000378,TXN000238,BK000725,PROV00024,booking_cancelled,transport,pending,request timed out,2026-11-25T07:54:00
EVT0000379,TXN000968,BK000102,PROV00246,provider_failure,flight_seat,pending,request timed out,2026-12-13T05:41:00
EVT0000380,TXN000152,BK000392,PROV00117,booking_started,activity_slot,failure,resource unavailable,2026-10-16T05:47:00
EVT0000381,TXN000930,BK000403,PROV00201,payment_success,flight_seat,pending,request timed out,2026-10-25T13:55:00
EVT0000382,TXN000772,BK000270,PROV00182,booking_confirmed,flight_seat,failure,resource unavailable,2026-12-08T03:33:00
EVT0000383,TXN000221,BK000210,PROV00030,availability_checked,transport,pending,resource unavailable,2026-10-13T09:56:00
EVT0000384,TXN000783,BK000189,PROV00182,booking_cancelled,hotel_room,pending,request timed out,2027-03-14T14:32:00
EVT0000385,TXN000770,BK000282,PROV00220,booking_confirmed,flight_seat,success,provider unavailable,2027-03-28T21:18:00
EVT0000386,TXN000990,BK000306,PROV00231,booking_started,transport,failure,provider unavailable,2026-11-02T14:16:00
EVT0000387,TXN000405,BK000814,PROV00208,payment_success,hotel_room,failure,operation completed,2027-01-06T15:31:00
EVT0000388,TXN000019,BK000302,PROV00051,payment_failure,hotel_room,failure,operation completed,2027-02-10T20:20:00
EVT0000389,TXN000757,BK000150,PROV00198,provider_success,hotel_room,pending,request timed out,2026-12-31T00:10:00
EVT0000390,TXN000187,BK000245,PROV00166,payment_failure,transport,pending,resource unavailable,2027-03-06T00:04:00
EVT0000391,TXN000079,BK000439,PROV00039,provider_called,transport,success,rollback completed,2027-01-20T01:22:00
EVT0000392,TXN000152,BK000032,PROV00278,booking_confirmed,transport,success,provider unavailable,2026-10-23T21:19:00
EVT0000393,TXN000228,BK000774,PROV00067,provider_success,activity_slot,failure,provider unavailable,2026-12-08T01:39:00
EVT0000394,TXN000922,BK000973,PROV00091,rollback_success,transport,failure,rollback initiated,2026-12-09T07:40:00
EVT0000395,TXN000861,BK000833,PROV00202,provider_success,flight_seat,failure,request timed out,2026-11-07T01:21:00
EVT0000396,TXN000899,BK000194,PROV00030,provider_called,activity_slot,success,request timed out,2026-10-07T15:10:00
EVT0000397,TXN000772,BK000927,PROV00284,provider_called,activity_slot,failure,provider unavailable,2027-02-26T02:26:00
EVT0000398,TXN000149,BK000452,PROV00102,booking_confirmed,flight_seat,success,provider unavailable,2027-02-22T12:45:00
EVT0000399,TXN000249,BK000358,PROV00294,booking_cancelled,hotel_room,success,operation completed,2026-12-18T03:46:00
EVT0000400,TXN000748,BK000392,PROV00250,payment_started,transport,failure,payment rejected,2026-12-21T04:27:00
EVT0000401,TXN000408,BK000802,PROV00240,payment_started,flight_seat,pending,resource unavailable,2026-10-06T19:47:00
EVT0000402,TXN000359,BK000184,PROV00166,rollback_started,hotel_room,pending,rollback completed,2027-03-15T22:18:00
EVT0000403,TXN000828,BK000952,PROV00074,rollback_started,activity_slot,success,rollback completed,2026-12-11T09:20:00
EVT0000404,TXN000203,BK000293,PROV00055,payment_started,hotel_room,failure,rollback initiated,2027-01-20T06:30:00
EVT0000405,TXN000450,BK000767,PROV00189,payment_started,activity_slot,failure,request timed out,2026-12-16T09:26:00
EVT0000406,TXN000259,BK000929,PROV00113,rollback_failure,hotel_room,pending,operation completed,2026-10-23T13:24:00
EVT0000407,TXN000663,BK000839,PROV00024,rollback_started,flight_seat,pending,operation completed,2026-12-24T20:03:00
EVT0000408,TXN000146,BK000703,PROV00042,booking_started,hotel_room,pending,resource unavailable,2026-10-16T11:09:00
EVT0000409,TXN000327,BK000440,PROV00103,provider_failure,flight_seat,pending,operation completed,2026-10-09T00:40:00
EVT0000410,TXN000064,BK000078,PROV00160,payment_failure,hotel_room,pending,rollback completed,2026-12-10T09:43:00
EVT0000411,TXN000175,BK000627,PROV00161,availability_checked,flight_seat,success,resource unavailable,2027-01-27T22:28:00
EVT0000412,TXN000368,BK000270,PROV00250,availability_checked,activity_slot,failure,payment rejected,2027-02-27T00:33:00
EVT0000413,TXN000963,BK000495,PROV00242,resource_locked,transport,pending,resource unavailable,2027-03-26T12:53:00
EVT0000414,TXN000029,BK000154,PROV00129,payment_success,hotel_room,pending,request timed out,2027-03-05T05:57:00
EVT0000415,TXN000851,BK000410,PROV00297,rollback_success,activity_slot,failure,request timed out,2027-02-13T22:52:00
EVT0000416,TXN000445,BK000443,PROV00254,provider_called,flight_seat,success,request timed out,2027-01-11T02:15:00
EVT0000417,TXN000112,BK000244,PROV00188,provider_called,flight_seat,pending,rollback completed,2027-03-26T02:17:00
EVT0000418,TXN000637,BK000374,PROV00235,provider_failure,activity_slot,pending,provider unavailable,2026-10-23T20:56:00
EVT0000419,TXN000811,BK000569,PROV00088,payment_failure,transport,success,provider unavailable,2027-01-18T15:35:00
EVT0000420,TXN000266,BK000555,PROV00022,provider_called,transport,success,rollback completed,2026-12-18T00:19:00
EVT0000421,TXN000358,BK000678,PROV00260,resource_locked,hotel_room,success,payment rejected,2027-01-30T17:51:00
EVT0000422,TXN000515,BK000039,PROV00090,booking_started,hotel_room,pending,rollback completed,2027-01-27T19:21:00
EVT0000423,TXN000845,BK000365,PROV00193,payment_started,hotel_room,failure,rollback initiated,2026-12-27T17:11:00
EVT0000424,TXN000913,BK000752,PROV00177,booking_confirmed,activity_slot,pending,payment rejected,2027-03-15T07:32:00
EVT0000425,TXN000334,BK000742,PROV00009,booking_started,hotel_room,pending,provider unavailable,2027-02-17T23:35:00
EVT0000426,TXN000677,BK000661,PROV00275,rollback_success,activity_slot,pending,provider unavailable,2026-10-08T23:09:00
EVT0000427,TXN000777,BK000019,PROV00231,availability_checked,transport,success,rollback completed,2027-02-15T13:41:00
EVT0000428,TXN000833,BK000512,PROV00039,rollback_failure,flight_seat,success,request timed out,2026-10-31T07:10:00
EVT0000429,TXN000027,BK000470,PROV00212,resource_locked,transport,success,request timed out,2027-02-04T10:35:00
EVT0000430,TXN000986,BK000194,PROV00117,provider_failure,transport,success,rollback completed,2027-01-02T00:25:00
EVT0000431,TXN000289,BK000652,PROV00196,booking_started,transport,success,request timed out,2026-12-09T03:19:00
EVT0000432,TXN000158,BK000827,PROV00205,booking_cancelled,flight_seat,success,rollback initiated,2027-02-08T18:02:00
EVT0000433,TXN000216,BK000128,PROV00145,provider_failure,transport,pending,rollback completed,2027-03-07T17:15:00
EVT0000434,TXN000194,BK000878,PROV00270,rollback_started,activity_slot,success,payment rejected,2027-02-23T13:48:00
EVT0000435,TXN000367,BK000614,PROV00040,provider_success,flight_seat,success,operation completed,2026-10-27T09:23:00
EVT0000436,TXN000645,BK000856,PROV00126,rollback_failure,flight_seat,pending,resource unavailable,2027-02-02T13:32:00
EVT0000437,TXN000343,BK000244,PROV00200,rollback_failure,flight_seat,success,operation completed,2027-01-15T20:03:00
EVT0000438,TXN000329,BK000323,PROV00262,payment_started,transport,failure,provider unavailable,2027-02-25T07:50:00
EVT0000439,TXN000896,BK000274,PROV00168,availability_checked,activity_slot,success,payment rejected,2027-02-04T08:01:00
EVT0000440,TXN000862,BK000770,PROV00084,provider_failure,transport,success,rollback completed,2027-01-31T11:39:00
EVT0000441,TXN000407,BK000388,PROV00119,payment_success,hotel_room,success,operation completed,2027-02-27T14:09:00
EVT0000442,TXN000576,BK000917,PROV00038,rollback_failure,flight_seat,pending,rollback completed,2027-01-20T08:17:00
EVT0000443,TXN000071,BK000961,PROV00233,resource_locked,hotel_room,failure,request timed out,2026-12-21T11:18:00
EVT0000444,TXN000575,BK000986,PROV00104,provider_called,activity_slot,success,request timed out,2027-01-28T00:31:00
EVT0000445,TXN000120,BK000123,PROV00020,provider_failure,hotel_room,success,resource unavailable,2026-12-13T09:01:00
EVT0000446,TXN000134,BK000865,PROV00266,rollback_success,flight_seat,success,provider unavailable,2026-11-21T22:56:00
EVT0000447,TXN000439,BK000017,PROV00037,payment_failure,hotel_room,pending,provider unavailable,2026-10-07T19:12:00
EVT0000448,TXN000667,BK000094,PROV00248,provider_called,activity_slot,pending,provider unavailable,2027-03-04T22:46:00
EVT0000449,TXN000290,BK000853,PROV00114,rollback_failure,flight_seat,pending,operation completed,2027-03-19T05:18:00
EVT0000450,TXN000157,BK000498,PROV00099,provider_called,transport,success,resource unavailable,2026-12-19T14:02:00
EVT0000451,TXN000496,BK000933,PROV00050,booking_confirmed,hotel_room,success,resource unavailable,2027-01-28T03:12:00
EVT0000452,TXN000459,BK000510,PROV00126,rollback_failure,hotel_room,pending,rollback initiated,2026-11-21T05:49:00
EVT0000453,TXN000235,BK000503,PROV00268,provider_success,transport,success,rollback completed,2026-11-04T08:54:00
EVT0000454,TXN000901,BK000911,PROV00237,payment_started,hotel_room,pending,payment rejected,2026-10-22T17:57:00
EVT0000455,TXN000399,BK000516,PROV00020,availability_checked,flight_seat,failure,rollback initiated,2026-12-13T04:45:00
EVT0000456,TXN000708,BK000640,PROV00266,booking_confirmed,flight_seat,pending,payment rejected,2027-02-06T18:17:00
EVT0000457,TXN000084,BK000001,PROV00171,booking_started,hotel_room,failure,payment rejected,2026-11-29T17:20:00
EVT0000458,TXN000101,BK000360,PROV00186,payment_started,transport,pending,payment rejected,2026-12-17T03:49:00
EVT0000459,TXN000642,BK000628,PROV00250,availability_checked,flight_seat,failure,resource unavailable,2026-10-14T23:29:00
EVT0000460,TXN000026,BK000504,PROV00227,rollback_success,activity_slot,pending,rollback initiated,2027-02-17T21:44:00
EVT0000461,TXN000214,BK000834,PROV00193,rollback_started,flight_seat,failure,rollback initiated,2026-11-19T04:08:00
EVT0000462,TXN000262,BK000470,PROV00119,resource_locked,flight_seat,failure,rollback initiated,2026-11-25T19:27:00
EVT0000463,TXN000622,BK000325,PROV00101,provider_success,transport,success,rollback completed,2026-11-18T23:06:00
EVT0000464,TXN000873,BK000666,PROV00228,availability_checked,activity_slot,pending,provider unavailable,2027-03-15T14:10:00
EVT0000465,TXN000346,BK000659,PROV00135,payment_started,flight_seat,success,provider unavailable,2027-02-28T13:45:00
EVT0000466,TXN000069,BK000722,PROV00252,provider_failure,flight_seat,pending,payment rejected,2027-02-19T00:31:00
EVT0000467,TXN000213,BK000408,PROV00131,booking_cancelled,hotel_room,success,resource unavailable,2027-01-05T15:14:00
EVT0000468,TXN000068,BK000251,PROV00143,payment_failure,flight_seat,failure,rollback completed,2026-12-24T08:57:00
EVT0000469,TXN000528,BK000285,PROV00102,booking_cancelled,hotel_room,failure,operation completed,2026-11-05T11:43:00
EVT0000470,TXN000649,BK000460,PROV00067,booking_cancelled,flight_seat,pending,resource unavailable,2027-01-31T17:01:00
EVT0000471,TXN000767,BK000309,PROV00066,provider_failure,hotel_room,failure,payment rejected,2027-03-01T10:49:00
EVT0000472,TXN000834,BK000464,PROV00014,provider_success,activity_slot,failure,rollback completed,2026-11-28T14:20:00
EVT0000473,TXN000027,BK000790,PROV00278,availability_checked,transport,failure,operation completed,2026-12-01T18:59:00
EVT0000474,TXN000308,BK000999,PROV00074,payment_success,activity_slot,failure,rollback completed,2027-02-23T23:10:00
EVT0000475,TXN000863,BK000689,PROV00073,booking_cancelled,hotel_room,pending,operation completed,2027-01-24T10:09:00
EVT0000476,TXN000254,BK000539,PROV00254,resource_locked,flight_seat,failure,operation completed,2027-03-12T04:05:00
EVT0000477,TXN000942,BK000802,PROV00051,resource_locked,flight_seat,pending,rollback initiated,2026-10-11T14:06:00
EVT0000478,TXN000439,BK000684,PROV00168,payment_started,hotel_room,success,request timed out,2026-10-01T09:49:00
EVT0000479,TXN000964,BK000101,PROV00170,booking_confirmed,transport,failure,request timed out,2026-10-04T01:58:00
EVT0000480,TXN000474,BK000537,PROV00247,rollback_started,transport,pending,provider unavailable,2027-03-06T09:50:00
EVT0000481,TXN000734,BK000148,PROV00009,resource_locked,flight_seat,failure,payment rejected,2027-03-21T16:53:00
EVT0000482,TXN000654,BK000096,PROV00256,provider_failure,hotel_room,success,rollback completed,2026-10-22T18:43:00
EVT0000483,TXN000419,BK000159,PROV00297,provider_success,activity_slot,pending,resource unavailable,2026-11-24T07:34:00
EVT0000484,TXN000100,BK000607,PROV00060,resource_locked,flight_seat,success,rollback completed,2026-12-24T18:01:00
EVT0000485,TXN000885,BK000688,PROV00144,booking_confirmed,flight_seat,success,rollback completed,2026-10-30T00:41:00
EVT0000486,TXN000209,BK000124,PROV00101,booking_started,transport,success,operation completed,2026-11-11T18:41:00
EVT0000487,TXN000761,BK000231,PROV00263,payment_started,flight_seat,success,operation completed,2026-10-27T10:54:00
EVT0000488,TXN000306,BK000756,PROV00022,payment_success,flight_seat,success,resource unavailable,2026-10-02T09:39:00
EVT0000489,TXN000025,BK000093,PROV00167,payment_started,activity_slot,failure,resource unavailable,2026-12-27T16:34:00
EVT0000490,TXN000235,BK000321,PROV00087,booking_cancelled,hotel_room,failure,rollback initiated,2026-12-28T15:34:00
EVT0000491,TXN000136,BK000855,PROV00022,provider_success,activity_slot,failure,request timed out,2027-01-17T22:25:00
EVT0000492,TXN000843,BK000085,PROV00100,booking_cancelled,flight_seat,failure,provider unavailable,2026-11-20T15:12:00
EVT0000493,TXN000140,BK000193,PROV00020,provider_failure,transport,failure,provider unavailable,2027-01-08T13:19:00
EVT0000494,TXN000071,BK000441,PROV00100,booking_confirmed,activity_slot,success,payment rejected,2026-12-02T12:08:00
EVT0000495,TXN000907,BK000503,PROV00189,availability_checked,activity_slot,failure,rollback initiated,2027-03-27T20:30:00
EVT0000496,TXN000915,BK000825,PROV00211,booking_confirmed,flight_seat,failure,operation completed,2027-02-03T10:08:00
EVT0000497,TXN000449,BK000089,PROV00246,provider_called,flight_seat,success,operation completed,2026-11-01T10:38:00
EVT0000498,TXN000462,BK000581,PROV00076,payment_started,hotel_room,failure,rollback completed,2026-12-27T01:08:00
EVT0000499,TXN000332,BK000687,PROV00198,booking_confirmed,flight_seat,success,payment rejected,2026-11-07T06:53:00
EVT0000500,TXN000020,BK000572,PROV00007,availability_checked,activity_slot,pending,operation completed,2026-11-26T06:44:00
EVT0000501,TXN000684,BK000046,PROV00094,availability_checked,flight_seat,success,provider unavailable,2026-11-23T08:49:00
EVT0000502,TXN000314,BK000914,PROV00199,resource_locked,transport,pending,request timed out,2026-12-31T00:40:00
EVT0000503,TXN000359,BK000705,PROV00157,rollback_success,transport,pending,request timed out,2026-10-12T18:52:00
EVT0000504,TXN000576,BK000041,PROV00291,availability_checked,hotel_room,pending,request timed out,2026-11-22T12:12:00
EVT0000505,TXN000004,BK000787,PROV00055,payment_success,flight_seat,pending,resource unavailable,2026-12-01T12:32:00
EVT0000506,TXN000013,BK000292,PROV00271,booking_confirmed,transport,pending,operation completed,2027-02-13T20:41:00
EVT0000507,TXN000961,BK000813,PROV00224,rollback_success,transport,pending,operation completed,2027-01-17T16:59:00
EVT0000508,TXN000458,BK000553,PROV00091,rollback_started,transport,failure,operation completed,2026-10-28T22:31:00
EVT0000509,TXN000080,BK000597,PROV00053,provider_success,activity_slot,failure,payment rejected,2026-11-30T04:13:00
EVT0000510,TXN000748,BK000762,PROV00047,provider_success,flight_seat,failure,payment rejected,2026-12-01T10:53:00
EVT0000511,TXN000459,BK000757,PROV00286,provider_failure,transport,pending,rollback completed,2027-03-07T22:29:00
EVT0000512,TXN000905,BK000921,PROV00175,booking_confirmed,transport,failure,rollback completed,2027-02-09T22:30:00
EVT0000513,TXN000517,BK000432,PROV00170,rollback_failure,hotel_room,failure,request timed out,2027-03-07T23:10:00
EVT0000514,TXN000850,BK000168,PROV00006,provider_called,transport,pending,provider unavailable,2026-11-03T20:35:00
EVT0000515,TXN000469,BK000802,PROV00247,rollback_failure,flight_seat,failure,operation completed,2026-11-03T08:20:00
EVT0000516,TXN000234,BK000763,PROV00282,payment_failure,transport,pending,provider unavailable,2026-12-30T04:18:00
EVT0000517,TXN000801,BK000113,PROV00242,booking_cancelled,activity_slot,pending,request timed out,2026-11-19T08:51:00
EVT0000518,TXN000743,BK000341,PROV00250,rollback_started,transport,pending,operation completed,2026-12-21T08:53:00
EVT0000519,TXN000624,BK000218,PROV00197,payment_started,transport,failure,resource unavailable,2026-11-07T08:21:00
EVT0000520,TXN000512,BK000128,PROV00110,payment_started,hotel_room,success,provider unavailable,2027-03-21T09:02:00
EVT0000521,TXN000250,BK000927,PROV00184,booking_confirmed,hotel_room,pending,rollback initiated,2027-03-03T15:32:00
EVT0000522,TXN000581,BK000768,PROV00142,payment_success,flight_seat,success,rollback initiated,2027-03-10T17:38:00
EVT0000523,TXN000085,BK000159,PROV00210,booking_started,transport,failure,resource unavailable,2026-10-11T11:08:00
EVT0000524,TXN000676,BK000573,PROV00085,rollback_started,transport,pending,resource unavailable,2026-11-13T20:03:00
EVT0000525,TXN000282,BK000041,PROV00119,rollback_started,transport,failure,request timed out,2026-10-27T06:12:00
EVT0000526,TXN000500,BK000621,PROV00232,provider_success,hotel_room,pending,resource unavailable,2026-10-02T09:34:00
EVT0000527,TXN000269,BK000609,PROV00249,booking_confirmed,activity_slot,pending,payment rejected,2027-03-22T12:21:00
EVT0000528,TXN000798,BK000018,PROV00029,rollback_failure,flight_seat,success,provider unavailable,2027-01-05T15:05:00
EVT0000529,TXN000783,BK000880,PROV00190,rollback_failure,hotel_room,success,rollback completed,2027-01-05T19:46:00
EVT0000530,TXN000457,BK000337,PROV00190,rollback_success,transport,pending,operation completed,2027-01-12T17:14:00
EVT0000531,TXN000303,BK000882,PROV00127,provider_failure,transport,pending,provider unavailable,2026-10-17T22:15:00
EVT0000532,TXN000008,BK000877,PROV00035,resource_locked,hotel_room,pending,rollback initiated,2027-01-23T03:12:00
EVT0000533,TXN000037,BK000868,PROV00007,booking_cancelled,transport,success,operation completed,2027-02-26T22:42:00
EVT0000534,TXN000314,BK000667,PROV00222,payment_success,activity_slot,failure,resource unavailable,2026-11-18T14:38:00
EVT0000535,TXN000147,BK000180,PROV00134,rollback_failure,transport,pending,resource unavailable,2026-12-05T00:24:00
EVT0000536,TXN000445,BK000105,PROV00238,provider_called,flight_seat,pending,rollback completed,2027-03-18T06:04:00
EVT0000537,TXN000963,BK000530,PROV00015,resource_locked,hotel_room,pending,payment rejected,2027-01-08T20:30:00
EVT0000538,TXN000883,BK000629,PROV00032,booking_confirmed,hotel_room,failure,resource unavailable,2026-11-24T16:29:00
EVT0000539,TXN000698,BK000432,PROV00190,payment_started,transport,failure,operation completed,2027-03-20T18:01:00
EVT0000540,TXN000036,BK000237,PROV00262,payment_failure,activity_slot,failure,rollback completed,2026-12-20T11:33:00
EVT0000541,TXN000740,BK000580,PROV00276,booking_confirmed,hotel_room,pending,operation completed,2026-12-23T11:57:00
EVT0000542,TXN000855,BK000173,PROV00082,payment_success,hotel_room,failure,operation completed,2026-11-22T05:18:00
EVT0000543,TXN000626,BK000782,PROV00104,rollback_failure,transport,success,rollback completed,2026-10-28T01:51:00
EVT0000544,TXN000449,BK000853,PROV00018,booking_started,transport,success,payment rejected,2026-11-24T23:21:00
EVT0000545,TXN000997,BK000140,PROV00125,booking_started,flight_seat,success,operation completed,2026-12-14T16:46:00
EVT0000546,TXN000664,BK000405,PROV00194,booking_cancelled,hotel_room,failure,operation completed,2027-01-04T04:38:00
EVT0000547,TXN000866,BK000123,PROV00251,provider_success,transport,failure,provider unavailable,2026-11-28T06:10:00
EVT0000548,TXN000541,BK000941,PROV00001,provider_called,activity_slot,success,request timed out,2027-02-16T11:28:00
EVT0000549,TXN000976,BK000930,PROV00181,booking_started,activity_slot,pending,operation completed,2026-10-22T15:39:00
EVT0000550,TXN000395,BK000697,PROV00246,provider_called,transport,failure,rollback completed,2026-12-18T07:57:00
EVT0000551,TXN000426,BK000192,PROV00102,provider_success,activity_slot,pending,rollback completed,2026-10-10T09:55:00
EVT0000552,TXN000857,BK000902,PROV00283,rollback_success,flight_seat,pending,provider unavailable,2026-10-22T00:57:00
EVT0000553,TXN000295,BK000226,PROV00133,booking_confirmed,activity_slot,failure,operation completed,2027-03-25T22:11:00
EVT0000554,TXN000025,BK000176,PROV00128,availability_checked,transport,success,request timed out,2026-11-23T01:27:00
EVT0000555,TXN000748,BK000430,PROV00108,payment_failure,flight_seat,failure,provider unavailable,2027-02-18T18:41:00
EVT0000556,TXN000078,BK000927,PROV00237,booking_confirmed,hotel_room,pending,rollback initiated,2026-12-06T01:13:00
EVT0000557,TXN000510,BK000494,PROV00024,provider_failure,flight_seat,pending,request timed out,2026-12-22T01:49:00
EVT0000558,TXN000184,BK000599,PROV00127,booking_confirmed,activity_slot,success,provider unavailable,2026-12-30T08:36:00
EVT0000559,TXN000314,BK000987,PROV00087,provider_called,activity_slot,pending,resource unavailable,2026-12-30T01:07:00
EVT0000560,TXN000877,BK000135,PROV00169,provider_success,transport,success,resource unavailable,2026-12-24T06:22:00
EVT0000561,TXN000452,BK000149,PROV00125,booking_cancelled,transport,pending,resource unavailable,2026-12-19T21:05:00
EVT0000562,TXN000141,BK000889,PROV00088,rollback_success,transport,pending,payment rejected,2027-01-06T07:54:00
EVT0000563,TXN000298,BK000533,PROV00044,provider_success,transport,success,resource unavailable,2027-02-01T21:30:00
EVT0000564,TXN000306,BK000159,PROV00270,rollback_failure,flight_seat,pending,resource unavailable,2026-12-30T08:46:00
EVT0000565,TXN000520,BK000812,PROV00152,booking_confirmed,transport,pending,rollback initiated,2027-03-23T06:04:00
EVT0000566,TXN000902,BK000466,PROV00159,payment_started,hotel_room,success,rollback initiated,2027-03-18T05:41:00
EVT0000567,TXN000798,BK000821,PROV00204,provider_success,transport,success,rollback initiated,2027-02-16T20:12:00
EVT0000568,TXN000992,BK000731,PROV00128,rollback_success,activity_slot,failure,payment rejected,2026-11-06T00:35:00
EVT0000569,TXN000400,BK000615,PROV00088,payment_success,transport,pending,provider unavailable,2027-01-22T02:29:00
EVT0000570,TXN000213,BK000352,PROV00167,provider_called,activity_slot,failure,payment rejected,2026-12-21T06:31:00
EVT0000571,TXN000970,BK000568,PROV00099,provider_failure,activity_slot,success,rollback completed,2026-10-25T05:03:00
EVT0000572,TXN000001,BK000216,PROV00114,provider_called,activity_slot,failure,payment rejected,2027-01-05T15:36:00
EVT0000573,TXN000543,BK000511,PROV00235,provider_success,flight_seat,success,operation completed,2027-01-12T03:28:00
EVT0000574,TXN000028,BK000961,PROV00068,availability_checked,hotel_room,success,operation completed,2026-10-23T03:00:00
EVT0000575,TXN000020,BK000228,PROV00004,rollback_success,activity_slot,failure,rollback completed,2026-11-10T11:42:00
EVT0000576,TXN000981,BK000704,PROV00299,booking_confirmed,hotel_room,success,operation completed,2027-01-16T08:09:00
EVT0000577,TXN000066,BK000462,PROV00300,rollback_success,flight_seat,success,payment rejected,2027-01-12T12:33:00
EVT0000578,TXN000981,BK000570,PROV00238,rollback_failure,activity_slot,pending,rollback completed,2027-03-07T13:31:00
EVT0000579,TXN000441,BK000947,PROV00050,booking_started,flight_seat,pending,resource unavailable,2026-10-19T12:53:00
EVT0000580,TXN000264,BK000181,PROV00261,rollback_started,transport,failure,provider unavailable,2026-12-10T22:05:00
EVT0000581,TXN000764,BK000461,PROV00242,provider_called,hotel_room,pending,provider unavailable,2027-01-28T07:13:00
EVT0000582,TXN000650,BK000364,PROV00025,rollback_failure,activity_slot,success,rollback completed,2027-03-21T07:55:00
EVT0000583,TXN000343,BK000616,PROV00203,provider_called,transport,failure,resource unavailable,2026-10-29T18:59:00
EVT0000584,TXN000038,BK000903,PROV00231,rollback_success,transport,pending,payment rejected,2026-10-06T21:38:00
EVT0000585,TXN000034,BK000021,PROV00215,booking_confirmed,hotel_room,failure,rollback completed,2026-12-11T20:14:00
EVT0000586,TXN000515,BK000024,PROV00249,rollback_started,hotel_room,failure,rollback completed,2026-10-14T11:25:00
EVT0000587,TXN000884,BK000735,PROV00066,payment_success,activity_slot,failure,resource unavailable,2027-01-11T14:20:00
EVT0000588,TXN000216,BK000810,PROV00230,booking_cancelled,hotel_room,pending,resource unavailable,2026-10-28T11:26:00
EVT0000589,TXN000516,BK000406,PROV00109,resource_locked,hotel_room,failure,resource unavailable,2026-11-30T08:31:00
EVT0000590,TXN000790,BK000966,PROV00297,booking_started,hotel_room,pending,provider unavailable,2026-12-12T06:22:00
EVT0000591,TXN000365,BK000302,PROV00105,availability_checked,transport,success,provider unavailable,2026-10-18T11:48:00
EVT0000592,TXN000061,BK000811,PROV00228,payment_success,hotel_room,success,rollback initiated,2027-01-26T04:22:00
EVT0000593,TXN000494,BK000935,PROV00291,rollback_started,activity_slot,failure,provider unavailable,2026-11-28T16:07:00
EVT0000594,TXN000183,BK000969,PROV00029,booking_cancelled,activity_slot,failure,operation completed,2027-01-27T07:19:00
EVT0000595,TXN000572,BK000926,PROV00280,payment_success,flight_seat,failure,rollback initiated,2027-03-11T13:09:00
EVT0000596,TXN000047,BK000034,PROV00046,rollback_failure,transport,pending,rollback completed,2027-01-23T01:42:00
EVT0000597,TXN000908,BK000206,PROV00300,rollback_success,activity_slot,failure,payment rejected,2027-03-26T01:13:00
EVT0000598,TXN000541,BK000463,PROV00149,provider_failure,transport,failure,rollback initiated,2027-03-10T01:44:00
EVT0000599,TXN000214,BK000803,PROV00058,rollback_success,activity_slot,failure,payment rejected,2026-10-19T11:45:00
EVT0000600,TXN000293,BK000383,PROV00226,booking_confirmed,hotel_room,failure,resource unavailable,2026-12-17T13:54:00
EVT0000601,TXN000549,BK000656,PROV00203,booking_started,hotel_room,pending,rollback initiated,2027-01-03T19:43:00
EVT0000602,TXN000039,BK000627,PROV00068,booking_started,hotel_room,success,provider unavailable,2026-11-16T05:26:00
EVT0000603,TXN000469,BK000254,PROV00039,provider_called,flight_seat,failure,operation completed,2026-12-17T10:42:00
EVT0000604,TXN000571,BK000108,PROV00241,payment_success,transport,failure,provider unavailable,2027-02-09T12:26:00
EVT0000605,TXN000521,BK000102,PROV00149,booking_started,hotel_room,success,request timed out,2027-02-27T06:24:00
EVT0000606,TXN000366,BK000958,PROV00099,rollback_started,activity_slot,failure,operation completed,2027-01-01T22:02:00
EVT0000607,TXN000974,BK000499,PROV00109,rollback_started,transport,success,operation completed,2027-01-20T19:55:00
EVT0000608,TXN000874,BK000927,PROV00095,payment_started,transport,failure,resource unavailable,2026-10-16T10:42:00
EVT0000609,TXN000788,BK000851,PROV00081,provider_failure,activity_slot,failure,request timed out,2026-11-05T10:27:00
EVT0000610,TXN000065,BK000247,PROV00157,availability_checked,activity_slot,failure,payment rejected,2027-02-17T02:53:00
EVT0000611,TXN000888,BK000686,PROV00129,availability_checked,transport,success,rollback initiated,2027-02-18T13:20:00
EVT0000612,TXN000536,BK000772,PROV00258,payment_success,hotel_room,failure,rollback initiated,2027-01-10T09:34:00
EVT0000613,TXN000567,BK000743,PROV00270,rollback_success,hotel_room,pending,request timed out,2027-01-27T15:31:00
EVT0000614,TXN000083,BK000512,PROV00236,provider_failure,flight_seat,success,provider unavailable,2027-02-03T22:36:00
EVT0000615,TXN000624,BK000742,PROV00135,provider_success,activity_slot,pending,payment rejected,2027-03-10T01:43:00
EVT0000616,TXN000748,BK000452,PROV00093,provider_success,flight_seat,success,resource unavailable,2027-03-16T04:37:00
EVT0000617,TXN000253,BK000407,PROV00005,resource_locked,transport,pending,payment rejected,2027-01-13T04:35:00
EVT0000618,TXN000140,BK000157,PROV00285,payment_failure,flight_seat,failure,rollback completed,2027-02-13T19:51:00
EVT0000619,TXN000173,BK000821,PROV00053,resource_locked,flight_seat,failure,resource unavailable,2026-12-11T01:30:00
EVT0000620,TXN000303,BK000014,PROV00204,resource_locked,hotel_room,pending,payment rejected,2027-03-02T10:38:00
EVT0000621,TXN000295,BK000394,PROV00262,payment_started,transport,pending,resource unavailable,2027-03-18T22:43:00
EVT0000622,TXN000439,BK000889,PROV00086,payment_failure,hotel_room,failure,resource unavailable,2027-02-26T12:55:00
EVT0000623,TXN000201,BK000671,PROV00227,payment_started,hotel_room,pending,rollback completed,2026-11-10T17:52:00
EVT0000624,TXN000077,BK000289,PROV00037,rollback_failure,transport,failure,rollback completed,2026-11-08T23:40:00
EVT0000625,TXN000951,BK000162,PROV00131,booking_confirmed,hotel_room,failure,operation completed,2026-10-11T23:39:00
EVT0000626,TXN000479,BK000133,PROV00091,provider_called,transport,failure,operation completed,2026-11-08T06:36:00
EVT0000627,TXN000619,BK000966,PROV00248,availability_checked,transport,failure,provider unavailable,2026-12-29T05:08:00
EVT0000628,TXN000527,BK000125,PROV00209,rollback_success,flight_seat,pending,provider unavailable,2026-10-03T19:24:00
EVT0000629,TXN000487,BK000553,PROV00204,payment_failure,flight_seat,success,provider unavailable,2027-01-31T18:25:00
EVT0000630,TXN000328,BK000889,PROV00286,provider_failure,hotel_room,success,rollback initiated,2027-03-15T05:13:00
EVT0000631,TXN000935,BK000475,PROV00046,payment_failure,transport,pending,rollback completed,2026-12-15T08:42:00
EVT0000632,TXN000076,BK000145,PROV00058,rollback_failure,transport,pending,request timed out,2026-11-22T09:49:00
EVT0000633,TXN000199,BK000427,PROV00208,rollback_started,flight_seat,failure,rollback completed,2027-01-13T04:08:00
EVT0000634,TXN000014,BK000320,PROV00248,payment_success,transport,failure,provider unavailable,2026-12-07T19:02:00
EVT0000635,TXN000987,BK000902,PROV00052,provider_called,transport,success,payment rejected,2026-11-20T16:47:00
EVT0000636,TXN000278,BK000134,PROV00039,rollback_started,hotel_room,success,provider unavailable,2026-12-06T11:09:00
EVT0000637,TXN000503,BK000933,PROV00210,payment_success,flight_seat,failure,operation completed,2026-12-30T23:47:00
EVT0000638,TXN000968,BK000208,PROV00088,provider_called,activity_slot,failure,provider unavailable,2027-01-23T18:18:00
EVT0000639,TXN000241,BK000865,PROV00006,resource_locked,activity_slot,failure,resource unavailable,2026-12-18T03:01:00
EVT0000640,TXN000838,BK000405,PROV00278,payment_success,activity_slot,failure,operation completed,2026-11-07T23:59:00
EVT0000641,TXN000162,BK000481,PROV00007,booking_cancelled,transport,pending,provider unavailable,2026-10-29T03:00:00
EVT0000642,TXN000196,BK000592,PROV00034,booking_confirmed,activity_slot,failure,operation completed,2027-03-25T15:39:00
EVT0000643,TXN000433,BK000823,PROV00160,provider_success,transport,success,rollback initiated,2027-03-05T12:30:00
EVT0000644,TXN000605,BK000939,PROV00195,resource_locked,activity_slot,failure,rollback initiated,2026-12-13T14:33:00
EVT0000645,TXN000492,BK000367,PROV00042,rollback_success,transport,success,operation completed,2027-02-06T10:47:00
EVT0000646,TXN000770,BK000353,PROV00112,availability_checked,flight_seat,pending,payment rejected,2027-03-19T18:54:00
EVT0000647,TXN000201,BK000166,PROV00016,provider_failure,transport,failure,payment rejected,2026-11-18T21:44:00
EVT0000648,TXN000929,BK000556,PROV00200,rollback_failure,flight_seat,success,request timed out,2027-01-04T11:29:00
EVT0000649,TXN000094,BK000677,PROV00005,rollback_started,transport,pending,rollback completed,2027-01-14T19:11:00
EVT0000650,TXN000945,BK000039,PROV00010,rollback_success,transport,success,request timed out,2026-10-03T06:35:00
EVT0000651,TXN000465,BK000458,PROV00284,rollback_success,activity_slot,failure,request timed out,2027-01-28T10:48:00
EVT0000652,TXN000609,BK000575,PROV00242,booking_confirmed,hotel_room,pending,provider unavailable,2027-03-14T16:58:00
EVT0000653,TXN000556,BK000226,PROV00049,payment_success,flight_seat,failure,provider unavailable,2027-02-22T23:35:00
EVT0000654,TXN000980,BK000247,PROV00077,booking_confirmed,flight_seat,success,resource unavailable,2026-12-01T21:56:00
EVT0000655,TXN000713,BK000855,PROV00203,booking_cancelled,activity_slot,pending,resource unavailable,2027-02-08T02:55:00
EVT0000656,TXN000943,BK000092,PROV00145,availability_checked,activity_slot,success,payment rejected,2027-03-04T20:14:00
EVT0000657,TXN000013,BK000942,PROV00124,booking_started,transport,pending,resource unavailable,2027-02-01T12:51:00
EVT0000658,TXN000043,BK000456,PROV00014,provider_failure,activity_slot,failure,payment rejected,2026-12-14T10:24:00
EVT0000659,TXN000327,BK000758,PROV00004,provider_called,activity_slot,failure,rollback completed,2026-10-01T12:20:00
EVT0000660,TXN000120,BK000930,PROV00256,rollback_failure,transport,success,rollback completed,2026-10-08T14:51:00
EVT0000661,TXN000319,BK000456,PROV00062,rollback_started,activity_slot,pending,provider unavailable,2026-11-16T05:16:00
EVT0000662,TXN000642,BK000307,PROV00169,booking_cancelled,activity_slot,pending,resource unavailable,2026-12-01T04:54:00
EVT0000663,TXN000792,BK000399,PROV00145,rollback_success,flight_seat,pending,resource unavailable,2026-11-02T17:16:00
EVT0000664,TXN000632,BK000704,PROV00117,provider_called,flight_seat,pending,payment rejected,2026-12-13T06:42:00
EVT0000665,TXN000777,BK000455,PROV00145,rollback_failure,transport,failure,payment rejected,2027-02-12T14:58:00
EVT0000666,TXN000439,BK000420,PROV00122,booking_cancelled,flight_seat,pending,operation completed,2027-02-28T11:37:00
EVT0000667,TXN000944,BK000162,PROV00020,payment_failure,transport,success,payment rejected,2027-01-30T12:23:00
EVT0000668,TXN000687,BK000067,PROV00250,rollback_failure,activity_slot,failure,provider unavailable,2027-02-09T18:24:00
EVT0000669,TXN000326,BK000205,PROV00201,booking_confirmed,hotel_room,success,rollback initiated,2026-12-20T03:45:00
EVT0000670,TXN000245,BK000719,PROV00218,rollback_failure,flight_seat,pending,resource unavailable,2027-03-19T05:05:00
EVT0000671,TXN000844,BK000594,PROV00125,booking_confirmed,flight_seat,pending,resource unavailable,2027-02-28T06:24:00
EVT0000672,TXN000386,BK000135,PROV00197,booking_cancelled,hotel_room,failure,request timed out,2026-10-21T01:41:00
EVT0000673,TXN000173,BK000840,PROV00168,resource_locked,flight_seat,failure,rollback completed,2027-01-29T16:21:00
EVT0000674,TXN000314,BK000437,PROV00060,provider_success,flight_seat,pending,payment rejected,2027-03-02T04:46:00
EVT0000675,TXN000130,BK000612,PROV00125,rollback_success,hotel_room,success,resource unavailable,2026-11-30T08:37:00
EVT0000676,TXN000947,BK000460,PROV00177,resource_locked,activity_slot,failure,rollback initiated,2026-10-13T21:19:00
EVT0000677,TXN000321,BK000191,PROV00176,rollback_started,activity_slot,success,operation completed,2026-10-03T22:38:00
EVT0000678,TXN000535,BK000980,PROV00258,booking_confirmed,activity_slot,success,resource unavailable,2026-12-07T10:15:00
EVT0000679,TXN000797,BK000617,PROV00232,provider_called,activity_slot,success,payment rejected,2026-11-29T20:05:00
EVT0000680,TXN000548,BK000005,PROV00174,payment_started,hotel_room,pending,provider unavailable,2026-12-14T13:32:00
EVT0000681,TXN000542,BK000584,PROV00260,rollback_started,activity_slot,pending,request timed out,2027-03-15T08:06:00
EVT0000682,TXN000996,BK000501,PROV00272,provider_called,flight_seat,pending,rollback completed,2027-03-20T01:49:00
EVT0000683,TXN000464,BK000850,PROV00047,payment_started,activity_slot,success,rollback completed,2027-02-22T14:30:00
EVT0000684,TXN000866,BK000211,PROV00106,provider_failure,transport,pending,request timed out,2027-03-02T09:39:00
EVT0000685,TXN000568,BK000888,PROV00125,resource_locked,transport,failure,operation completed,2027-03-23T09:58:00
EVT0000686,TXN000561,BK000580,PROV00238,provider_success,transport,pending,resource unavailable,2027-02-22T09:11:00
EVT0000687,TXN000692,BK000325,PROV00250,provider_success,flight_seat,failure,rollback completed,2026-10-20T22:44:00
EVT0000688,TXN000727,BK000820,PROV00012,booking_started,activity_slot,failure,provider unavailable,2026-10-19T10:43:00
EVT0000689,TXN000899,BK000300,PROV00263,booking_started,hotel_room,success,payment rejected,2027-02-14T05:41:00
EVT0000690,TXN000993,BK000175,PROV00051,payment_failure,transport,pending,payment rejected,2027-01-24T22:48:00
EVT0000691,TXN000519,BK000871,PROV00017,rollback_success,flight_seat,pending,rollback completed,2027-02-11T02:52:00
EVT0000692,TXN000803,BK000663,PROV00190,payment_success,activity_slot,pending,rollback initiated,2027-02-05T17:15:00
EVT0000693,TXN000310,BK000816,PROV00164,booking_cancelled,activity_slot,failure,request timed out,2026-10-07T13:58:00
EVT0000694,TXN000056,BK000491,PROV00103,payment_failure,transport,success,operation completed,2026-12-28T01:36:00
EVT0000695,TXN000088,BK000317,PROV00055,provider_failure,activity_slot,failure,resource unavailable,2026-10-19T12:55:00
EVT0000696,TXN000912,BK000057,PROV00193,rollback_failure,transport,failure,rollback initiated,2026-10-04T17:54:00
EVT0000697,TXN000297,BK000382,PROV00164,rollback_success,activity_slot,success,provider unavailable,2027-01-21T06:58:00
EVT0000698,TXN000454,BK000314,PROV00184,payment_started,transport,success,payment rejected,2027-02-22T06:25:00
EVT0000699,TXN000650,BK000707,PROV00185,provider_failure,hotel_room,success,rollback initiated,2026-12-14T06:20:00
EVT0000700,TXN000657,BK000953,PROV00269,availability_checked,hotel_room,pending,rollback initiated,2026-10-03T22:55:00
EVT0000701,TXN000492,BK000484,PROV00230,provider_failure,transport,success,resource unavailable,2027-02-04T19:05:00
EVT0000702,TXN000772,BK000972,PROV00043,payment_success,hotel_room,success,rollback completed,2027-03-30T04:58:00
EVT0000703,TXN000428,BK000331,PROV00032,provider_called,activity_slot,pending,payment rejected,2027-03-06T22:43:00
EVT0000704,TXN000740,BK000214,PROV00127,provider_success,activity_slot,success,operation completed,2027-03-14T10:07:00
EVT0000705,TXN000989,BK000384,PROV00128,payment_failure,hotel_room,failure,provider unavailable,2027-02-13T21:43:00
EVT0000706,TXN000470,BK000499,PROV00284,booking_cancelled,transport,failure,payment rejected,2026-10-28T01:00:00
EVT0000707,TXN000625,BK000802,PROV00036,resource_locked,flight_seat,pending,resource unavailable,2026-10-06T04:58:00
EVT0000708,TXN000200,BK000128,PROV00043,payment_failure,transport,failure,provider unavailable,2026-12-18T06:15:00
EVT0000709,TXN000086,BK000319,PROV00068,payment_started,activity_slot,failure,operation completed,2026-12-19T08:24:00
EVT0000710,TXN000501,BK000542,PROV00024,provider_failure,flight_seat,pending,resource unavailable,2027-03-29T04:58:00
EVT0000711,TXN000867,BK000245,PROV00008,provider_called,transport,pending,rollback completed,2026-10-30T13:02:00
EVT0000712,TXN000132,BK000330,PROV00151,provider_called,activity_slot,failure,provider unavailable,2026-12-05T21:44:00
EVT0000713,TXN000138,BK000144,PROV00127,provider_success,transport,success,rollback initiated,2027-01-03T03:51:00
EVT0000714,TXN000463,BK000169,PROV00092,provider_failure,flight_seat,pending,operation completed,2026-10-19T09:17:00
EVT0000715,TXN000021,BK000714,PROV00250,provider_failure,flight_seat,failure,payment rejected,2027-03-14T17:55:00
EVT0000716,TXN000770,BK000857,PROV00124,resource_locked,transport,success,rollback completed,2026-10-13T17:17:00
EVT0000717,TXN000029,BK000263,PROV00245,resource_locked,transport,success,resource unavailable,2026-12-18T05:16:00
EVT0000718,TXN000645,BK000951,PROV00007,payment_failure,flight_seat,failure,provider unavailable,2027-01-22T05:39:00
EVT0000719,TXN000053,BK000977,PROV00187,booking_cancelled,hotel_room,failure,provider unavailable,2026-10-10T05:58:00
EVT0000720,TXN000459,BK000242,PROV00139,provider_success,flight_seat,success,rollback initiated,2027-01-22T00:13:00
EVT0000721,TXN000821,BK000459,PROV00068,booking_confirmed,hotel_room,failure,rollback initiated,2026-10-26T18:37:00
EVT0000722,TXN000003,BK000066,PROV00183,payment_success,hotel_room,pending,rollback initiated,2027-02-23T01:55:00
EVT0000723,TXN000044,BK000515,PROV00001,booking_confirmed,hotel_room,success,provider unavailable,2027-01-01T07:41:00
EVT0000724,TXN000246,BK000589,PROV00019,availability_checked,hotel_room,failure,operation completed,2026-12-05T23:31:00
EVT0000725,TXN000326,BK000269,PROV00130,booking_confirmed,transport,success,operation completed,2027-01-26T21:54:00
EVT0000726,TXN000840,BK000912,PROV00065,booking_started,flight_seat,success,rollback completed,2027-03-07T07:30:00
EVT0000727,TXN000102,BK000143,PROV00288,payment_failure,transport,pending,provider unavailable,2026-12-30T07:13:00
EVT0000728,TXN000982,BK000801,PROV00297,provider_called,transport,pending,operation completed,2027-01-08T07:07:00
EVT0000729,TXN000142,BK000066,PROV00028,booking_cancelled,transport,success,rollback completed,2027-02-17T19:33:00
EVT0000730,TXN000936,BK000278,PROV00292,resource_locked,hotel_room,failure,rollback completed,2026-10-31T18:50:00
EVT0000731,TXN000546,BK000774,PROV00112,availability_checked,flight_seat,pending,payment rejected,2026-11-19T09:05:00
EVT0000732,TXN000091,BK000313,PROV00197,booking_started,activity_slot,failure,payment rejected,2027-02-25T23:23:00
EVT0000733,TXN000982,BK000623,PROV00029,provider_success,hotel_room,success,payment rejected,2027-02-03T07:07:00
EVT0000734,TXN000793,BK000144,PROV00234,booking_started,activity_slot,pending,operation completed,2026-11-12T08:48:00
EVT0000735,TXN000678,BK000162,PROV00208,rollback_failure,hotel_room,success,request timed out,2026-11-07T10:11:00
EVT0000736,TXN000001,BK000261,PROV00209,payment_started,hotel_room,success,resource unavailable,2027-01-22T14:07:00
EVT0000737,TXN000393,BK000626,PROV00012,rollback_failure,flight_seat,pending,operation completed,2027-03-16T13:34:00
EVT0000738,TXN000535,BK000190,PROV00058,payment_success,transport,success,payment rejected,2026-11-06T23:57:00
EVT0000739,TXN000966,BK000131,PROV00180,payment_success,hotel_room,success,request timed out,2027-03-28T13:47:00
EVT0000740,TXN000727,BK000662,PROV00246,booking_confirmed,hotel_room,success,rollback initiated,2027-02-24T21:51:00
EVT0000741,TXN000574,BK000911,PROV00067,rollback_success,activity_slot,success,payment rejected,2026-12-30T10:50:00
EVT0000742,TXN000198,BK000663,PROV00244,provider_failure,flight_seat,success,provider unavailable,2027-03-13T08:35:00
EVT0000743,TXN000093,BK000511,PROV00296,provider_success,activity_slot,success,rollback initiated,2026-10-21T10:54:00
EVT0000744,TXN000924,BK000259,PROV00209,rollback_success,flight_seat,success,rollback initiated,2026-11-12T20:03:00
EVT0000745,TXN000119,BK000669,PROV00254,booking_started,transport,pending,rollback completed,2027-02-14T04:55:00
EVT0000746,TXN000661,BK000618,PROV00173,booking_cancelled,activity_slot,failure,request timed out,2026-10-16T17:15:00
EVT0000747,TXN000572,BK000246,PROV00159,payment_started,hotel_room,pending,request timed out,2026-10-17T00:15:00
EVT0000748,TXN000253,BK000519,PROV00294,provider_called,transport,failure,rollback completed,2027-03-30T01:04:00
EVT0000749,TXN000174,BK000734,PROV00099,resource_locked,flight_seat,pending,rollback initiated,2027-02-18T05:00:00
EVT0000750,TXN000261,BK000783,PROV00257,availability_checked,activity_slot,success,rollback initiated,2026-10-03T08:17:00
EVT0000751,TXN000025,BK000045,PROV00116,resource_locked,activity_slot,pending,provider unavailable,2027-02-08T11:26:00
EVT0000752,TXN000377,BK000499,PROV00007,provider_success,transport,success,provider unavailable,2027-02-01T17:06:00
EVT0000753,TXN000322,BK000734,PROV00273,payment_success,transport,success,operation completed,2027-02-01T19:56:00
EVT0000754,TXN000840,BK000180,PROV00297,rollback_started,activity_slot,success,resource unavailable,2026-10-04T13:46:00
EVT0000755,TXN000976,BK000728,PROV00096,provider_failure,activity_slot,failure,rollback initiated,2026-11-19T04:33:00
EVT0000756,TXN000271,BK000162,PROV00203,availability_checked,hotel_room,pending,provider unavailable,2026-12-15T13:33:00
EVT0000757,TXN000394,BK000843,PROV00011,payment_success,flight_seat,failure,rollback initiated,2026-12-27T14:24:00
EVT0000758,TXN000024,BK000106,PROV00165,booking_confirmed,activity_slot,failure,payment rejected,2027-03-01T10:40:00
EVT0000759,TXN000533,BK000699,PROV00164,payment_started,activity_slot,failure,operation completed,2027-02-23T10:18:00
EVT0000760,TXN000191,BK000783,PROV00240,booking_confirmed,transport,failure,resource unavailable,2026-12-28T20:14:00
EVT0000761,TXN000768,BK000367,PROV00225,payment_failure,flight_seat,failure,resource unavailable,2026-12-29T11:01:00
EVT0000762,TXN000063,BK000716,PROV00071,provider_success,hotel_room,pending,resource unavailable,2027-01-02T21:04:00
EVT0000763,TXN000054,BK000901,PROV00050,rollback_failure,transport,success,operation completed,2027-01-19T15:57:00
EVT0000764,TXN000279,BK000199,PROV00135,payment_failure,activity_slot,pending,rollback completed,2026-12-13T17:26:00
EVT0000765,TXN000323,BK000277,PROV00051,rollback_success,activity_slot,pending,rollback initiated,2026-12-17T10:21:00
EVT0000766,TXN000895,BK000960,PROV00208,resource_locked,hotel_room,pending,payment rejected,2026-12-21T12:11:00
EVT0000767,TXN000938,BK000770,PROV00193,payment_failure,transport,pending,provider unavailable,2026-12-01T03:06:00
EVT0000768,TXN000178,BK000897,PROV00225,booking_confirmed,transport,success,rollback completed,2026-10-15T16:06:00
EVT0000769,TXN000646,BK000013,PROV00152,resource_locked,hotel_room,failure,rollback completed,2027-03-18T02:46:00
EVT0000770,TXN000144,BK000955,PROV00232,booking_started,hotel_room,success,payment rejected,2027-02-16T04:19:00
EVT0000771,TXN000355,BK000142,PROV00063,booking_confirmed,flight_seat,pending,rollback initiated,2026-11-14T05:17:00
EVT0000772,TXN000841,BK000984,PROV00051,payment_success,activity_slot,pending,provider unavailable,2027-02-05T20:02:00
EVT0000773,TXN000419,BK000878,PROV00152,provider_success,hotel_room,failure,provider unavailable,2026-11-12T09:02:00
EVT0000774,TXN000792,BK000429,PROV00020,rollback_success,flight_seat,pending,provider unavailable,2027-02-15T05:06:00
EVT0000775,TXN000516,BK000689,PROV00222,rollback_started,transport,failure,rollback completed,2027-03-10T19:34:00
EVT0000776,TXN000218,BK000087,PROV00041,rollback_started,activity_slot,success,rollback completed,2027-03-18T14:23:00
EVT0000777,TXN000650,BK000065,PROV00128,payment_success,flight_seat,success,rollback completed,2027-02-16T01:07:00
EVT0000778,TXN000072,BK000707,PROV00294,rollback_started,hotel_room,success,operation completed,2026-11-04T02:12:00
EVT0000779,TXN000451,BK000370,PROV00180,provider_failure,activity_slot,success,payment rejected,2027-03-23T14:39:00
EVT0000780,TXN000036,BK000814,PROV00250,resource_locked,activity_slot,failure,payment rejected,2026-11-20T23:47:00
EVT0000781,TXN000094,BK000382,PROV00269,rollback_success,transport,success,provider unavailable,2026-11-22T05:20:00
EVT0000782,TXN000366,BK000076,PROV00167,rollback_started,flight_seat,success,rollback initiated,2027-02-25T01:40:00
EVT0000783,TXN000570,BK000526,PROV00236,booking_cancelled,flight_seat,failure,request timed out,2027-01-07T19:36:00
EVT0000784,TXN000941,BK000364,PROV00108,provider_failure,flight_seat,success,resource unavailable,2026-10-12T09:35:00
EVT0000785,TXN000683,BK000917,PROV00162,provider_failure,flight_seat,success,payment rejected,2027-01-01T19:10:00
EVT0000786,TXN000678,BK000302,PROV00072,availability_checked,transport,pending,resource unavailable,2026-10-26T07:10:00
EVT0000787,TXN000689,BK000063,PROV00243,resource_locked,hotel_room,success,provider unavailable,2026-12-30T17:59:00
EVT0000788,TXN000278,BK000705,PROV00031,booking_started,transport,failure,payment rejected,2027-02-15T00:06:00
EVT0000789,TXN000682,BK000614,PROV00134,resource_locked,flight_seat,success,request timed out,2026-10-15T18:50:00
EVT0000790,TXN000317,BK000429,PROV00198,payment_success,hotel_room,failure,operation completed,2026-12-11T18:25:00
EVT0000791,TXN000662,BK000481,PROV00178,availability_checked,transport,success,provider unavailable,2027-01-29T00:02:00
EVT0000792,TXN000947,BK000954,PROV00203,payment_started,flight_seat,success,rollback initiated,2026-10-21T12:19:00
EVT0000793,TXN000709,BK000678,PROV00075,payment_started,flight_seat,failure,provider unavailable,2026-11-08T15:12:00
EVT0000794,TXN000796,BK000770,PROV00129,payment_failure,transport,success,operation completed,2026-12-15T01:12:00
EVT0000795,TXN000289,BK000196,PROV00178,booking_confirmed,transport,success,resource unavailable,2026-11-20T14:12:00
EVT0000796,TXN000737,BK000902,PROV00019,provider_success,activity_slot,pending,rollback completed,2026-11-10T22:02:00
EVT0000797,TXN000859,BK000499,PROV00094,availability_checked,hotel_room,failure,rollback initiated,2027-03-08T18:28:00
EVT0000798,TXN000156,BK000902,PROV00103,booking_cancelled,flight_seat,success,operation completed,2026-10-29T23:46:00
EVT0000799,TXN000830,BK000870,PROV00232,rollback_failure,activity_slot,success,operation completed,2026-11-08T00:48:00
EVT0000800,TXN000392,BK000452,PROV00237,provider_called,activity_slot,success,request timed out,2026-12-04T22:31:00
EVT0000801,TXN000266,BK000124,PROV00285,booking_confirmed,hotel_room,success,operation completed,2027-03-16T19:15:00
EVT0000802,TXN000976,BK000254,PROV00028,rollback_success,activity_slot,failure,rollback completed,2026-11-28T06:23:00
EVT0000803,TXN000653,BK000210,PROV00111,booking_cancelled,hotel_room,success,request timed out,2027-02-11T20:45:00
EVT0000804,TXN000757,BK000120,PROV00079,payment_started,flight_seat,failure,payment rejected,2027-02-26T09:11:00
EVT0000805,TXN000087,BK000395,PROV00233,booking_confirmed,activity_slot,success,operation completed,2027-02-02T18:24:00
EVT0000806,TXN000045,BK000309,PROV00022,payment_started,hotel_room,failure,payment rejected,2027-02-19T02:45:00
EVT0000807,TXN000419,BK000666,PROV00201,payment_success,hotel_room,success,rollback completed,2027-01-26T21:13:00
EVT0000808,TXN000761,BK000189,PROV00235,resource_locked,transport,success,provider unavailable,2026-11-28T12:22:00
EVT0000809,TXN000980,BK000402,PROV00029,provider_called,transport,pending,request timed out,2027-02-28T08:19:00
EVT0000810,TXN000031,BK000454,PROV00157,payment_started,flight_seat,pending,provider unavailable,2027-01-14T05:23:00
EVT0000811,TXN000668,BK000948,PROV00078,provider_success,flight_seat,failure,rollback completed,2027-01-30T15:36:00
EVT0000812,TXN000745,BK000447,PROV00129,payment_started,activity_slot,success,payment rejected,2026-10-09T18:25:00
EVT0000813,TXN000636,BK000866,PROV00182,payment_success,activity_slot,failure,rollback initiated,2027-01-28T02:36:00
EVT0000814,TXN000676,BK000982,PROV00021,rollback_failure,flight_seat,success,provider unavailable,2026-11-14T16:54:00
EVT0000815,TXN000382,BK000766,PROV00030,availability_checked,transport,failure,rollback initiated,2026-11-30T14:04:00
EVT0000816,TXN000008,BK000746,PROV00094,booking_cancelled,hotel_room,success,provider unavailable,2026-11-18T00:57:00
EVT0000817,TXN000748,BK000696,PROV00088,provider_success,flight_seat,success,operation completed,2027-03-06T04:51:00
EVT0000818,TXN000013,BK000123,PROV00151,rollback_success,hotel_room,failure,payment rejected,2026-12-31T20:00:00
EVT0000819,TXN000949,BK000131,PROV00071,resource_locked,hotel_room,failure,provider unavailable,2026-10-22T11:49:00
EVT0000820,TXN000582,BK000607,PROV00025,rollback_success,hotel_room,failure,payment rejected,2027-02-09T19:06:00
EVT0000821,TXN000015,BK000734,PROV00107,payment_started,transport,failure,rollback initiated,2027-03-26T10:06:00
EVT0000822,TXN000523,BK000320,PROV00006,booking_started,transport,pending,resource unavailable,2026-10-03T17:54:00
EVT0000823,TXN000235,BK000830,PROV00200,booking_confirmed,transport,success,operation completed,2027-02-01T08:08:00
EVT0000824,TXN000280,BK000344,PROV00064,rollback_success,transport,pending,request timed out,2026-12-16T18:19:00
EVT0000825,TXN000900,BK000963,PROV00086,rollback_failure,hotel_room,pending,resource unavailable,2026-11-14T10:09:00
EVT0000826,TXN000003,BK000499,PROV00089,resource_locked,flight_seat,pending,request timed out,2026-11-04T22:21:00
EVT0000827,TXN000261,BK000469,PROV00238,provider_success,flight_seat,failure,payment rejected,2026-10-19T02:39:00
EVT0000828,TXN000300,BK000562,PROV00121,provider_called,flight_seat,pending,request timed out,2026-11-05T06:46:00
EVT0000829,TXN000624,BK000707,PROV00138,provider_failure,hotel_room,success,operation completed,2026-11-12T13:37:00
EVT0000830,TXN000366,BK000795,PROV00030,payment_success,transport,failure,request timed out,2026-12-20T11:25:00
EVT0000831,TXN000911,BK000252,PROV00049,booking_confirmed,hotel_room,success,operation completed,2027-01-01T18:36:00
EVT0000832,TXN000163,BK000021,PROV00096,provider_success,activity_slot,pending,provider unavailable,2026-10-08T09:56:00
EVT0000833,TXN000096,BK000863,PROV00091,rollback_success,hotel_room,failure,payment rejected,2027-02-20T00:08:00
EVT0000834,TXN000210,BK000669,PROV00295,booking_cancelled,transport,success,operation completed,2027-03-14T17:15:00
EVT0000835,TXN000067,BK000619,PROV00089,availability_checked,transport,pending,rollback completed,2026-10-06T10:53:00
EVT0000836,TXN000476,BK000269,PROV00185,payment_started,hotel_room,success,rollback initiated,2027-02-05T20:48:00
EVT0000837,TXN000425,BK000205,PROV00081,provider_called,hotel_room,pending,payment rejected,2026-12-31T18:04:00
EVT0000838,TXN000389,BK000138,PROV00187,provider_success,activity_slot,success,resource unavailable,2026-10-31T23:42:00
EVT0000839,TXN000155,BK000682,PROV00099,provider_failure,hotel_room,success,request timed out,2026-10-07T09:57:00
EVT0000840,TXN000006,BK000166,PROV00106,availability_checked,flight_seat,success,rollback initiated,2027-01-06T01:59:00
EVT0000841,TXN000444,BK000165,PROV00163,rollback_failure,hotel_room,pending,provider unavailable,2026-12-03T16:39:00
EVT0000842,TXN000006,BK000824,PROV00221,provider_success,flight_seat,success,request timed out,2026-10-22T18:27:00
EVT0000843,TXN000434,BK000384,PROV00017,resource_locked,activity_slot,failure,rollback initiated,2027-03-14T12:53:00
EVT0000844,TXN000225,BK000896,PROV00026,resource_locked,hotel_room,failure,request timed out,2027-03-09T16:17:00
EVT0000845,TXN000652,BK000612,PROV00107,rollback_success,flight_seat,success,provider unavailable,2026-12-05T13:52:00
EVT0000846,TXN000114,BK000630,PROV00118,rollback_started,transport,success,request timed out,2026-12-21T05:46:00
EVT0000847,TXN000121,BK000723,PROV00076,rollback_failure,flight_seat,pending,rollback completed,2026-11-30T22:58:00
EVT0000848,TXN000806,BK000470,PROV00125,provider_failure,hotel_room,success,rollback completed,2026-12-21T18:54:00
EVT0000849,TXN000185,BK000853,PROV00225,booking_started,activity_slot,failure,payment rejected,2027-02-09T22:27:00
EVT0000850,TXN000259,BK000356,PROV00011,booking_started,hotel_room,failure,provider unavailable,2027-01-21T01:16:00
EVT0000851,TXN000112,BK000828,PROV00281,provider_failure,flight_seat,pending,resource unavailable,2027-01-29T00:51:00
EVT0000852,TXN000663,BK000986,PROV00036,provider_failure,activity_slot,failure,resource unavailable,2026-12-15T14:30:00
EVT0000853,TXN000510,BK000306,PROV00272,booking_cancelled,transport,success,rollback completed,2026-12-08T20:14:00
EVT0000854,TXN000936,BK000810,PROV00067,booking_started,transport,pending,operation completed,2027-03-07T14:31:00
EVT0000855,TXN000870,BK000637,PROV00072,rollback_success,activity_slot,failure,operation completed,2027-02-09T08:30:00
EVT0000856,TXN000704,BK000959,PROV00189,rollback_success,flight_seat,pending,request timed out,2027-01-12T12:17:00
EVT0000857,TXN000740,BK000240,PROV00127,provider_failure,activity_slot,failure,resource unavailable,2026-11-19T19:56:00
EVT0000858,TXN000045,BK000134,PROV00208,provider_failure,transport,failure,resource unavailable,2027-02-11T02:46:00
EVT0000859,TXN000697,BK000113,PROV00005,booking_confirmed,activity_slot,failure,rollback initiated,2026-12-31T17:05:00
EVT0000860,TXN000052,BK000763,PROV00062,provider_failure,flight_seat,pending,rollback initiated,2026-11-14T06:21:00
EVT0000861,TXN000448,BK000782,PROV00053,booking_cancelled,hotel_room,failure,provider unavailable,2026-10-05T02:26:00
EVT0000862,TXN000269,BK000858,PROV00211,payment_started,activity_slot,pending,request timed out,2027-02-01T21:00:00
EVT0000863,TXN000352,BK000510,PROV00008,rollback_started,activity_slot,pending,provider unavailable,2026-11-02T19:48:00
EVT0000864,TXN000189,BK000753,PROV00111,payment_failure,hotel_room,failure,payment rejected,2027-03-08T03:10:00
EVT0000865,TXN000573,BK000672,PROV00138,booking_confirmed,transport,failure,rollback completed,2026-12-01T22:00:00
EVT0000866,TXN000085,BK000579,PROV00137,booking_started,activity_slot,failure,rollback completed,2027-02-24T11:12:00
EVT0000867,TXN000749,BK000544,PROV00259,booking_confirmed,hotel_room,success,provider unavailable,2027-02-16T14:35:00
EVT0000868,TXN000011,BK001000,PROV00151,rollback_failure,transport,failure,provider unavailable,2027-03-05T06:02:00
EVT0000869,TXN000812,BK000315,PROV00218,booking_cancelled,hotel_room,failure,request timed out,2026-11-19T01:01:00
EVT0000870,TXN000195,BK000301,PROV00195,rollback_started,flight_seat,failure,payment rejected,2027-02-17T15:35:00
EVT0000871,TXN000700,BK000787,PROV00164,booking_started,flight_seat,failure,rollback completed,2027-02-03T04:19:00
EVT0000872,TXN000150,BK000852,PROV00017,rollback_success,flight_seat,pending,resource unavailable,2027-02-13T11:48:00
EVT0000873,TXN000972,BK000823,PROV00163,payment_failure,activity_slot,success,operation completed,2027-03-22T14:26:00
EVT0000874,TXN000750,BK000450,PROV00157,payment_failure,activity_slot,failure,rollback initiated,2027-02-28T11:53:00
EVT0000875,TXN000813,BK000169,PROV00299,booking_confirmed,activity_slot,failure,provider unavailable,2027-03-28T18:07:00
EVT0000876,TXN000715,BK000584,PROV00198,rollback_success,hotel_room,pending,provider unavailable,2027-01-16T20:21:00
EVT0000877,TXN000548,BK000011,PROV00189,provider_success,activity_slot,success,rollback initiated,2027-03-09T09:34:00
EVT0000878,TXN000919,BK000140,PROV00022,payment_started,hotel_room,pending,rollback initiated,2027-03-27T22:14:00
EVT0000879,TXN000594,BK000059,PROV00183,availability_checked,flight_seat,pending,operation completed,2027-01-08T15:15:00
EVT0000880,TXN000013,BK000767,PROV00091,rollback_success,transport,success,rollback initiated,2026-11-13T13:24:00
EVT0000881,TXN000962,BK000497,PROV00158,payment_started,hotel_room,failure,operation completed,2026-12-04T21:27:00
EVT0000882,TXN000177,BK000691,PROV00033,provider_failure,flight_seat,success,resource unavailable,2027-03-23T21:37:00
EVT0000883,TXN000362,BK000252,PROV00072,booking_started,transport,success,request timed out,2027-01-07T06:58:00
EVT0000884,TXN000105,BK000228,PROV00188,booking_cancelled,hotel_room,failure,resource unavailable,2027-02-15T16:02:00
EVT0000885,TXN000387,BK000450,PROV00221,payment_started,activity_slot,success,payment rejected,2027-02-22T07:18:00
EVT0000886,TXN000398,BK000413,PROV00106,availability_checked,hotel_room,pending,request timed out,2027-03-06T00:12:00
EVT0000887,TXN000110,BK000181,PROV00196,rollback_failure,flight_seat,pending,resource unavailable,2026-12-18T17:33:00
EVT0000888,TXN000894,BK000054,PROV00186,booking_started,hotel_room,pending,resource unavailable,2027-01-10T00:39:00
EVT0000889,TXN000673,BK000694,PROV00168,resource_locked,flight_seat,failure,operation completed,2027-01-05T18:29:00
EVT0000890,TXN000036,BK000252,PROV00232,booking_confirmed,activity_slot,pending,rollback completed,2027-02-20T06:29:00
EVT0000891,TXN000732,BK000713,PROV00215,payment_failure,hotel_room,success,payment rejected,2026-12-06T22:28:00
EVT0000892,TXN000385,BK000572,PROV00283,availability_checked,flight_seat,failure,provider unavailable,2027-03-17T05:44:00
EVT0000893,TXN000997,BK000189,PROV00177,rollback_success,hotel_room,pending,operation completed,2027-01-17T13:41:00
EVT0000894,TXN000352,BK000535,PROV00284,rollback_success,activity_slot,failure,provider unavailable,2026-12-20T01:17:00
EVT0000895,TXN000300,BK000003,PROV00186,rollback_failure,hotel_room,pending,request timed out,2027-01-24T11:56:00
EVT0000896,TXN000134,BK000782,PROV00138,provider_called,transport,failure,request timed out,2027-02-15T17:58:00
EVT0000897,TXN000148,BK000387,PROV00085,rollback_success,activity_slot,success,rollback completed,2027-01-24T08:50:00
EVT0000898,TXN000951,BK000164,PROV00234,payment_success,flight_seat,success,resource unavailable,2027-02-16T04:55:00
EVT0000899,TXN000275,BK000891,PROV00159,rollback_failure,activity_slot,pending,rollback initiated,2027-01-23T04:17:00
EVT0000900,TXN000296,BK000275,PROV00038,payment_started,hotel_room,failure,provider unavailable,2027-02-06T17:08:00
EVT0000901,TXN000511,BK000141,PROV00135,availability_checked,transport,failure,payment rejected,2026-11-08T04:20:00
EVT0000902,TXN000254,BK000774,PROV00159,payment_failure,hotel_room,success,resource unavailable,2027-01-04T20:09:00
EVT0000903,TXN000117,BK000273,PROV00284,provider_failure,hotel_room,success,payment rejected,2027-01-09T16:13:00
EVT0000904,TXN000853,BK000163,PROV00050,payment_failure,activity_slot,pending,resource unavailable,2026-10-26T10:28:00
EVT0000905,TXN000119,BK000195,PROV00116,rollback_started,flight_seat,pending,rollback initiated,2026-10-13T19:48:00
EVT0000906,TXN000862,BK000574,PROV00293,payment_failure,flight_seat,pending,request timed out,2026-12-01T04:22:00
EVT0000907,TXN000892,BK000026,PROV00231,booking_cancelled,transport,failure,request timed out,2027-03-02T22:15:00
EVT0000908,TXN000073,BK000102,PROV00250,booking_started,hotel_room,pending,rollback completed,2026-10-11T09:08:00
EVT0000909,TXN000772,BK000113,PROV00098,rollback_success,flight_seat,success,provider unavailable,2027-03-08T15:14:00
EVT0000910,TXN000209,BK000719,PROV00065,provider_success,activity_slot,failure,payment rejected,2026-10-07T00:21:00
EVT0000911,TXN000242,BK000777,PROV00068,payment_failure,hotel_room,failure,resource unavailable,2027-03-20T07:56:00
EVT0000912,TXN000500,BK000670,PROV00212,rollback_started,transport,pending,rollback completed,2026-12-05T03:46:00
EVT0000913,TXN000658,BK000257,PROV00130,rollback_started,flight_seat,success,provider unavailable,2026-10-24T07:00:00
EVT0000914,TXN000242,BK000612,PROV00172,resource_locked,activity_slot,success,rollback initiated,2027-02-11T23:18:00
EVT0000915,TXN000559,BK000002,PROV00202,payment_started,flight_seat,success,payment rejected,2027-03-05T02:16:00
EVT0000916,TXN000669,BK000941,PROV00134,payment_success,flight_seat,failure,resource unavailable,2026-12-21T11:54:00
EVT0000917,TXN000796,BK000452,PROV00027,rollback_success,activity_slot,pending,rollback initiated,2026-11-28T10:40:00
EVT0000918,TXN000058,BK000489,PROV00264,payment_failure,flight_seat,pending,operation completed,2026-10-27T11:05:00
EVT0000919,TXN000232,BK000306,PROV00269,payment_started,hotel_room,pending,operation completed,2027-03-02T02:09:00
EVT0000920,TXN000217,BK000929,PROV00191,booking_started,flight_seat,failure,rollback completed,2026-10-25T02:20:00
EVT0000921,TXN000043,BK000835,PROV00204,resource_locked,hotel_room,success,resource unavailable,2027-01-23T13:46:00
EVT0000922,TXN000207,BK000385,PROV00170,provider_called,hotel_room,success,rollback initiated,2027-01-25T09:36:00
EVT0000923,TXN000564,BK000873,PROV00274,payment_started,hotel_room,success,operation completed,2027-02-26T18:03:00
EVT0000924,TXN000152,BK000419,PROV00038,payment_failure,activity_slot,failure,operation completed,2026-12-07T17:47:00
EVT0000925,TXN000480,BK000336,PROV00189,payment_started,hotel_room,pending,rollback initiated,2027-01-17T09:59:00
EVT0000926,TXN000803,BK000706,PROV00205,booking_confirmed,hotel_room,success,request timed out,2027-01-22T16:27:00
EVT0000927,TXN000697,BK000539,PROV00215,resource_locked,hotel_room,failure,provider unavailable,2027-03-03T22:38:00
EVT0000928,TXN000820,BK000632,PROV00163,rollback_failure,hotel_room,pending,payment rejected,2026-12-07T03:46:00
EVT0000929,TXN000004,BK000516,PROV00011,payment_started,transport,failure,request timed out,2027-02-03T06:46:00
EVT0000930,TXN000170,BK000967,PROV00174,provider_failure,activity_slot,pending,rollback initiated,2026-10-16T23:25:00
EVT0000931,TXN000850,BK000140,PROV00102,provider_called,hotel_room,failure,payment rejected,2026-12-04T04:44:00
EVT0000932,TXN000711,BK000662,PROV00253,payment_success,flight_seat,pending,rollback initiated,2026-11-21T18:17:00
EVT0000933,TXN000536,BK000396,PROV00111,rollback_started,hotel_room,success,rollback completed,2026-10-08T21:03:00
EVT0000934,TXN000148,BK000764,PROV00050,payment_failure,hotel_room,failure,operation completed,2027-02-26T00:23:00
EVT0000935,TXN000753,BK000848,PROV00064,resource_locked,flight_seat,success,rollback completed,2027-01-19T01:57:00
EVT0000936,TXN000179,BK000655,PROV00013,booking_started,transport,failure,rollback completed,2026-10-20T04:11:00
EVT0000937,TXN000582,BK000151,PROV00063,provider_failure,transport,success,provider unavailable,2026-10-08T17:56:00
EVT0000938,TXN000192,BK000924,PROV00095,booking_started,activity_slot,failure,payment rejected,2026-12-25T20:46:00
EVT0000939,TXN000180,BK000801,PROV00052,provider_called,flight_seat,success,resource unavailable,2026-11-03T22:01:00
EVT0000940,TXN000355,BK000857,PROV00136,resource_locked,flight_seat,failure,provider unavailable,2026-11-03T20:23:00
EVT0000941,TXN000686,BK000172,PROV00168,booking_cancelled,hotel_room,success,rollback initiated,2026-11-14T01:06:00
EVT0000942,TXN000389,BK000567,PROV00249,resource_locked,transport,pending,rollback completed,2027-01-22T09:47:00
EVT0000943,TXN000705,BK000995,PROV00275,provider_success,transport,success,resource unavailable,2027-03-27T05:16:00
EVT0000944,TXN000042,BK000292,PROV00008,rollback_success,transport,pending,rollback initiated,2027-03-01T10:20:00
EVT0000945,TXN000032,BK000039,PROV00186,rollback_failure,activity_slot,success,resource unavailable,2027-01-13T17:22:00
EVT0000946,TXN000373,BK000608,PROV00046,booking_cancelled,flight_seat,failure,rollback completed,2026-11-11T03:07:00
EVT0000947,TXN000360,BK000437,PROV00150,resource_locked,activity_slot,failure,rollback initiated,2026-10-14T16:33:00
EVT0000948,TXN000569,BK000402,PROV00060,provider_failure,activity_slot,success,payment rejected,2026-11-09T11:03:00
EVT0000949,TXN000207,BK000928,PROV00234,availability_checked,activity_slot,pending,resource unavailable,2026-10-20T22:22:00
EVT0000950,TXN000881,BK000424,PROV00063,availability_checked,transport,success,rollback initiated,2027-03-14T04:15:00
EVT0000951,TXN000587,BK000723,PROV00119,booking_started,activity_slot,success,payment rejected,2027-01-18T02:55:00
EVT0000952,TXN000903,BK000106,PROV00085,payment_started,flight_seat,pending,request timed out,2026-12-29T23:17:00
EVT0000953,TXN000135,BK000348,PROV00257,provider_success,hotel_room,success,rollback initiated,2026-12-23T10:35:00
EVT0000954,TXN000495,BK000948,PROV00042,payment_started,hotel_room,pending,resource unavailable,2027-02-24T10:00:00
EVT0000955,TXN000829,BK000475,PROV00180,booking_started,flight_seat,failure,resource unavailable,2027-02-23T03:19:00
EVT0000956,TXN000040,BK000091,PROV00168,payment_started,transport,success,operation completed,2026-10-02T20:33:00
EVT0000957,TXN000003,BK000455,PROV00007,payment_success,flight_seat,failure,operation completed,2027-01-20T11:43:00
EVT0000958,TXN000396,BK000221,PROV00253,booking_confirmed,transport,success,rollback initiated,2026-12-06T14:53:00
EVT0000959,TXN000471,BK000651,PROV00226,provider_failure,activity_slot,failure,request timed out,2026-11-09T23:50:00
EVT0000960,TXN000745,BK000867,PROV00060,availability_checked,flight_seat,pending,operation completed,2027-02-25T10:25:00
EVT0000961,TXN000679,BK000938,PROV00234,booking_confirmed,flight_seat,pending,provider unavailable,2026-10-23T08:35:00
EVT0000962,TXN000629,BK000818,PROV00087,provider_called,activity_slot,pending,resource unavailable,2026-10-28T20:21:00
EVT0000963,TXN000792,BK000157,PROV00003,availability_checked,hotel_room,success,rollback initiated,2026-10-15T12:37:00
EVT0000964,TXN000082,BK000765,PROV00047,booking_cancelled,transport,success,payment rejected,2026-11-17T19:33:00
EVT0000965,TXN000318,BK000417,PROV00211,provider_failure,flight_seat,failure,resource unavailable,2027-01-31T11:26:00
EVT0000966,TXN000723,BK000764,PROV00235,booking_confirmed,flight_seat,pending,rollback initiated,2026-12-27T17:30:00
EVT0000967,TXN000503,BK000079,PROV00140,availability_checked,activity_slot,pending,rollback initiated,2027-01-18T15:20:00
EVT0000968,TXN000566,BK000329,PROV00143,payment_success,transport,failure,resource unavailable,2027-02-08T11:06:00
EVT0000969,TXN000513,BK000973,PROV00021,rollback_success,hotel_room,pending,request timed out,2026-10-04T01:38:00
EVT0000970,TXN000736,BK000413,PROV00016,payment_started,activity_slot,success,operation completed,2026-10-18T12:33:00
EVT0000971,TXN000286,BK000209,PROV00283,payment_failure,hotel_room,success,request timed out,2027-02-28T19:30:00
EVT0000972,TXN000414,BK000134,PROV00196,provider_failure,activity_slot,success,provider unavailable,2027-01-28T07:59:00
EVT0000973,TXN000130,BK000045,PROV00051,payment_failure,transport,success,operation completed,2027-02-02T21:02:00
EVT0000974,TXN000493,BK000888,PROV00040,booking_confirmed,hotel_room,failure,resource unavailable,2027-01-11T04:16:00
EVT0000975,TXN000633,BK000323,PROV00024,booking_cancelled,activity_slot,success,provider unavailable,2026-11-15T15:58:00
EVT0000976,TXN000909,BK000696,PROV00056,provider_success,transport,failure,resource unavailable,2027-02-25T06:59:00
EVT0000977,TXN000014,BK000580,PROV00110,rollback_success,activity_slot,failure,resource unavailable,2026-11-11T01:20:00
EVT0000978,TXN000854,BK000249,PROV00264,booking_started,transport,failure,rollback initiated,2027-02-07T18:38:00
EVT0000979,TXN000888,BK000724,PROV00271,booking_started,transport,failure,rollback completed,2026-11-25T12:59:00
EVT0000980,TXN000763,BK000855,PROV00047,payment_started,flight_seat,success,request timed out,2026-12-07T19:55:00
EVT0000981,TXN000542,BK000394,PROV00120,booking_confirmed,activity_slot,failure,resource unavailable,2026-12-16T16:33:00
EVT0000982,TXN000991,BK000369,PROV00142,availability_checked,hotel_room,success,payment rejected,2026-10-22T00:40:00
EVT0000983,TXN000853,BK000446,PROV00015,booking_confirmed,activity_slot,pending,provider unavailable,2026-12-02T21:07:00
EVT0000984,TXN000272,BK000312,PROV00068,booking_confirmed,transport,pending,rollback initiated,2026-10-19T16:49:00
EVT0000985,TXN000746,BK000556,PROV00246,booking_started,transport,pending,rollback initiated,2027-01-02T00:10:00
EVT0000986,TXN000570,BK000859,PROV00221,rollback_failure,transport,success,rollback completed,2026-11-23T21:41:00
EVT0000987,TXN000686,BK000864,PROV00197,provider_called,flight_seat,pending,request timed out,2027-01-13T05:54:00
EVT0000988,TXN000413,BK000363,PROV00050,payment_success,hotel_room,failure,rollback completed,2026-10-27T02:31:00
EVT0000989,TXN000171,BK000578,PROV00207,payment_started,activity_slot,failure,resource unavailable,2026-12-15T20:39:00
EVT0000990,TXN000559,BK000194,PROV00130,rollback_success,transport,success,payment rejected,2026-11-16T13:04:00
EVT0000991,TXN000208,BK000228,PROV00076,rollback_success,flight_seat,pending,rollback initiated,2026-12-16T20:15:00
EVT0000992,TXN000372,BK000983,PROV00232,payment_started,flight_seat,success,payment rejected,2027-02-14T07:00:00
EVT0000993,TXN000372,BK000619,PROV00269,provider_success,transport,pending,operation completed,2026-12-28T16:04:00
EVT0000994,TXN000542,BK000113,PROV00089,provider_called,flight_seat,failure,payment rejected,2026-11-08T19:24:00
EVT0000995,TXN000953,BK000950,PROV00011,booking_confirmed,hotel_room,failure,resource unavailable,2027-02-23T10:25:00
EVT0000996,TXN000287,BK000842,PROV00037,rollback_started,activity_slot,failure,provider unavailable,2026-11-19T08:50:00
EVT0000997,TXN000233,BK000682,PROV00093,provider_called,activity_slot,failure,rollback completed,2026-11-08T19:25:00
EVT0000998,TXN000190,BK000212,PROV00282,payment_success,hotel_room,pending,operation completed,2026-12-10T11:00:00
EVT0000999,TXN000145,BK000126,PROV00259,provider_failure,hotel_room,success,provider unavailable,2027-03-09T09:14:00
EVT0001000,TXN000344,BK000428,PROV00185,booking_confirmed,activity_slot,success,operation completed,2027-02-25T19:26:00
EVT0001001,TXN000788,BK000027,PROV00291,rollback_success,activity_slot,success,payment rejected,2026-10-24T14:03:00
EVT0001002,TXN000693,BK000569,PROV00154,booking_cancelled,activity_slot,success,operation completed,2027-03-14T04:34:00
EVT0001003,TXN000903,BK000186,PROV00009,booking_confirmed,activity_slot,success,request timed out,2026-10-31T04:23:00
EVT0001004,TXN000949,BK000331,PROV00065,provider_failure,activity_slot,failure,payment rejected,2027-02-04T19:15:00
EVT0001005,TXN000510,BK000414,PROV00065,provider_success,flight_seat,failure,operation completed,2026-12-17T10:55:00
EVT0001006,TXN000465,BK000519,PROV00026,booking_started,hotel_room,pending,provider unavailable,2027-02-07T12:50:00
EVT0001007,TXN000224,BK000721,PROV00075,resource_locked,transport,success,request timed out,2026-10-21T09:32:00
EVT0001008,TXN000593,BK000188,PROV00147,provider_success,hotel_room,success,rollback initiated,2027-03-04T15:26:00
EVT0001009,TXN000703,BK000984,PROV00297,rollback_failure,hotel_room,success,request timed out,2027-01-17T07:53:00
EVT0001010,TXN000441,BK000732,PROV00088,payment_success,activity_slot,failure,provider unavailable,2027-03-20T12:58:00
EVT0001011,TXN000262,BK000342,PROV00124,rollback_success,flight_seat,failure,resource unavailable,2026-12-17T18:15:00
EVT0001012,TXN000625,BK000956,PROV00081,provider_failure,activity_slot,success,operation completed,2027-01-30T05:34:00
EVT0001013,TXN000629,BK000674,PROV00028,payment_success,hotel_room,success,rollback completed,2027-03-03T13:57:00
EVT0001014,TXN000256,BK000287,PROV00114,provider_success,activity_slot,failure,resource unavailable,2026-11-30T05:54:00
EVT0001015,TXN000680,BK000112,PROV00198,booking_started,activity_slot,failure,resource unavailable,2026-11-23T01:25:00
EVT0001016,TXN000340,BK000592,PROV00214,resource_locked,transport,success,operation completed,2026-12-05T14:34:00
EVT0001017,TXN000550,BK000881,PROV00284,booking_started,hotel_room,success,rollback completed,2027-03-03T18:46:00
EVT0001018,TXN000876,BK000459,PROV00225,payment_success,transport,success,rollback initiated,2026-11-25T01:24:00
EVT0001019,TXN000893,BK000306,PROV00203,resource_locked,activity_slot,failure,provider unavailable,2026-12-07T06:06:00
EVT0001020,TXN000751,BK000641,PROV00080,payment_failure,activity_slot,pending,request timed out,2027-02-05T02:03:00
EVT0001021,TXN000660,BK000776,PROV00067,booking_confirmed,hotel_room,failure,rollback initiated,2027-03-07T12:17:00
EVT0001022,TXN000009,BK000360,PROV00243,rollback_success,flight_seat,pending,payment rejected,2027-02-17T14:51:00
EVT0001023,TXN000385,BK000529,PROV00102,payment_failure,activity_slot,success,provider unavailable,2027-02-24T10:04:00
EVT0001024,TXN000871,BK000917,PROV00170,payment_success,hotel_room,success,rollback initiated,2027-01-26T00:18:00
EVT0001025,TXN000585,BK000917,PROV00202,provider_failure,transport,success,request timed out,2027-03-04T11:43:00
EVT0001026,TXN000077,BK000451,PROV00143,provider_success,flight_seat,pending,rollback initiated,2027-03-11T07:01:00
EVT0001027,TXN000136,BK000303,PROV00060,availability_checked,activity_slot,success,rollback initiated,2027-02-28T18:41:00
EVT0001028,TXN000440,BK000381,PROV00283,resource_locked,transport,success,request timed out,2027-03-09T02:44:00
EVT0001029,TXN000193,BK000122,PROV00247,rollback_success,flight_seat,success,provider unavailable,2027-02-16T10:38:00
EVT0001030,TXN000400,BK000181,PROV00077,payment_started,hotel_room,pending,rollback initiated,2027-03-07T10:32:00
EVT0001031,TXN000212,BK000442,PROV00060,booking_started,activity_slot,pending,payment rejected,2026-11-03T19:44:00
EVT0001032,TXN000510,BK000759,PROV00034,provider_called,flight_seat,pending,provider unavailable,2027-01-06T23:15:00
EVT0001033,TXN000161,BK000150,PROV00014,rollback_failure,activity_slot,failure,request timed out,2027-01-07T03:54:00
EVT0001034,TXN000944,BK000914,PROV00209,booking_cancelled,hotel_room,success,rollback initiated,2027-03-21T17:03:00
EVT0001035,TXN000960,BK000547,PROV00281,rollback_started,hotel_room,pending,rollback initiated,2027-01-17T03:23:00
EVT0001036,TXN000848,BK000372,PROV00107,booking_started,transport,failure,operation completed,2027-03-26T04:38:00
EVT0001037,TXN000642,BK000314,PROV00252,rollback_failure,activity_slot,failure,request timed out,2027-03-05T00:04:00
EVT0001038,TXN000846,BK000514,PROV00071,availability_checked,flight_seat,failure,operation completed,2027-03-20T16:10:00
EVT0001039,TXN000862,BK000049,PROV00157,availability_checked,transport,failure,rollback completed,2027-03-19T19:36:00
EVT0001040,TXN000811,BK000999,PROV00117,provider_failure,transport,success,operation completed,2027-01-19T11:48:00
EVT0001041,TXN000944,BK000579,PROV00165,rollback_failure,transport,pending,operation completed,2027-01-14T03:05:00
EVT0001042,TXN000228,BK000191,PROV00199,provider_failure,activity_slot,success,request timed out,2026-11-27T14:57:00
EVT0001043,TXN000961,BK000404,PROV00195,provider_failure,hotel_room,failure,rollback completed,2027-01-22T14:32:00
EVT0001044,TXN000394,BK000339,PROV00275,availability_checked,transport,pending,provider unavailable,2027-01-11T18:53:00
EVT0001045,TXN000246,BK000193,PROV00213,rollback_failure,hotel_room,failure,rollback initiated,2026-12-21T19:06:00
EVT0001046,TXN000882,BK000578,PROV00239,rollback_success,transport,failure,rollback initiated,2026-12-28T00:13:00
EVT0001047,TXN000686,BK000702,PROV00038,provider_success,hotel_room,failure,rollback completed,2026-12-02T22:09:00
EVT0001048,TXN000584,BK000839,PROV00254,provider_failure,transport,success,resource unavailable,2026-12-07T00:59:00
EVT0001049,TXN000757,BK000747,PROV00019,payment_started,activity_slot,success,operation completed,2026-10-13T16:30:00
EVT0001050,TXN000451,BK000911,PROV00073,rollback_failure,flight_seat,failure,rollback completed,2026-10-27T07:14:00
EVT0001051,TXN000277,BK000585,PROV00130,payment_failure,flight_seat,pending,operation completed,2026-12-16T20:27:00
EVT0001052,TXN000223,BK000830,PROV00277,provider_failure,transport,pending,provider unavailable,2027-01-01T23:24:00
EVT0001053,TXN000634,BK000283,PROV00010,provider_called,activity_slot,failure,operation completed,2027-02-20T10:12:00
EVT0001054,TXN000564,BK000419,PROV00030,rollback_started,flight_seat,success,provider unavailable,2027-03-22T05:33:00
EVT0001055,TXN000068,BK000631,PROV00095,rollback_started,hotel_room,success,payment rejected,2026-12-12T01:50:00
EVT0001056,TXN000838,BK000057,PROV00175,rollback_failure,hotel_room,success,provider unavailable,2027-02-06T14:19:00
EVT0001057,TXN000990,BK000208,PROV00244,payment_failure,transport,pending,payment rejected,2026-12-04T16:48:00
EVT0001058,TXN000004,BK000241,PROV00238,booking_confirmed,activity_slot,failure,rollback initiated,2026-10-26T02:00:00
EVT0001059,TXN000349,BK000425,PROV00300,payment_failure,hotel_room,success,request timed out,2026-11-25T16:01:00
EVT0001060,TXN000334,BK000017,PROV00056,rollback_started,transport,failure,resource unavailable,2026-12-29T19:14:00
EVT0001061,TXN000004,BK000824,PROV00175,rollback_success,hotel_room,pending,rollback completed,2027-03-26T19:40:00
EVT0001062,TXN000145,BK000766,PROV00183,booking_cancelled,flight_seat,pending,operation completed,2027-01-15T06:00:00
EVT0001063,TXN000614,BK000402,PROV00189,payment_success,hotel_room,failure,request timed out,2027-02-17T21:27:00
EVT0001064,TXN000077,BK000004,PROV00050,resource_locked,hotel_room,failure,request timed out,2027-03-13T19:52:00
EVT0001065,TXN000569,BK000839,PROV00256,provider_called,flight_seat,failure,resource unavailable,2026-12-17T10:07:00
EVT0001066,TXN000176,BK000176,PROV00230,payment_started,hotel_room,pending,payment rejected,2026-12-11T12:06:00
EVT0001067,TXN000075,BK000205,PROV00070,rollback_failure,activity_slot,success,rollback completed,2026-11-27T02:11:00
EVT0001068,TXN000096,BK000738,PROV00156,provider_called,transport,success,request timed out,2027-03-28T10:28:00
EVT0001069,TXN000042,BK000874,PROV00106,rollback_success,flight_seat,failure,request timed out,2027-01-22T04:37:00
EVT0001070,TXN000119,BK000710,PROV00086,booking_confirmed,transport,failure,rollback initiated,2026-10-08T09:50:00
EVT0001071,TXN000167,BK000710,PROV00020,resource_locked,activity_slot,pending,resource unavailable,2026-11-19T02:43:00
EVT0001072,TXN000081,BK000574,PROV00061,rollback_failure,flight_seat,failure,rollback completed,2026-10-28T05:27:00
EVT0001073,TXN000581,BK000644,PROV00185,provider_called,hotel_room,failure,payment rejected,2026-10-19T21:00:00
EVT0001074,TXN000294,BK000125,PROV00229,rollback_failure,activity_slot,success,payment rejected,2026-12-20T20:35:00
EVT0001075,TXN000755,BK000350,PROV00291,payment_started,flight_seat,pending,request timed out,2026-12-30T08:21:00
EVT0001076,TXN000262,BK000227,PROV00008,booking_started,hotel_room,success,rollback completed,2027-02-22T16:23:00
EVT0001077,TXN000792,BK000096,PROV00174,payment_failure,activity_slot,pending,rollback initiated,2026-12-15T20:14:00
EVT0001078,TXN000352,BK000589,PROV00255,provider_failure,activity_slot,success,request timed out,2027-01-11T13:16:00
EVT0001079,TXN000957,BK000636,PROV00223,booking_cancelled,activity_slot,pending,resource unavailable,2027-03-28T03:37:00
EVT0001080,TXN000557,BK000857,PROV00282,availability_checked,transport,success,operation completed,2026-12-09T12:52:00
EVT0001081,TXN000624,BK000805,PROV00243,rollback_started,hotel_room,failure,provider unavailable,2027-03-04T11:04:00
EVT0001082,TXN000386,BK000971,PROV00008,booking_cancelled,activity_slot,pending,rollback initiated,2027-02-17T22:21:00
EVT0001083,TXN000165,BK000107,PROV00089,availability_checked,hotel_room,pending,rollback completed,2027-02-12T16:10:00
EVT0001084,TXN000734,BK000899,PROV00239,booking_cancelled,flight_seat,pending,rollback initiated,2026-12-23T07:10:00
EVT0001085,TXN000689,BK000202,PROV00027,availability_checked,flight_seat,success,rollback completed,2026-10-20T11:35:00
EVT0001086,TXN000042,BK000195,PROV00173,provider_called,transport,failure,payment rejected,2026-10-04T16:22:00
EVT0001087,TXN000231,BK000281,PROV00258,provider_success,flight_seat,pending,payment rejected,2027-01-08T00:44:00
EVT0001088,TXN000291,BK000228,PROV00260,availability_checked,activity_slot,pending,rollback initiated,2027-03-11T09:09:00
EVT0001089,TXN000442,BK000359,PROV00036,payment_started,flight_seat,pending,resource unavailable,2027-02-19T15:11:00
EVT0001090,TXN000935,BK000548,PROV00211,availability_checked,flight_seat,success,request timed out,2027-02-19T05:45:00
EVT0001091,TXN000645,BK000226,PROV00024,booking_started,hotel_room,failure,operation completed,2026-10-27T13:02:00
EVT0001092,TXN000017,BK000234,PROV00174,booking_cancelled,transport,failure,payment rejected,2026-12-31T12:44:00
EVT0001093,TXN000280,BK000324,PROV00272,payment_failure,flight_seat,failure,resource unavailable,2026-11-07T03:59:00
EVT0001094,TXN000245,BK000294,PROV00249,booking_cancelled,transport,pending,resource unavailable,2026-11-07T17:45:00
EVT0001095,TXN000375,BK000103,PROV00240,payment_started,flight_seat,success,rollback initiated,2026-11-06T17:59:00
EVT0001096,TXN000041,BK000025,PROV00117,rollback_failure,activity_slot,success,request timed out,2026-11-09T00:50:00
EVT0001097,TXN000251,BK000102,PROV00241,payment_success,activity_slot,success,payment rejected,2027-02-24T01:26:00
EVT0001098,TXN000210,BK000570,PROV00283,resource_locked,activity_slot,failure,provider unavailable,2026-10-03T07:41:00
EVT0001099,TXN000282,BK000044,PROV00026,rollback_failure,transport,failure,request timed out,2027-02-25T03:50:00
EVT0001100,TXN000239,BK000667,PROV00150,provider_failure,transport,pending,resource unavailable,2027-02-15T06:25:00
EVT0001101,TXN000634,BK000550,PROV00127,booking_confirmed,activity_slot,pending,request timed out,2026-10-25T10:21:00
EVT0001102,TXN000115,BK000903,PROV00214,provider_called,flight_seat,success,provider unavailable,2026-11-08T07:56:00
EVT0001103,TXN000163,BK000851,PROV00029,payment_success,hotel_room,pending,provider unavailable,2026-11-27T03:29:00
EVT0001104,TXN000234,BK000630,PROV00270,payment_success,hotel_room,failure,provider unavailable,2027-03-10T10:49:00
EVT0001105,TXN000439,BK000045,PROV00159,resource_locked,transport,failure,rollback completed,2027-01-01T20:44:00
EVT0001106,TXN000929,BK000492,PROV00160,provider_failure,activity_slot,pending,resource unavailable,2027-02-01T19:43:00
EVT0001107,TXN000580,BK000998,PROV00089,booking_started,activity_slot,success,rollback initiated,2026-12-15T20:25:00
EVT0001108,TXN000455,BK000612,PROV00023,payment_failure,activity_slot,failure,request timed out,2026-11-21T00:22:00
EVT0001109,TXN000527,BK000098,PROV00025,payment_failure,hotel_room,pending,rollback completed,2027-01-11T15:53:00
EVT0001110,TXN000620,BK000803,PROV00018,booking_cancelled,transport,failure,rollback initiated,2026-12-05T08:10:00
EVT0001111,TXN000900,BK000314,PROV00202,booking_confirmed,flight_seat,success,rollback initiated,2027-03-06T15:35:00
EVT0001112,TXN000922,BK000384,PROV00276,booking_cancelled,activity_slot,failure,rollback completed,2027-02-13T08:32:00
EVT0001113,TXN000836,BK000812,PROV00043,payment_started,flight_seat,failure,rollback initiated,2027-03-27T11:32:00
EVT0001114,TXN000321,BK000946,PROV00238,payment_failure,activity_slot,pending,provider unavailable,2027-03-15T11:58:00
EVT0001115,TXN000886,BK000642,PROV00046,provider_called,hotel_room,pending,rollback initiated,2026-10-03T09:22:00
EVT0001116,TXN000037,BK000930,PROV00295,rollback_started,transport,pending,rollback completed,2027-01-14T01:31:00
EVT0001117,TXN000844,BK000707,PROV00218,rollback_success,hotel_room,pending,provider unavailable,2027-03-29T16:51:00
EVT0001118,TXN000882,BK000313,PROV00036,payment_failure,transport,success,request timed out,2026-11-10T08:23:00
EVT0001119,TXN000439,BK000081,PROV00155,availability_checked,activity_slot,success,resource unavailable,2027-02-22T02:21:00
EVT0001120,TXN000975,BK000614,PROV00044,rollback_failure,activity_slot,success,operation completed,2027-02-27T14:17:00
EVT0001121,TXN000183,BK000318,PROV00251,provider_called,activity_slot,failure,payment rejected,2027-01-15T23:09:00
EVT0001122,TXN000480,BK000432,PROV00121,resource_locked,flight_seat,success,payment rejected,2026-10-06T21:07:00
EVT0001123,TXN000729,BK000535,PROV00268,resource_locked,transport,pending,rollback completed,2027-02-07T20:52:00
EVT0001124,TXN000850,BK000481,PROV00030,provider_failure,flight_seat,success,payment rejected,2027-03-14T15:28:00
EVT0001125,TXN000638,BK000487,PROV00278,provider_success,transport,pending,payment rejected,2027-02-09T10:56:00
EVT0001126,TXN000232,BK000535,PROV00214,provider_success,transport,failure,operation completed,2027-02-22T19:08:00
EVT0001127,TXN000628,BK000625,PROV00014,provider_called,hotel_room,failure,request timed out,2026-12-02T02:49:00
EVT0001128,TXN000321,BK000107,PROV00284,provider_called,activity_slot,failure,payment rejected,2027-03-25T20:44:00
EVT0001129,TXN000416,BK000385,PROV00030,rollback_failure,flight_seat,pending,request timed out,2027-03-19T03:14:00
EVT0001130,TXN000449,BK000727,PROV00165,rollback_failure,hotel_room,pending,resource unavailable,2027-02-28T17:17:00
EVT0001131,TXN000217,BK000028,PROV00271,provider_success,transport,pending,rollback completed,2027-01-04T08:57:00
EVT0001132,TXN000847,BK000766,PROV00095,resource_locked,activity_slot,failure,request timed out,2027-01-10T21:13:00
EVT0001133,TXN000456,BK000480,PROV00157,rollback_success,activity_slot,failure,rollback initiated,2027-01-10T22:56:00
EVT0001134,TXN000689,BK000602,PROV00069,payment_started,transport,pending,rollback initiated,2027-02-28T02:02:00
EVT0001135,TXN000318,BK000050,PROV00059,payment_success,transport,success,payment rejected,2027-02-02T06:51:00
EVT0001136,TXN000494,BK000661,PROV00003,provider_called,transport,failure,resource unavailable,2027-01-28T12:12:00
EVT0001137,TXN000270,BK000184,PROV00091,provider_success,transport,success,payment rejected,2026-11-11T04:42:00
EVT0001138,TXN000273,BK000558,PROV00248,booking_cancelled,transport,pending,request timed out,2027-03-19T19:10:00
EVT0001139,TXN000818,BK000882,PROV00078,payment_started,flight_seat,failure,provider unavailable,2027-01-31T11:50:00
EVT0001140,TXN000113,BK000186,PROV00002,payment_failure,hotel_room,pending,provider unavailable,2027-01-27T19:04:00
EVT0001141,TXN000704,BK000392,PROV00112,provider_failure,transport,failure,provider unavailable,2026-10-07T15:38:00
EVT0001142,TXN000797,BK000296,PROV00050,booking_confirmed,activity_slot,pending,operation completed,2026-10-30T03:11:00
EVT0001143,TXN000173,BK000882,PROV00177,booking_started,transport,failure,operation completed,2026-10-08T07:50:00
EVT0001144,TXN000184,BK000035,PROV00033,rollback_success,transport,pending,provider unavailable,2027-03-22T18:31:00
EVT0001145,TXN000878,BK000259,PROV00095,provider_called,activity_slot,pending,rollback initiated,2026-11-06T03:44:00
EVT0001146,TXN000958,BK000680,PROV00122,availability_checked,activity_slot,success,operation completed,2026-11-21T04:14:00
EVT0001147,TXN000678,BK000821,PROV00008,provider_called,activity_slot,pending,payment rejected,2026-10-22T14:56:00
EVT0001148,TXN000700,BK000268,PROV00262,booking_started,activity_slot,failure,operation completed,2026-12-06T03:34:00
EVT0001149,TXN000635,BK000309,PROV00142,provider_failure,activity_slot,failure,payment rejected,2026-10-10T17:33:00
EVT0001150,TXN000923,BK000807,PROV00047,rollback_started,hotel_room,success,operation completed,2027-02-05T18:01:00
EVT0001151,TXN000698,BK000896,PROV00226,resource_locked,hotel_room,success,operation completed,2027-01-04T21:24:00
EVT0001152,TXN000050,BK000123,PROV00281,payment_failure,transport,pending,rollback initiated,2027-03-24T19:33:00
EVT0001153,TXN000170,BK000823,PROV00044,availability_checked,flight_seat,failure,rollback initiated,2026-10-18T21:57:00
EVT0001154,TXN000603,BK000868,PROV00123,payment_success,hotel_room,success,request timed out,2027-02-25T03:22:00
EVT0001155,TXN000537,BK000970,PROV00152,payment_failure,transport,failure,provider unavailable,2027-03-26T22:50:00
EVT0001156,TXN000782,BK000011,PROV00291,rollback_success,transport,pending,rollback completed,2026-12-06T16:22:00
EVT0001157,TXN000220,BK000880,PROV00058,availability_checked,flight_seat,failure,rollback completed,2027-01-02T07:57:00
EVT0001158,TXN000717,BK000833,PROV00129,provider_called,transport,pending,payment rejected,2027-02-08T23:38:00
EVT0001159,TXN000053,BK000427,PROV00099,provider_success,flight_seat,success,payment rejected,2027-03-19T15:29:00
EVT0001160,TXN000835,BK000023,PROV00166,rollback_success,transport,success,operation completed,2026-10-19T17:56:00
EVT0001161,TXN000134,BK000302,PROV00244,booking_started,flight_seat,failure,rollback initiated,2026-12-13T11:37:00
EVT0001162,TXN000041,BK000261,PROV00186,rollback_success,activity_slot,pending,operation completed,2026-12-05T15:23:00
EVT0001163,TXN000754,BK000557,PROV00116,payment_success,flight_seat,success,rollback initiated,2027-03-21T23:26:00
EVT0001164,TXN000345,BK000622,PROV00008,booking_confirmed,transport,success,resource unavailable,2027-03-16T03:05:00
EVT0001165,TXN000732,BK000505,PROV00255,rollback_success,hotel_room,failure,provider unavailable,2027-02-17T12:51:00
EVT0001166,TXN000217,BK000887,PROV00230,availability_checked,transport,success,rollback completed,2027-03-25T14:42:00
EVT0001167,TXN000477,BK000654,PROV00084,rollback_success,flight_seat,pending,rollback initiated,2026-10-28T03:07:00
EVT0001168,TXN000045,BK000092,PROV00184,payment_failure,hotel_room,failure,provider unavailable,2026-11-13T21:12:00
EVT0001169,TXN000123,BK000384,PROV00213,booking_confirmed,activity_slot,failure,rollback initiated,2026-12-14T06:27:00
EVT0001170,TXN000903,BK000272,PROV00049,booking_cancelled,transport,success,operation completed,2026-12-19T13:32:00
EVT0001171,TXN000039,BK000315,PROV00286,rollback_success,transport,failure,provider unavailable,2027-01-22T17:04:00
EVT0001172,TXN000323,BK000714,PROV00221,rollback_started,hotel_room,pending,request timed out,2026-12-16T01:47:00
EVT0001173,TXN000349,BK000526,PROV00066,rollback_failure,hotel_room,failure,resource unavailable,2027-01-22T05:56:00
EVT0001174,TXN000857,BK000051,PROV00241,rollback_failure,activity_slot,success,provider unavailable,2027-01-22T13:27:00
EVT0001175,TXN000794,BK000646,PROV00090,rollback_failure,activity_slot,pending,operation completed,2026-11-26T05:26:00
EVT0001176,TXN000778,BK000457,PROV00111,provider_failure,activity_slot,success,payment rejected,2026-11-24T09:04:00
EVT0001177,TXN000271,BK000613,PROV00122,provider_success,flight_seat,pending,rollback completed,2026-12-08T13:48:00
EVT0001178,TXN000248,BK000626,PROV00238,rollback_started,flight_seat,failure,request timed out,2026-12-10T00:33:00
EVT0001179,TXN000429,BK000043,PROV00024,availability_checked,transport,failure,operation completed,2026-10-13T21:00:00
EVT0001180,TXN000994,BK000887,PROV00192,rollback_started,flight_seat,success,rollback completed,2026-12-06T01:16:00
EVT0001181,TXN000218,BK000272,PROV00086,booking_started,activity_slot,failure,resource unavailable,2026-12-15T10:26:00
EVT0001182,TXN000629,BK000088,PROV00051,payment_started,transport,pending,operation completed,2027-02-08T22:46:00
EVT0001183,TXN000983,BK000561,PROV00182,payment_started,flight_seat,failure,operation completed,2026-11-13T05:31:00
EVT0001184,TXN000666,BK000783,PROV00204,payment_started,hotel_room,pending,resource unavailable,2027-03-15T00:57:00
EVT0001185,TXN000111,BK000868,PROV00239,provider_failure,hotel_room,success,operation completed,2027-03-19T03:22:00
EVT0001186,TXN000225,BK000992,PROV00281,resource_locked,transport,success,request timed out,2027-02-02T10:30:00
EVT0001187,TXN000139,BK000817,PROV00132,provider_failure,hotel_room,failure,operation completed,2027-02-10T11:49:00
EVT0001188,TXN000283,BK000408,PROV00099,rollback_failure,activity_slot,pending,request timed out,2026-10-27T01:07:00
EVT0001189,TXN000980,BK000878,PROV00296,availability_checked,transport,pending,request timed out,2027-01-26T16:25:00
EVT0001190,TXN000839,BK000515,PROV00109,booking_started,activity_slot,success,payment rejected,2026-10-29T02:03:00
EVT0001191,TXN000878,BK000459,PROV00244,payment_success,transport,success,rollback completed,2027-03-11T16:33:00
EVT0001192,TXN000628,BK000049,PROV00141,resource_locked,flight_seat,failure,rollback initiated,2027-02-18T12:28:00
EVT0001193,TXN000473,BK000092,PROV00065,booking_started,transport,failure,rollback initiated,2026-12-19T01:52:00
EVT0001194,TXN000724,BK000016,PROV00296,payment_success,transport,pending,rollback initiated,2026-10-20T20:25:00
EVT0001195,TXN000792,BK000145,PROV00115,booking_started,activity_slot,pending,rollback completed,2027-02-18T18:53:00
EVT0001196,TXN000783,BK000925,PROV00181,availability_checked,flight_seat,failure,rollback completed,2027-02-14T03:05:00
EVT0001197,TXN000806,BK000503,PROV00072,rollback_success,transport,success,payment rejected,2027-01-12T05:44:00
EVT0001198,TXN000687,BK000389,PROV00056,booking_cancelled,activity_slot,failure,operation completed,2026-11-19T08:57:00
EVT0001199,TXN000717,BK000379,PROV00272,booking_started,hotel_room,success,payment rejected,2027-02-12T08:24:00
EVT0001200,TXN000777,BK000129,PROV00186,rollback_failure,flight_seat,success,operation completed,2027-02-24T11:20:00
EVT0001201,TXN000753,BK000340,PROV00133,provider_called,transport,pending,rollback initiated,2027-01-22T13:35:00
EVT0001202,TXN000912,BK000670,PROV00256,availability_checked,hotel_room,success,operation completed,2027-03-05T20:06:00
EVT0001203,TXN000833,BK000619,PROV00093,payment_started,activity_slot,failure,payment rejected,2027-03-13T18:53:00
EVT0001204,TXN000304,BK000436,PROV00052,booking_confirmed,hotel_room,success,rollback initiated,2026-12-01T16:10:00
EVT0001205,TXN000257,BK000613,PROV00226,payment_failure,flight_seat,failure,provider unavailable,2026-11-10T12:25:00
EVT0001206,TXN000940,BK000968,PROV00090,payment_started,activity_slot,failure,provider unavailable,2026-10-12T12:36:00
EVT0001207,TXN000028,BK000703,PROV00171,rollback_success,hotel_room,success,resource unavailable,2026-10-27T00:22:00
EVT0001208,TXN000493,BK000140,PROV00087,provider_failure,activity_slot,failure,rollback completed,2027-03-27T04:49:00
EVT0001209,TXN000443,BK000233,PROV00164,payment_started,activity_slot,failure,rollback initiated,2026-11-24T07:26:00
EVT0001210,TXN000473,BK000975,PROV00080,availability_checked,transport,failure,rollback completed,2027-03-02T11:17:00
EVT0001211,TXN000359,BK000784,PROV00026,payment_success,transport,failure,operation completed,2026-11-29T14:14:00
EVT0001212,TXN000457,BK000241,PROV00235,availability_checked,activity_slot,pending,rollback completed,2026-10-08T06:51:00
EVT0001213,TXN000958,BK000385,PROV00283,provider_success,transport,pending,payment rejected,2026-11-30T02:54:00
EVT0001214,TXN000158,BK000533,PROV00249,availability_checked,activity_slot,failure,provider unavailable,2027-03-07T20:07:00
EVT0001215,TXN000879,BK000518,PROV00232,booking_cancelled,hotel_room,success,payment rejected,2027-03-23T15:03:00
EVT0001216,TXN000481,BK000480,PROV00106,availability_checked,transport,failure,resource unavailable,2027-01-05T02:33:00
EVT0001217,TXN000644,BK000504,PROV00117,provider_called,transport,pending,rollback initiated,2026-10-29T01:20:00
EVT0001218,TXN000309,BK000406,PROV00107,booking_cancelled,flight_seat,pending,request timed out,2027-02-19T03:57:00
EVT0001219,TXN000136,BK000560,PROV00194,provider_success,flight_seat,pending,request timed out,2027-01-13T13:25:00
EVT0001220,TXN000432,BK000833,PROV00092,resource_locked,flight_seat,pending,operation completed,2027-01-20T23:51:00
EVT0001221,TXN000769,BK000877,PROV00263,rollback_success,transport,success,rollback completed,2027-02-20T00:17:00
EVT0001222,TXN000920,BK000111,PROV00208,provider_called,flight_seat,pending,resource unavailable,2026-10-05T09:11:00
EVT0001223,TXN000877,BK000603,PROV00120,rollback_failure,activity_slot,pending,payment rejected,2026-10-16T16:01:00
EVT0001224,TXN000294,BK000548,PROV00196,provider_success,activity_slot,pending,rollback initiated,2026-12-11T14:11:00
EVT0001225,TXN000596,BK000324,PROV00157,booking_cancelled,transport,success,operation completed,2027-02-14T20:58:00
EVT0001226,TXN000102,BK000037,PROV00036,payment_failure,transport,success,request timed out,2027-02-26T22:13:00
EVT0001227,TXN000357,BK000275,PROV00152,provider_called,hotel_room,success,resource unavailable,2027-01-02T23:10:00
EVT0001228,TXN000373,BK000489,PROV00201,payment_failure,activity_slot,success,resource unavailable,2027-02-04T15:24:00
EVT0001229,TXN000722,BK000141,PROV00203,payment_started,flight_seat,failure,rollback initiated,2026-10-28T23:13:00
EVT0001230,TXN000486,BK000426,PROV00118,provider_success,flight_seat,pending,rollback initiated,2027-02-19T08:46:00
EVT0001231,TXN000757,BK000174,PROV00224,payment_started,flight_seat,pending,rollback completed,2027-01-30T01:16:00
EVT0001232,TXN000945,BK000208,PROV00114,rollback_success,hotel_room,success,request timed out,2027-03-28T02:27:00
EVT0001233,TXN000910,BK000214,PROV00024,booking_started,hotel_room,failure,resource unavailable,2026-10-07T01:31:00
EVT0001234,TXN000892,BK000488,PROV00065,booking_confirmed,transport,failure,request timed out,2026-10-15T21:03:00
EVT0001235,TXN000912,BK000507,PROV00126,booking_confirmed,activity_slot,success,operation completed,2026-10-22T12:08:00
EVT0001236,TXN000288,BK000361,PROV00249,payment_started,transport,success,provider unavailable,2027-03-04T00:45:00
EVT0001237,TXN000394,BK000440,PROV00127,payment_started,hotel_room,pending,resource unavailable,2027-01-24T09:04:00
EVT0001238,TXN000420,BK000021,PROV00172,booking_cancelled,transport,success,payment rejected,2026-11-21T04:39:00
EVT0001239,TXN000776,BK000762,PROV00252,provider_failure,transport,failure,rollback initiated,2026-11-26T11:02:00
EVT0001240,TXN000529,BK000714,PROV00161,rollback_failure,flight_seat,pending,resource unavailable,2026-10-18T04:15:00
EVT0001241,TXN000681,BK000293,PROV00212,provider_called,hotel_room,success,operation completed,2027-02-19T22:02:00
EVT0001242,TXN000427,BK000144,PROV00029,booking_cancelled,flight_seat,success,rollback completed,2027-03-25T14:41:00
EVT0001243,TXN000701,BK000541,PROV00151,provider_failure,transport,success,resource unavailable,2026-10-03T22:25:00
EVT0001244,TXN000061,BK000336,PROV00296,payment_success,hotel_room,pending,request timed out,2027-02-21T14:22:00
EVT0001245,TXN000131,BK000859,PROV00273,rollback_failure,transport,success,provider unavailable,2026-12-02T22:31:00
EVT0001246,TXN000551,BK000769,PROV00096,provider_failure,flight_seat,failure,provider unavailable,2027-03-17T07:07:00
EVT0001247,TXN000710,BK000020,PROV00148,payment_started,hotel_room,success,operation completed,2027-03-22T06:28:00
EVT0001248,TXN000360,BK000014,PROV00212,rollback_started,flight_seat,failure,operation completed,2027-01-22T01:51:00
EVT0001249,TXN000510,BK000150,PROV00230,provider_called,flight_seat,pending,provider unavailable,2026-12-16T09:55:00
EVT0001250,TXN000395,BK000591,PROV00160,booking_cancelled,hotel_room,success,rollback completed,2027-03-14T14:41:00
EVT0001251,TXN000596,BK000717,PROV00026,provider_failure,transport,pending,provider unavailable,2027-01-31T12:49:00
EVT0001252,TXN000093,BK000566,PROV00180,rollback_started,transport,success,operation completed,2026-10-10T19:50:00
EVT0001253,TXN000125,BK000743,PROV00288,availability_checked,hotel_room,failure,payment rejected,2027-01-21T14:21:00
EVT0001254,TXN000416,BK000454,PROV00296,rollback_success,activity_slot,success,rollback completed,2026-12-03T17:55:00
EVT0001255,TXN000639,BK000931,PROV00069,payment_started,flight_seat,failure,provider unavailable,2026-10-27T13:39:00
EVT0001256,TXN000668,BK000496,PROV00190,payment_success,hotel_room,success,request timed out,2026-12-03T09:51:00
EVT0001257,TXN000280,BK000915,PROV00042,rollback_started,hotel_room,failure,rollback completed,2027-02-01T00:52:00
EVT0001258,TXN000450,BK000168,PROV00086,payment_failure,activity_slot,pending,resource unavailable,2026-10-01T09:18:00
EVT0001259,TXN000431,BK000723,PROV00156,payment_started,activity_slot,failure,request timed out,2026-10-23T20:18:00
EVT0001260,TXN000318,BK000537,PROV00288,rollback_success,flight_seat,success,request timed out,2027-03-10T01:28:00
EVT0001261,TXN000716,BK000954,PROV00085,payment_failure,hotel_room,failure,resource unavailable,2026-12-25T17:12:00
EVT0001262,TXN000430,BK000214,PROV00227,rollback_failure,transport,pending,request timed out,2026-10-07T10:08:00
EVT0001263,TXN000695,BK000946,PROV00202,resource_locked,flight_seat,success,provider unavailable,2027-03-08T20:37:00
EVT0001264,TXN000303,BK000013,PROV00003,booking_cancelled,flight_seat,pending,payment rejected,2027-01-08T02:05:00
EVT0001265,TXN000796,BK000501,PROV00044,booking_confirmed,activity_slot,failure,rollback initiated,2026-11-14T23:34:00
EVT0001266,TXN000158,BK000107,PROV00101,payment_started,hotel_room,pending,provider unavailable,2027-02-15T20:22:00
EVT0001267,TXN000318,BK000001,PROV00016,resource_locked,activity_slot,pending,request timed out,2027-01-14T15:45:00
EVT0001268,TXN000170,BK000252,PROV00127,availability_checked,transport,success,rollback completed,2026-12-22T23:04:00
EVT0001269,TXN000529,BK000080,PROV00299,rollback_success,hotel_room,success,payment rejected,2027-01-03T08:34:00
EVT0001270,TXN000671,BK000602,PROV00200,booking_confirmed,activity_slot,success,payment rejected,2026-11-29T06:15:00
EVT0001271,TXN000441,BK000496,PROV00172,payment_started,hotel_room,success,provider unavailable,2026-12-23T04:15:00
EVT0001272,TXN000241,BK000561,PROV00293,rollback_failure,activity_slot,success,request timed out,2026-12-06T22:32:00
EVT0001273,TXN000327,BK000196,PROV00087,payment_started,flight_seat,success,provider unavailable,2026-10-05T17:19:00
EVT0001274,TXN000862,BK000343,PROV00003,payment_failure,activity_slot,success,payment rejected,2027-01-14T20:07:00
EVT0001275,TXN000371,BK000291,PROV00178,availability_checked,transport,failure,provider unavailable,2026-11-15T22:37:00
EVT0001276,TXN000620,BK000759,PROV00135,payment_started,activity_slot,success,provider unavailable,2026-10-05T02:25:00
EVT0001277,TXN000838,BK000702,PROV00195,rollback_success,activity_slot,pending,request timed out,2026-10-27T18:39:00
EVT0001278,TXN000596,BK000160,PROV00262,rollback_success,hotel_room,success,rollback initiated,2027-03-30T00:20:00
EVT0001279,TXN000543,BK000215,PROV00143,booking_cancelled,flight_seat,success,rollback completed,2027-03-12T16:16:00
EVT0001280,TXN000732,BK000654,PROV00052,availability_checked,flight_seat,pending,rollback initiated,2027-01-30T14:03:00
EVT0001281,TXN000914,BK000777,PROV00179,booking_started,activity_slot,success,payment rejected,2026-12-24T02:57:00
EVT0001282,TXN000147,BK000815,PROV00287,rollback_success,transport,success,request timed out,2027-02-10T00:58:00
EVT0001283,TXN000414,BK000649,PROV00193,payment_success,activity_slot,failure,operation completed,2027-03-25T00:25:00
EVT0001284,TXN000511,BK000835,PROV00160,provider_success,activity_slot,failure,rollback completed,2027-02-03T13:18:00
EVT0001285,TXN000512,BK000807,PROV00111,payment_failure,flight_seat,pending,request timed out,2026-10-03T15:53:00
EVT0001286,TXN000271,BK000952,PROV00165,payment_success,hotel_room,success,operation completed,2026-11-02T07:48:00
EVT0001287,TXN000220,BK000085,PROV00053,payment_failure,activity_slot,success,provider unavailable,2026-12-21T16:06:00
EVT0001288,TXN000010,BK000141,PROV00274,rollback_started,hotel_room,success,rollback completed,2026-12-12T05:22:00
EVT0001289,TXN000589,BK000011,PROV00280,provider_called,flight_seat,success,request timed out,2027-02-08T04:34:00
EVT0001290,TXN000340,BK000620,PROV00089,payment_failure,hotel_room,failure,rollback initiated,2027-03-12T12:54:00
EVT0001291,TXN000533,BK000469,PROV00022,booking_confirmed,hotel_room,failure,provider unavailable,2026-10-21T20:07:00
EVT0001292,TXN000398,BK000657,PROV00227,resource_locked,hotel_room,pending,request timed out,2026-10-21T22:11:00
EVT0001293,TXN000685,BK000342,PROV00032,booking_cancelled,hotel_room,failure,request timed out,2026-11-13T21:45:00
EVT0001294,TXN000125,BK000641,PROV00292,provider_success,flight_seat,pending,operation completed,2027-03-01T07:29:00
EVT0001295,TXN000496,BK000824,PROV00284,payment_failure,activity_slot,success,provider unavailable,2026-11-02T03:51:00
EVT0001296,TXN000037,BK000623,PROV00153,rollback_started,flight_seat,failure,request timed out,2026-12-16T12:51:00
EVT0001297,TXN000026,BK000274,PROV00262,rollback_success,transport,success,rollback completed,2027-01-10T19:30:00
EVT0001298,TXN000912,BK000086,PROV00199,payment_success,transport,failure,operation completed,2026-11-16T15:47:00
EVT0001299,TXN000380,BK000531,PROV00047,provider_called,transport,success,rollback completed,2026-12-14T10:00:00
EVT0001300,TXN000045,BK000218,PROV00042,rollback_success,hotel_room,pending,resource unavailable,2027-02-07T04:10:00
EVT0001301,TXN000095,BK000053,PROV00161,payment_success,transport,success,payment rejected,2027-02-17T15:38:00
EVT0001302,TXN000856,BK000888,PROV00238,availability_checked,activity_slot,pending,request timed out,2026-11-29T02:36:00
EVT0001303,TXN000001,BK000837,PROV00069,payment_success,hotel_room,failure,operation completed,2027-03-17T04:47:00
EVT0001304,TXN000845,BK000569,PROV00007,rollback_success,transport,success,operation completed,2026-12-04T23:31:00
EVT0001305,TXN000063,BK000667,PROV00202,availability_checked,transport,failure,rollback completed,2027-02-13T00:26:00
EVT0001306,TXN000865,BK000568,PROV00125,booking_started,flight_seat,success,rollback initiated,2026-12-23T08:55:00
EVT0001307,TXN000230,BK000221,PROV00278,resource_locked,activity_slot,failure,request timed out,2027-03-01T07:06:00
EVT0001308,TXN000111,BK000239,PROV00048,booking_started,flight_seat,failure,payment rejected,2027-01-19T22:21:00
EVT0001309,TXN000121,BK000151,PROV00089,rollback_started,transport,pending,request timed out,2026-11-20T22:42:00
EVT0001310,TXN000538,BK000218,PROV00295,payment_failure,hotel_room,pending,rollback initiated,2026-10-17T09:09:00
EVT0001311,TXN000551,BK000147,PROV00290,rollback_success,transport,pending,request timed out,2026-12-24T13:24:00
EVT0001312,TXN000568,BK000529,PROV00164,rollback_success,transport,success,operation completed,2027-01-06T19:31:00
EVT0001313,TXN000633,BK000427,PROV00159,provider_success,activity_slot,pending,rollback completed,2027-01-06T06:24:00
EVT0001314,TXN000365,BK000111,PROV00240,booking_cancelled,transport,success,provider unavailable,2026-12-09T04:14:00
EVT0001315,TXN000270,BK000816,PROV00270,rollback_started,hotel_room,pending,request timed out,2027-02-14T07:17:00
EVT0001316,TXN000248,BK000794,PROV00013,availability_checked,activity_slot,failure,rollback completed,2027-01-26T06:26:00
EVT0001317,TXN000765,BK000929,PROV00003,payment_failure,activity_slot,failure,resource unavailable,2026-10-23T10:55:00
EVT0001318,TXN000850,BK000393,PROV00286,rollback_success,transport,pending,provider unavailable,2027-01-03T18:43:00
EVT0001319,TXN000520,BK000204,PROV00116,payment_failure,flight_seat,failure,request timed out,2027-01-10T01:37:00
EVT0001320,TXN000157,BK000047,PROV00279,payment_success,activity_slot,failure,payment rejected,2027-03-02T05:10:00
EVT0001321,TXN000452,BK000568,PROV00115,booking_confirmed,transport,failure,rollback initiated,2026-11-21T20:43:00
EVT0001322,TXN000775,BK000617,PROV00116,availability_checked,transport,pending,rollback completed,2027-03-12T19:18:00
EVT0001323,TXN000603,BK000490,PROV00249,provider_success,transport,pending,operation completed,2026-11-04T15:33:00
EVT0001324,TXN000025,BK000323,PROV00203,rollback_success,activity_slot,pending,rollback initiated,2026-12-08T17:58:00
EVT0001325,TXN000846,BK000548,PROV00243,rollback_started,transport,success,resource unavailable,2026-10-17T00:30:00
EVT0001326,TXN000863,BK000203,PROV00237,rollback_started,flight_seat,failure,provider unavailable,2027-02-02T15:55:00
EVT0001327,TXN000775,BK000054,PROV00190,rollback_started,hotel_room,success,resource unavailable,2027-01-21T02:43:00
EVT0001328,TXN000047,BK000951,PROV00139,booking_confirmed,transport,pending,rollback initiated,2027-02-24T04:35:00
EVT0001329,TXN000329,BK000488,PROV00247,availability_checked,hotel_room,failure,rollback initiated,2027-03-04T15:58:00
EVT0001330,TXN000087,BK000973,PROV00207,booking_cancelled,transport,pending,request timed out,2027-01-14T22:48:00
EVT0001331,TXN000385,BK000082,PROV00220,resource_locked,flight_seat,failure,provider unavailable,2027-02-05T08:28:00
EVT0001332,TXN000638,BK000114,PROV00160,availability_checked,flight_seat,failure,resource unavailable,2027-03-07T12:14:00
EVT0001333,TXN000321,BK000736,PROV00223,resource_locked,flight_seat,success,rollback initiated,2027-02-19T23:03:00
EVT0001334,TXN000724,BK000026,PROV00063,provider_success,activity_slot,pending,payment rejected,2026-10-03T05:18:00
EVT0001335,TXN000713,BK000067,PROV00213,resource_locked,activity_slot,failure,operation completed,2026-11-15T08:06:00
EVT0001336,TXN000651,BK000331,PROV00113,rollback_failure,hotel_room,success,operation completed,2026-12-01T17:51:00
EVT0001337,TXN000548,BK000617,PROV00126,booking_cancelled,transport,pending,rollback completed,2027-03-11T17:51:00
EVT0001338,TXN000022,BK000783,PROV00132,provider_failure,transport,pending,rollback initiated,2027-03-09T05:23:00
EVT0001339,TXN000478,BK000904,PROV00158,resource_locked,flight_seat,pending,operation completed,2026-10-18T19:14:00
EVT0001340,TXN000706,BK000464,PROV00016,provider_called,hotel_room,failure,operation completed,2027-03-11T00:15:00
EVT0001341,TXN000836,BK000845,PROV00070,resource_locked,hotel_room,success,rollback initiated,2026-10-02T02:52:00
EVT0001342,TXN000985,BK000528,PROV00170,booking_confirmed,activity_slot,pending,rollback completed,2026-12-04T17:49:00
EVT0001343,TXN000672,BK000779,PROV00165,payment_success,flight_seat,success,rollback initiated,2027-03-25T06:23:00
EVT0001344,TXN000866,BK000421,PROV00161,provider_success,transport,failure,payment rejected,2026-12-30T12:45:00
EVT0001345,TXN000713,BK000456,PROV00146,booking_started,flight_seat,failure,request timed out,2027-01-09T13:54:00
EVT0001346,TXN000385,BK000230,PROV00054,rollback_started,hotel_room,failure,provider unavailable,2027-01-22T17:02:00
EVT0001347,TXN000470,BK000248,PROV00246,booking_confirmed,hotel_room,success,resource unavailable,2027-01-25T02:34:00
EVT0001348,TXN000680,BK000210,PROV00269,booking_started,transport,success,payment rejected,2026-12-05T13:14:00
EVT0001349,TXN000683,BK000714,PROV00248,provider_failure,flight_seat,failure,payment rejected,2027-02-24T07:41:00
EVT0001350,TXN000325,BK000119,PROV00073,rollback_started,transport,failure,provider unavailable,2026-11-07T17:22:00
EVT0001351,TXN000831,BK000508,PROV00072,payment_started,activity_slot,failure,payment rejected,2027-01-10T15:21:00
EVT0001352,TXN000316,BK000100,PROV00108,provider_called,transport,success,rollback initiated,2027-03-29T16:06:00
EVT0001353,TXN000221,BK000407,PROV00233,resource_locked,activity_slot,success,request timed out,2026-10-28T23:09:00
EVT0001354,TXN000231,BK000968,PROV00287,booking_cancelled,activity_slot,failure,resource unavailable,2026-10-03T02:58:00
EVT0001355,TXN000904,BK000115,PROV00185,payment_started,transport,success,payment rejected,2027-03-10T16:09:00
EVT0001356,TXN000281,BK000236,PROV00174,rollback_success,flight_seat,pending,provider unavailable,2027-03-04T00:47:00
EVT0001357,TXN000480,BK000479,PROV00053,rollback_success,hotel_room,failure,provider unavailable,2027-01-11T12:15:00
EVT0001358,TXN000645,BK000142,PROV00261,payment_failure,hotel_room,pending,operation completed,2027-01-31T19:51:00
EVT0001359,TXN000425,BK000377,PROV00231,provider_failure,hotel_room,pending,rollback completed,2027-01-23T00:42:00
EVT0001360,TXN000432,BK000077,PROV00153,booking_confirmed,hotel_room,pending,provider unavailable,2026-11-09T10:34:00
EVT0001361,TXN000438,BK000692,PROV00152,booking_cancelled,hotel_room,success,rollback initiated,2027-02-01T16:03:00
EVT0001362,TXN000840,BK000465,PROV00152,availability_checked,hotel_room,failure,resource unavailable,2026-12-05T10:33:00
EVT0001363,TXN000062,BK000400,PROV00277,payment_success,flight_seat,failure,payment rejected,2027-02-10T13:11:00
EVT0001364,TXN000825,BK000216,PROV00265,rollback_failure,flight_seat,failure,rollback initiated,2027-03-12T16:39:00
EVT0001365,TXN000796,BK000952,PROV00300,payment_failure,hotel_room,pending,request timed out,2026-11-12T00:40:00
EVT0001366,TXN000456,BK000015,PROV00136,booking_cancelled,flight_seat,failure,payment rejected,2027-01-24T23:00:00
EVT0001367,TXN000396,BK000401,PROV00157,payment_started,flight_seat,pending,provider unavailable,2026-11-04T10:02:00
EVT0001368,TXN000866,BK000616,PROV00052,payment_failure,hotel_room,pending,rollback completed,2026-11-23T11:19:00
EVT0001369,TXN000599,BK000296,PROV00012,rollback_failure,activity_slot,success,operation completed,2026-12-19T14:37:00
EVT0001370,TXN000972,BK000209,PROV00207,availability_checked,transport,success,provider unavailable,2026-10-05T16:33:00
EVT0001371,TXN000063,BK000095,PROV00223,rollback_success,flight_seat,pending,resource unavailable,2026-12-07T10:40:00
EVT0001372,TXN000913,BK000475,PROV00076,payment_success,activity_slot,pending,rollback initiated,2026-10-14T10:34:00
EVT0001373,TXN000014,BK000811,PROV00218,payment_started,flight_seat,success,rollback initiated,2026-12-27T12:18:00
EVT0001374,TXN000920,BK000467,PROV00164,booking_started,activity_slot,failure,request timed out,2026-11-08T22:46:00
EVT0001375,TXN000970,BK000006,PROV00185,payment_started,activity_slot,pending,resource unavailable,2026-11-25T19:27:00
EVT0001376,TXN000298,BK000244,PROV00163,booking_cancelled,hotel_room,success,rollback completed,2027-01-26T05:18:00
EVT0001377,TXN000676,BK000194,PROV00180,payment_success,flight_seat,success,rollback completed,2026-11-01T07:52:00
EVT0001378,TXN000972,BK000375,PROV00185,availability_checked,flight_seat,failure,rollback completed,2027-03-28T07:23:00
EVT0001379,TXN000274,BK000966,PROV00276,resource_locked,activity_slot,pending,rollback initiated,2026-11-29T15:55:00
EVT0001380,TXN000292,BK000014,PROV00198,booking_started,activity_slot,success,payment rejected,2026-10-14T05:28:00
EVT0001381,TXN000154,BK000963,PROV00197,rollback_started,activity_slot,pending,request timed out,2027-02-28T02:28:00
EVT0001382,TXN000531,BK000510,PROV00271,rollback_started,activity_slot,failure,rollback initiated,2027-03-03T16:48:00
EVT0001383,TXN000969,BK000650,PROV00282,payment_failure,activity_slot,pending,request timed out,2027-01-28T01:41:00
EVT0001384,TXN000579,BK000463,PROV00088,booking_cancelled,activity_slot,success,resource unavailable,2027-01-03T22:56:00
EVT0001385,TXN000580,BK000317,PROV00292,booking_cancelled,activity_slot,pending,provider unavailable,2026-12-06T15:21:00
EVT0001386,TXN000976,BK000931,PROV00064,availability_checked,hotel_room,failure,resource unavailable,2027-02-03T10:24:00
EVT0001387,TXN000174,BK000689,PROV00269,booking_confirmed,flight_seat,pending,operation completed,2026-11-09T18:04:00
EVT0001388,TXN000847,BK000961,PROV00190,booking_cancelled,transport,pending,payment rejected,2026-12-20T20:03:00
EVT0001389,TXN000047,BK000798,PROV00126,resource_locked,activity_slot,success,payment rejected,2027-01-14T17:57:00
EVT0001390,TXN000951,BK000644,PROV00189,booking_started,transport,pending,provider unavailable,2027-02-22T08:13:00
EVT0001391,TXN000315,BK000365,PROV00140,booking_confirmed,hotel_room,success,resource unavailable,2026-12-13T15:28:00
EVT0001392,TXN000179,BK000578,PROV00113,payment_success,activity_slot,pending,request timed out,2027-01-07T20:32:00
EVT0001393,TXN000852,BK000244,PROV00171,payment_success,activity_slot,pending,rollback completed,2026-10-10T05:19:00
EVT0001394,TXN000658,BK000433,PROV00034,resource_locked,activity_slot,failure,payment rejected,2027-02-19T09:15:00
EVT0001395,TXN000026,BK000252,PROV00044,payment_started,flight_seat,success,request timed out,2026-10-07T02:04:00
EVT0001396,TXN000341,BK000518,PROV00281,availability_checked,activity_slot,failure,payment rejected,2027-03-27T08:22:00
EVT0001397,TXN000317,BK000034,PROV00253,payment_started,hotel_room,pending,operation completed,2027-01-20T22:26:00
EVT0001398,TXN000821,BK000975,PROV00070,booking_confirmed,transport,pending,provider unavailable,2027-03-27T09:42:00
EVT0001399,TXN000248,BK000191,PROV00240,provider_called,activity_slot,failure,resource unavailable,2027-02-27T23:45:00
EVT0001400,TXN000599,BK000859,PROV00229,rollback_success,transport,failure,rollback completed,2027-03-03T21:20:00
EVT0001401,TXN000620,BK000386,PROV00247,provider_failure,transport,pending,request timed out,2026-10-18T02:30:00
EVT0001402,TXN000807,BK000945,PROV00154,booking_cancelled,activity_slot,pending,rollback completed,2027-01-05T04:01:00
EVT0001403,TXN000059,BK000140,PROV00075,rollback_started,transport,failure,request timed out,2026-10-28T17:49:00
EVT0001404,TXN000099,BK000066,PROV00058,provider_called,transport,failure,resource unavailable,2026-12-07T11:28:00
EVT0001405,TXN000700,BK000991,PROV00020,provider_failure,hotel_room,failure,rollback initiated,2027-01-06T17:23:00
EVT0001406,TXN000407,BK000800,PROV00101,provider_failure,transport,pending,request timed out,2027-01-21T07:58:00
EVT0001407,TXN000279,BK000338,PROV00127,provider_success,activity_slot,failure,payment rejected,2027-03-24T17:08:00
EVT0001408,TXN000285,BK000743,PROV00296,provider_called,hotel_room,success,rollback completed,2026-12-25T20:12:00
EVT0001409,TXN000892,BK000172,PROV00029,resource_locked,activity_slot,success,rollback completed,2026-12-22T04:53:00
EVT0001410,TXN000071,BK000942,PROV00046,rollback_success,activity_slot,pending,request timed out,2027-01-17T12:01:00
EVT0001411,TXN000457,BK000293,PROV00195,payment_started,transport,pending,rollback initiated,2027-03-10T01:39:00
EVT0001412,TXN000463,BK000205,PROV00036,payment_failure,hotel_room,pending,request timed out,2027-03-09T14:27:00
EVT0001413,TXN000442,BK000629,PROV00017,booking_confirmed,hotel_room,success,provider unavailable,2027-03-16T21:45:00
EVT0001414,TXN000395,BK000366,PROV00161,booking_started,flight_seat,success,rollback initiated,2026-12-06T12:00:00
EVT0001415,TXN000959,BK000134,PROV00045,payment_started,hotel_room,failure,provider unavailable,2027-01-01T10:52:00
EVT0001416,TXN000238,BK000278,PROV00168,payment_started,activity_slot,failure,resource unavailable,2026-12-28T01:32:00
EVT0001417,TXN000492,BK000449,PROV00240,provider_called,transport,pending,rollback completed,2027-02-14T14:12:00
EVT0001418,TXN000028,BK000951,PROV00140,payment_success,activity_slot,pending,operation completed,2027-02-06T10:06:00
EVT0001419,TXN000877,BK000856,PROV00207,rollback_success,transport,success,rollback initiated,2026-11-20T22:33:00
EVT0001420,TXN000882,BK000944,PROV00110,resource_locked,flight_seat,failure,resource unavailable,2027-02-05T04:18:00
EVT0001421,TXN000679,BK000472,PROV00046,payment_failure,hotel_room,success,request timed out,2027-02-28T14:08:00
EVT0001422,TXN000239,BK000313,PROV00256,provider_success,activity_slot,pending,operation completed,2026-11-01T20:22:00
EVT0001423,TXN000387,BK000523,PROV00248,rollback_success,hotel_room,failure,rollback initiated,2026-10-14T01:23:00
EVT0001424,TXN000680,BK000914,PROV00188,payment_failure,hotel_room,failure,operation completed,2026-12-25T10:38:00
EVT0001425,TXN000814,BK000528,PROV00277,provider_called,activity_slot,pending,resource unavailable,2026-12-30T03:24:00
EVT0001426,TXN000301,BK000609,PROV00156,booking_confirmed,flight_seat,success,payment rejected,2026-11-23T16:26:00
EVT0001427,TXN000528,BK000961,PROV00007,payment_failure,activity_slot,pending,resource unavailable,2026-10-22T05:39:00
EVT0001428,TXN000830,BK000937,PROV00260,booking_confirmed,hotel_room,pending,rollback completed,2026-10-11T11:53:00
EVT0001429,TXN000436,BK000956,PROV00029,rollback_started,activity_slot,pending,operation completed,2027-02-12T16:52:00
EVT0001430,TXN000696,BK000124,PROV00033,booking_cancelled,hotel_room,success,operation completed,2027-03-06T05:35:00
EVT0001431,TXN000467,BK000243,PROV00070,resource_locked,hotel_room,failure,provider unavailable,2026-10-12T20:27:00
EVT0001432,TXN000527,BK000243,PROV00025,rollback_success,activity_slot,success,provider unavailable,2026-10-15T08:29:00
EVT0001433,TXN000985,BK000021,PROV00213,resource_locked,hotel_room,failure,resource unavailable,2027-03-15T11:43:00
EVT0001434,TXN000503,BK000877,PROV00263,booking_started,activity_slot,success,rollback completed,2026-10-28T22:59:00
EVT0001435,TXN000991,BK000453,PROV00157,booking_started,transport,failure,rollback initiated,2027-01-08T02:01:00
EVT0001436,TXN000066,BK000184,PROV00112,provider_called,activity_slot,pending,provider unavailable,2027-01-15T05:48:00
EVT0001437,TXN000776,BK000159,PROV00161,booking_started,flight_seat,failure,provider unavailable,2027-01-03T18:25:00
EVT0001438,TXN000747,BK000828,PROV00010,booking_started,transport,success,operation completed,2026-12-31T02:31:00
EVT0001439,TXN000650,BK000524,PROV00080,rollback_success,activity_slot,pending,provider unavailable,2027-01-23T13:04:00
EVT0001440,TXN000266,BK000115,PROV00266,availability_checked,transport,pending,resource unavailable,2026-10-02T17:47:00
EVT0001441,TXN000147,BK000511,PROV00192,rollback_started,hotel_room,failure,rollback initiated,2027-02-28T03:04:00
EVT0001442,TXN000667,BK000301,PROV00202,booking_started,flight_seat,failure,operation completed,2027-02-14T01:19:00
EVT0001443,TXN000124,BK000789,PROV00011,payment_started,transport,success,resource unavailable,2026-11-06T01:02:00
EVT0001444,TXN000151,BK000367,PROV00196,availability_checked,transport,pending,rollback completed,2027-02-02T21:15:00
EVT0001445,TXN000877,BK000877,PROV00232,payment_started,hotel_room,success,operation completed,2026-10-24T03:55:00
EVT0001446,TXN000593,BK000706,PROV00024,provider_failure,hotel_room,pending,rollback completed,2027-02-05T10:33:00
EVT0001447,TXN000808,BK000401,PROV00118,payment_failure,flight_seat,pending,payment rejected,2027-03-23T01:12:00
EVT0001448,TXN000254,BK000843,PROV00297,booking_cancelled,flight_seat,success,resource unavailable,2027-03-24T15:36:00
EVT0001449,TXN000072,BK000521,PROV00209,provider_called,hotel_room,failure,operation completed,2026-10-15T02:44:00
EVT0001450,TXN000080,BK000797,PROV00287,rollback_failure,transport,success,request timed out,2027-01-03T07:46:00
EVT0001451,TXN000620,BK000333,PROV00270,provider_success,activity_slot,pending,rollback completed,2026-11-03T10:59:00
EVT0001452,TXN000303,BK000984,PROV00015,rollback_started,activity_slot,success,operation completed,2027-03-03T03:07:00
EVT0001453,TXN000688,BK000548,PROV00213,provider_called,activity_slot,pending,provider unavailable,2026-10-09T15:41:00
EVT0001454,TXN000746,BK000552,PROV00151,availability_checked,activity_slot,failure,resource unavailable,2026-11-01T17:44:00
EVT0001455,TXN000962,BK000458,PROV00207,provider_called,flight_seat,pending,provider unavailable,2027-03-07T10:14:00
EVT0001456,TXN000910,BK000543,PROV00221,rollback_failure,transport,failure,operation completed,2027-02-13T09:38:00
EVT0001457,TXN000340,BK000958,PROV00246,resource_locked,activity_slot,failure,resource unavailable,2027-03-06T08:53:00
EVT0001458,TXN000774,BK000518,PROV00127,payment_started,activity_slot,success,provider unavailable,2027-02-28T17:52:00
EVT0001459,TXN000350,BK000239,PROV00010,booking_cancelled,flight_seat,success,operation completed,2026-10-08T19:45:00
EVT0001460,TXN000576,BK000514,PROV00218,payment_failure,activity_slot,pending,payment rejected,2027-03-25T00:46:00
EVT0001461,TXN000884,BK000517,PROV00208,rollback_success,hotel_room,success,payment rejected,2027-01-30T14:40:00
EVT0001462,TXN000802,BK000822,PROV00109,provider_failure,hotel_room,success,rollback initiated,2027-02-21T10:04:00
EVT0001463,TXN000185,BK000956,PROV00159,provider_success,activity_slot,pending,provider unavailable,2026-12-26T18:00:00
EVT0001464,TXN000638,BK000412,PROV00124,rollback_success,hotel_room,failure,rollback initiated,2027-03-20T07:45:00
EVT0001465,TXN000229,BK000146,PROV00146,provider_called,transport,pending,request timed out,2027-01-09T01:58:00
EVT0001466,TXN000258,BK000823,PROV00145,booking_confirmed,transport,failure,provider unavailable,2026-10-09T02:36:00
EVT0001467,TXN000090,BK000256,PROV00041,availability_checked,flight_seat,pending,resource unavailable,2026-11-09T12:19:00
EVT0001468,TXN000450,BK000205,PROV00036,availability_checked,activity_slot,pending,rollback completed,2026-11-06T05:33:00
EVT0001469,TXN000914,BK000297,PROV00188,rollback_success,activity_slot,failure,rollback initiated,2026-11-10T11:25:00
EVT0001470,TXN000480,BK000828,PROV00053,payment_failure,activity_slot,pending,request timed out,2027-03-20T17:31:00
EVT0001471,TXN000088,BK000227,PROV00225,rollback_started,flight_seat,success,request timed out,2026-11-15T19:32:00
EVT0001472,TXN000413,BK000561,PROV00051,rollback_success,activity_slot,failure,payment rejected,2027-02-06T02:53:00
EVT0001473,TXN000164,BK000848,PROV00105,booking_started,flight_seat,success,operation completed,2026-11-02T12:11:00
EVT0001474,TXN000196,BK000526,PROV00219,provider_success,flight_seat,pending,provider unavailable,2027-03-10T22:31:00
EVT0001475,TXN000844,BK000660,PROV00153,provider_success,transport,success,resource unavailable,2026-11-09T07:08:00
EVT0001476,TXN000407,BK000922,PROV00284,booking_started,transport,success,rollback completed,2027-02-22T19:47:00
EVT0001477,TXN000918,BK000401,PROV00258,resource_locked,hotel_room,failure,resource unavailable,2027-02-28T23:38:00
EVT0001478,TXN000185,BK000912,PROV00165,availability_checked,transport,pending,rollback completed,2026-10-05T04:30:00
EVT0001479,TXN000041,BK000093,PROV00113,payment_started,transport,failure,payment rejected,2027-01-03T22:15:00
EVT0001480,TXN000933,BK000951,PROV00104,rollback_started,activity_slot,pending,resource unavailable,2026-12-26T13:31:00
EVT0001481,TXN000824,BK000347,PROV00104,provider_success,flight_seat,pending,resource unavailable,2026-12-13T12:37:00
EVT0001482,TXN000928,BK000716,PROV00147,payment_failure,hotel_room,pending,provider unavailable,2026-10-23T16:12:00
EVT0001483,TXN000362,BK000186,PROV00107,provider_called,transport,failure,resource unavailable,2026-10-19T16:59:00
EVT0001484,TXN000341,BK000187,PROV00286,payment_failure,flight_seat,pending,request timed out,2027-02-26T09:28:00
EVT0001485,TXN000824,BK000488,PROV00148,rollback_failure,hotel_room,success,rollback initiated,2026-10-03T08:34:00
EVT0001486,TXN000637,BK000903,PROV00169,payment_failure,activity_slot,success,rollback initiated,2027-03-26T10:42:00
EVT0001487,TXN000425,BK000685,PROV00139,provider_failure,hotel_room,pending,operation completed,2027-01-03T03:02:00
EVT0001488,TXN000213,BK000880,PROV00126,provider_failure,hotel_room,failure,operation completed,2026-12-15T14:27:00
EVT0001489,TXN000408,BK000815,PROV00161,payment_failure,flight_seat,pending,request timed out,2027-01-24T15:44:00
EVT0001490,TXN000657,BK000541,PROV00047,payment_success,hotel_room,success,request timed out,2027-02-04T16:49:00
EVT0001491,TXN000793,BK000354,PROV00146,rollback_failure,hotel_room,success,resource unavailable,2026-11-16T13:58:00
EVT0001492,TXN000813,BK000669,PROV00139,availability_checked,transport,success,rollback completed,2026-11-05T14:08:00
EVT0001493,TXN000955,BK000842,PROV00116,provider_failure,activity_slot,failure,resource unavailable,2027-03-26T12:31:00
EVT0001494,TXN000173,BK000222,PROV00048,provider_called,transport,pending,resource unavailable,2026-10-10T06:13:00
EVT0001495,TXN000414,BK000906,PROV00300,provider_failure,hotel_room,pending,request timed out,2026-12-16T03:21:00
EVT0001496,TXN000924,BK000904,PROV00259,booking_cancelled,transport,success,provider unavailable,2026-12-26T04:03:00
EVT0001497,TXN000305,BK000459,PROV00018,provider_called,activity_slot,success,request timed out,2026-11-27T10:01:00
EVT0001498,TXN000788,BK000608,PROV00229,provider_called,hotel_room,pending,resource unavailable,2027-03-21T00:36:00
EVT0001499,TXN000996,BK000659,PROV00057,booking_confirmed,activity_slot,failure,rollback completed,2026-12-28T10:14:00
EVT0001500,TXN000810,BK000460,PROV00039,availability_checked,activity_slot,success,rollback initiated,2026-12-23T20:17:00
