lock_id,resource_type,resource_id,booking_id,quantity,lock_status,locked_at,expires_at,release_reason
LOCK000001,flight_seat,ROOM00012,BK000697,1,converted_to_booking,2026-11-11T03:28:00,2026-11-11T03:33:00,user_cancelled
LOCK000002,activity_slot,AINV00374,BK000686,2,active,2026-12-28T14:49:00,2026-12-28T15:49:00,booking_confirmed
LOCK000003,activity_slot,ROOM00157,BK000577,1,expired,2026-12-08T05:18:00,2026-12-08T05:23:00,timeout
LOCK000004,hotel_room,FLT00066,BK000014,1,converted_to_booking,2026-10-17T12:27:00,2026-10-17T13:27:00,timeout
LOCK000005,transport,AINV00348,BK000610,2,active,2027-01-06T23:31:00,2027-01-07T00:31:00,
LOCK000006,flight_seat,AINV00263,BK000364,2,released,2027-03-26T07:13:00,2027-03-26T08:13:00,user_cancelled
LOCK000007,transport,FLT00270,BK000240,3,active,2027-01-09T20:20:00,2027-01-09T20:30:00,timeout
LOCK000008,activity_slot,FLT00303,BK000702,1,active,2027-03-03T15:07:00,2027-03-03T15:12:00,manual_release
LOCK000009,transport,FLT00415,BK000491,2,expired,2026-12-23T01:56:00,2026-12-23T02:01:00,
LOCK000010,activity_slot,AINV00377,BK000068,3,converted_to_booking,2026-11-29T04:20:00,2026-11-29T05:20:00,
LOCK000011,flight_seat,CAR00500,BK000480,1,active,2027-02-11T03:03:00,2027-02-11T03:08:00,
LOCK000012,activity_slot,AINV00063,BK000048,2,active,2026-11-28T06:24:00,2026-11-28T06:54:00,timeout
LOCK000013,flight_seat,CAR00212,BK000018,2,active,2027-03-02T04:34:00,2027-03-02T04:49:00,booking_confirmed
LOCK000014,activity_slot,CAR00414,BK000884,1,active,2026-11-22T22:41:00,2026-11-22T22:51:00,
LOCK000015,activity_slot,CAR00384,BK000722,4,active,2026-11-01T09:39:00,2026-11-01T10:39:00,manual_release
LOCK000016,activity_slot,ROOM00352,BK000480,4,released,2027-03-24T17:10:00,2027-03-24T17:20:00,payment_failed
LOCK000017,flight_seat,AINV00366,BK000426,4,expired,2026-10-06T19:59:00,2026-10-06T20:09:00,payment_failed
LOCK000018,transport,AINV00007,BK000877,1,converted_to_booking,2027-03-04T21:20:00,2027-03-04T21:30:00,timeout
LOCK000019,hotel_room,CAR00333,BK000407,1,converted_to_booking,2026-11-08T11:54:00,2026-11-08T12:09:00,payment_failed
LOCK000020,transport,AINV00137,BK000778,2,active,2026-12-11T03:28:00,2026-12-11T03:58:00,manual_release
LOCK000021,hotel_room,ROOM00472,BK000732,2,expired,2026-11-17T08:28:00,2026-11-17T08:58:00,payment_failed
LOCK000022,flight_seat,CAR00435,BK000477,1,expired,2027-03-13T02:00:00,2027-03-13T03:00:00,payment_failed
LOCK000023,hotel_room,ROOM00249,BK000636,2,converted_to_booking,2027-02-19T04:07:00,2027-02-19T04:17:00,booking_confirmed
LOCK000024,flight_seat,FLT00463,BK000348,1,converted_to_booking,2026-12-21T14:39:00,2026-12-21T15:09:00,manual_release
LOCK000025,transport,AINV00245,BK000759,1,active,2027-01-03T08:45:00,2027-01-03T09:15:00,booking_confirmed
LOCK000026,transport,ROOM00441,BK000256,4,expired,2026-10-04T01:47:00,2026-10-04T01:57:00,user_cancelled
LOCK000027,transport,CAR00017,BK000384,2,converted_to_booking,2027-01-16T10:31:00,2027-01-16T11:31:00,user_cancelled
LOCK000028,hotel_room,CAR00259,BK000299,3,converted_to_booking,2027-01-27T20:54:00,2027-01-27T21:24:00,user_cancelled
LOCK000029,hotel_room,FLT00296,BK000271,4,active,2026-12-25T03:54:00,2026-12-25T04:54:00,booking_confirmed
LOCK000030,activity_slot,CAR00090,BK000238,3,converted_to_booking,2026-10-31T13:11:00,2026-10-31T14:11:00,booking_confirmed
LOCK000031,transport,CAR00132,BK000413,3,released,2027-03-27T03:58:00,2027-03-27T04:13:00,user_cancelled
LOCK000032,flight_seat,ROOM00281,BK000207,1,active,2027-02-02T09:54:00,2027-02-02T10:54:00,
LOCK000033,activity_slot,ROOM00446,BK000344,2,active,2026-11-29T20:46:00,2026-11-29T21:01:00,user_cancelled
LOCK000034,transport,ROOM00190,BK000230,1,expired,2027-01-16T04:23:00,2027-01-16T05:23:00,
LOCK000035,activity_slot,ROOM00221,BK000907,4,converted_to_booking,2026-11-18T00:54:00,2026-11-18T01:04:00,payment_failed
LOCK000036,activity_slot,ROOM00167,BK000137,2,expired,2027-02-20T04:06:00,2027-02-20T04:36:00,timeout
LOCK000037,flight_seat,ROOM00199,BK000840,1,active,2027-03-18T16:50:00,2027-03-18T17:20:00,user_cancelled
LOCK000038,activity_slot,ROOM00084,BK000850,3,released,2027-01-19T15:17:00,2027-01-19T16:17:00,timeout
LOCK000039,transport,CAR00206,BK000570,1,active,2026-12-26T00:09:00,2026-12-26T00:14:00,booking_confirmed
LOCK000040,flight_seat,CAR00295,BK000378,1,expired,2027-03-23T03:09:00,2027-03-23T03:19:00,booking_confirmed
LOCK000041,transport,ROOM00273,BK000633,4,active,2026-11-19T20:03:00,2026-11-19T20:13:00,user_cancelled
LOCK000042,transport,FLT00386,BK000412,4,active,2026-11-21T09:38:00,2026-11-21T10:38:00,user_cancelled
LOCK000043,transport,AINV00298,BK000516,4,released,2027-03-28T21:01:00,2027-03-28T22:01:00,manual_release
LOCK000044,flight_seat,FLT00259,BK000479,3,released,2026-12-14T21:24:00,2026-12-14T21:34:00,user_cancelled
LOCK000045,hotel_room,ROOM00436,BK000857,1,released,2026-12-19T16:43:00,2026-12-19T16:53:00,
LOCK000046,activity_slot,CAR00076,BK000182,2,expired,2027-01-16T16:29:00,2027-01-16T16:39:00,payment_failed
LOCK000047,flight_seat,CAR00216,BK000902,3,converted_to_booking,2027-02-19T02:08:00,2027-02-19T02:18:00,
LOCK000048,activity_slot,FLT00335,BK000945,4,expired,2027-03-02T14:19:00,2027-03-02T14:29:00,user_cancelled
LOCK000049,flight_seat,AINV00270,BK000491,2,converted_to_booking,2026-12-10T20:59:00,2026-12-10T21:29:00,
LOCK000050,transport,CAR00231,BK000182,1,converted_to_booking,2026-11-25T21:29:00,2026-11-25T21:44:00,user_cancelled
LOCK000051,transport,AINV00001,BK000950,1,converted_to_booking,2027-01-23T19:38:00,2027-01-23T19:48:00,user_cancelled
LOCK000052,activity_slot,CAR00259,BK000272,4,converted_to_booking,2026-12-19T19:59:00,2026-12-19T20:14:00,
LOCK000053,transport,AINV00059,BK000158,4,expired,2026-11-11T01:35:00,2026-11-11T01:40:00,manual_release
LOCK000054,hotel_room,ROOM00253,BK000684,1,active,2027-01-06T16:35:00,2027-01-06T16:50:00,
LOCK000055,flight_seat,CAR00125,BK000330,1,expired,2027-02-20T23:39:00,2027-02-20T23:54:00,timeout
LOCK000056,transport,ROOM00272,BK000579,4,expired,2027-02-05T16:42:00,2027-02-05T17:12:00,manual_release
LOCK000057,flight_seat,AINV00398,BK000330,4,converted_to_booking,2027-02-13T18:06:00,2027-02-13T19:06:00,manual_release
LOCK000058,activity_slot,ROOM00170,BK000160,3,converted_to_booking,2027-01-11T10:27:00,2027-01-11T10:57:00,manual_release
LOCK000059,hotel_room,CAR00294,BK000174,3,expired,2027-03-29T02:37:00,2027-03-29T02:42:00,manual_release
LOCK000060,activity_slot,CAR00302,BK000025,3,active,2026-10-15T04:50:00,2026-10-15T05:50:00,
LOCK000061,activity_slot,FLT00370,BK000190,1,active,2027-01-31T14:37:00,2027-01-31T14:47:00,manual_release
LOCK000062,transport,FLT00254,BK000336,3,converted_to_booking,2026-12-03T14:22:00,2026-12-03T15:22:00,
LOCK000063,transport,ROOM00190,BK000437,2,expired,2027-01-21T22:37:00,2027-01-21T23:07:00,payment_failed
LOCK000064,transport,CAR00349,BK000525,3,expired,2026-10-11T16:51:00,2026-10-11T17:51:00,booking_confirmed
LOCK000065,transport,AINV00330,BK000608,4,expired,2026-11-29T13:50:00,2026-11-29T13:55:00,timeout
LOCK000066,flight_seat,AINV00279,BK000575,2,converted_to_booking,2027-01-02T12:47:00,2027-01-02T12:57:00,booking_confirmed
LOCK000067,flight_seat,CAR00331,BK000680,3,released,2027-02-16T08:48:00,2027-02-16T08:53:00,payment_failed
LOCK000068,flight_seat,AINV00271,BK000539,1,expired,2026-12-06T20:27:00,2026-12-06T21:27:00,timeout
LOCK000069,transport,AINV00075,BK000607,2,expired,2026-10-10T15:24:00,2026-10-10T16:24:00,booking_confirmed
LOCK000070,transport,ROOM00221,BK000825,1,released,2026-12-24T15:43:00,2026-12-24T15:53:00,booking_confirmed
LOCK000071,flight_seat,ROOM00472,BK000018,2,converted_to_booking,2027-02-06T02:10:00,2027-02-06T02:15:00,
LOCK000072,transport,AINV00018,BK000581,1,released,2027-03-28T04:18:00,2027-03-28T04:23:00,
LOCK000073,hotel_room,CAR00403,BK000148,1,expired,2026-11-15T19:56:00,2026-11-15T20:56:00,
LOCK000074,transport,CAR00297,BK000293,2,active,2027-03-11T23:21:00,2027-03-11T23:26:00,booking_confirmed
LOCK000075,transport,AINV00494,BK000031,3,released,2027-01-31T09:03:00,2027-01-31T09:33:00,payment_failed
LOCK000076,activity_slot,FLT00044,BK000254,1,active,2026-11-19T09:38:00,2026-11-19T09:53:00,
LOCK000077,activity_slot,ROOM00272,BK000386,1,converted_to_booking,2026-12-09T08:09:00,2026-12-09T08:39:00,user_cancelled
LOCK000078,flight_seat,ROOM00473,BK000619,1,released,2027-03-24T11:49:00,2027-03-24T12:04:00,booking_confirmed
LOCK000079,activity_slot,CAR00392,BK000105,3,active,2027-01-23T01:56:00,2027-01-23T02:01:00,payment_failed
LOCK000080,hotel_room,ROOM00334,BK000696,4,released,2026-12-03T07:29:00,2026-12-03T07:59:00,payment_failed
LOCK000081,flight_seat,ROOM00247,BK000691,3,expired,2027-03-19T08:08:00,2027-03-19T08:38:00,payment_failed
LOCK000082,activity_slot,AINV00176,BK000556,1,expired,2026-11-11T08:24:00,2026-11-11T09:24:00,timeout
LOCK000083,transport,ROOM00077,BK000767,2,converted_to_booking,2026-12-14T16:14:00,2026-12-14T16:29:00,timeout
LOCK000084,hotel_room,AINV00480,BK000991,4,converted_to_booking,2026-10-07T05:20:00,2026-10-07T06:20:00,
LOCK000085,transport,CAR00441,BK000171,4,active,2026-11-01T19:12:00,2026-11-01T19:22:00,
LOCK000086,activity_slot,CAR00321,BK000315,3,converted_to_booking,2026-12-26T18:39:00,2026-12-26T18:49:00,timeout
LOCK000087,hotel_room,FLT00443,BK000328,1,released,2026-12-02T19:16:00,2026-12-02T19:46:00,user_cancelled
LOCK000088,hotel_room,AINV00181,BK000480,2,converted_to_booking,2026-12-05T11:26:00,2026-12-05T11:56:00,timeout
LOCK000089,hotel_room,AINV00049,BK000196,1,active,2026-12-09T01:28:00,2026-12-09T02:28:00,
LOCK000090,transport,FLT00432,BK000006,3,released,2027-02-03T09:03:00,2027-02-03T09:33:00,user_cancelled
LOCK000091,hotel_room,AINV00249,BK000784,3,expired,2027-01-01T17:05:00,2027-01-01T17:20:00,
LOCK000092,transport,FLT00105,BK000256,2,converted_to_booking,2026-10-26T01:37:00,2026-10-26T01:47:00,timeout
LOCK000093,flight_seat,AINV00380,BK000807,2,active,2026-12-06T15:24:00,2026-12-06T15:29:00,
LOCK000094,activity_slot,CAR00171,BK000688,1,released,2026-12-24T00:57:00,2026-12-24T01:27:00,
LOCK000095,transport,AINV00445,BK000920,1,released,2027-02-13T07:48:00,2027-02-13T07:53:00,user_cancelled
LOCK000096,transport,AINV00281,BK000170,2,released,2027-01-24T08:05:00,2027-01-24T08:20:00,booking_confirmed
LOCK000097,hotel_room,FLT00287,BK000821,4,active,2026-11-23T06:01:00,2026-11-23T06:06:00,user_cancelled
LOCK000098,activity_slot,CAR00052,BK000819,2,converted_to_booking,2027-01-30T16:42:00,2027-01-30T17:12:00,user_cancelled
LOCK000099,flight_seat,CAR00368,BK000356,3,converted_to_booking,2026-12-23T07:22:00,2026-12-23T08:22:00,
LOCK000100,transport,FLT00456,BK000301,2,converted_to_booking,2027-01-01T14:26:00,2027-01-01T14:41:00,
LOCK000101,hotel_room,AINV00447,BK000222,2,converted_to_booking,2026-12-16T19:30:00,2026-12-16T19:35:00,user_cancelled
LOCK000102,activity_slot,ROOM00393,BK000646,1,released,2027-01-20T00:46:00,2027-01-20T01:16:00,timeout
LOCK000103,hotel_room,AINV00029,BK000348,2,released,2027-02-01T07:39:00,2027-02-01T07:54:00,user_cancelled
LOCK000104,hotel_room,FLT00073,BK000290,4,active,2026-11-19T13:15:00,2026-11-19T14:15:00,booking_confirmed
LOCK000105,transport,ROOM00130,BK000733,1,released,2027-01-25T21:22:00,2027-01-25T22:22:00,user_cancelled
LOCK000106,transport,ROOM00273,BK000563,1,converted_to_booking,2026-11-21T14:35:00,2026-11-21T15:05:00,timeout
LOCK000107,transport,AINV00205,BK000083,1,expired,2026-11-17T17:45:00,2026-11-17T18:15:00,timeout
LOCK000108,activity_slot,CAR00368,BK000984,1,converted_to_booking,2026-12-11T00:02:00,2026-12-11T01:02:00,user_cancelled
LOCK000109,hotel_room,CAR00060,BK000248,4,expired,2026-12-30T14:34:00,2026-12-30T14:39:00,payment_failed
LOCK000110,transport,CAR00083,BK000280,2,active,2027-01-12T22:41:00,2027-01-12T23:41:00,user_cancelled
LOCK000111,hotel_room,CAR00072,BK000454,2,expired,2027-02-15T21:06:00,2027-02-15T21:16:00,
LOCK000112,transport,AINV00409,BK000566,1,active,2026-10-01T11:47:00,2026-10-01T11:57:00,
LOCK000113,activity_slot,ROOM00033,BK000226,2,active,2027-03-14T10:05:00,2027-03-14T11:05:00,timeout
LOCK000114,flight_seat,CAR00159,BK000823,3,expired,2027-02-27T09:37:00,2027-02-27T09:47:00,manual_release
LOCK000115,transport,FLT00419,BK000599,2,expired,2026-11-06T06:09:00,2026-11-06T06:39:00,payment_failed
LOCK000116,hotel_room,CAR00274,BK000132,1,active,2026-10-10T12:43:00,2026-10-10T12:48:00,payment_failed
LOCK000117,flight_seat,ROOM00269,BK000154,3,released,2027-01-10T22:30:00,2027-01-10T22:35:00,manual_release
LOCK000118,transport,ROOM00155,BK000850,4,expired,2027-03-09T10:28:00,2027-03-09T10:33:00,
LOCK000119,flight_seat,ROOM00216,BK000958,1,converted_to_booking,2026-11-27T00:49:00,2026-11-27T00:59:00,
LOCK000120,hotel_room,AINV00113,BK000876,1,expired,2026-12-15T15:29:00,2026-12-15T16:29:00,booking_confirmed
LOCK000121,transport,FLT00237,BK000028,1,expired,2026-10-29T06:36:00,2026-10-29T06:41:00,timeout
LOCK000122,transport,CAR00168,BK000681,3,released,2026-12-20T18:35:00,2026-12-20T19:35:00,
LOCK000123,hotel_room,ROOM00448,BK000605,4,converted_to_booking,2026-11-06T09:15:00,2026-11-06T10:15:00,timeout
LOCK000124,transport,AINV00254,BK000853,3,converted_to_booking,2027-01-10T13:31:00,2027-01-10T14:31:00,manual_release
LOCK000125,activity_slot,FLT00283,BK000741,3,expired,2027-03-25T14:15:00,2027-03-25T14:45:00,user_cancelled
LOCK000126,hotel_room,CAR00154,BK000732,1,converted_to_booking,2026-10-27T05:36:00,2026-10-27T06:36:00,timeout
LOCK000127,hotel_room,ROOM00020,BK000247,1,released,2026-12-14T09:16:00,2026-12-14T09:46:00,booking_confirmed
LOCK000128,flight_seat,AINV00450,BK000548,1,expired,2027-02-21T19:26:00,2027-02-21T20:26:00,timeout
LOCK000129,transport,CAR00308,BK000497,1,converted_to_booking,2026-12-09T13:18:00,2026-12-09T13:48:00,manual_release
LOCK000130,activity_slot,FLT00259,BK000832,4,active,2027-03-02T12:10:00,2027-03-02T12:15:00,booking_confirmed
LOCK000131,activity_slot,ROOM00308,BK000680,4,released,2026-12-26T05:29:00,2026-12-26T05:34:00,payment_failed
LOCK000132,hotel_room,ROOM00413,BK000007,3,expired,2026-10-28T01:04:00,2026-10-28T01:19:00,user_cancelled
LOCK000133,hotel_room,FLT00075,BK000311,4,converted_to_booking,2026-10-01T23:51:00,2026-10-01T23:56:00,timeout
LOCK000134,activity_slot,ROOM00070,BK000626,3,released,2027-01-01T14:58:00,2027-01-01T15:13:00,payment_failed
LOCK000135,transport,ROOM00349,BK000479,1,released,2026-11-14T11:34:00,2026-11-14T11:49:00,manual_release
LOCK000136,transport,FLT00126,BK000875,2,expired,2027-03-11T08:51:00,2027-03-11T09:01:00,timeout
LOCK000137,transport,ROOM00289,BK000823,1,converted_to_booking,2027-02-24T16:48:00,2027-02-24T17:48:00,payment_failed
LOCK000138,activity_slot,ROOM00074,BK000446,1,active,2026-12-12T01:15:00,2026-12-12T01:45:00,timeout
LOCK000139,activity_slot,CAR00263,BK000620,2,released,2026-12-03T21:52:00,2026-12-03T22:22:00,
LOCK000140,activity_slot,AINV00297,BK000619,2,converted_to_booking,2026-10-10T12:31:00,2026-10-10T12:41:00,booking_confirmed
LOCK000141,transport,CAR00108,BK000730,4,released,2027-01-22T05:23:00,2027-01-22T06:23:00,timeout
LOCK000142,activity_slot,CAR00254,BK000855,1,expired,2027-01-21T14:00:00,2027-01-21T14:30:00,user_cancelled
LOCK000143,activity_slot,FLT00112,BK000133,3,expired,2026-10-29T07:31:00,2026-10-29T08:01:00,user_cancelled
LOCK000144,activity_slot,AINV00108,BK000429,3,active,2027-03-02T06:28:00,2027-03-02T06:33:00,manual_release
LOCK000145,flight_seat,FLT00279,BK000152,1,active,2027-03-02T09:08:00,2027-03-02T09:13:00,timeout
LOCK000146,activity_slot,CAR00321,BK000139,4,released,2027-02-05T18:21:00,2027-02-05T18:31:00,booking_confirmed
LOCK000147,hotel_room,ROOM00168,BK000009,2,converted_to_booking,2026-12-17T13:39:00,2026-12-17T14:39:00,payment_failed
LOCK000148,flight_seat,ROOM00166,BK000395,1,released,2027-03-16T02:08:00,2027-03-16T02:23:00,
LOCK000149,activity_slot,FLT00319,BK000756,2,active,2027-01-03T21:39:00,2027-01-03T21:54:00,payment_failed
LOCK000150,transport,CAR00228,BK000066,3,converted_to_booking,2026-12-31T00:43:00,2026-12-31T00:53:00,user_cancelled
LOCK000151,activity_slot,AINV00044,BK000367,2,released,2026-12-02T10:19:00,2026-12-02T10:49:00,user_cancelled
LOCK000152,transport,CAR00074,BK000298,2,released,2027-03-20T02:07:00,2027-03-20T02:37:00,manual_release
LOCK000153,activity_slot,FLT00278,BK000338,2,converted_to_booking,2026-10-15T00:38:00,2026-10-15T00:53:00,
LOCK000154,flight_seat,CAR00205,BK000143,3,expired,2026-10-16T10:19:00,2026-10-16T10:24:00,booking_confirmed
LOCK000155,flight_seat,AINV00292,BK000822,2,released,2027-01-20T18:39:00,2027-01-20T18:44:00,manual_release
LOCK000156,hotel_room,ROOM00384,BK000635,4,active,2026-10-12T09:35:00,2026-10-12T09:50:00,
LOCK000157,flight_seat,CAR00402,BK000103,1,expired,2026-12-21T23:09:00,2026-12-21T23:24:00,manual_release
LOCK000158,activity_slot,FLT00287,BK000080,1,expired,2027-01-05T14:08:00,2027-01-05T14:38:00,timeout
LOCK000159,activity_slot,FLT00028,BK000692,2,released,2027-03-24T09:11:00,2027-03-24T09:26:00,timeout
LOCK000160,hotel_room,CAR00327,BK000961,4,expired,2026-11-06T02:20:00,2026-11-06T02:25:00,manual_release
LOCK000161,hotel_room,FLT00235,BK000344,2,released,2027-03-09T10:56:00,2027-03-09T11:56:00,booking_confirmed
LOCK000162,flight_seat,CAR00113,BK000685,3,converted_to_booking,2026-11-25T15:02:00,2026-11-25T15:07:00,
LOCK000163,hotel_room,AINV00045,BK000829,1,released,2027-02-06T07:36:00,2027-02-06T08:36:00,booking_confirmed
LOCK000164,hotel_room,AINV00102,BK000008,4,active,2027-01-20T02:52:00,2027-01-20T03:22:00,user_cancelled
LOCK000165,activity_slot,AINV00189,BK000145,3,released,2026-11-28T10:29:00,2026-11-28T11:29:00,user_cancelled
LOCK000166,activity_slot,FLT00232,BK000030,4,released,2027-01-26T16:44:00,2027-01-26T16:54:00,user_cancelled
LOCK000167,activity_slot,ROOM00378,BK000597,4,released,2026-10-18T20:41:00,2026-10-18T20:46:00,payment_failed
LOCK000168,transport,AINV00125,BK000282,3,expired,2026-11-24T03:25:00,2026-11-24T04:25:00,timeout
LOCK000169,transport,FLT00344,BK000706,2,expired,2026-11-01T00:12:00,2026-11-01T00:17:00,timeout
LOCK000170,hotel_room,CAR00270,BK000893,3,converted_to_booking,2027-02-16T02:15:00,2027-02-16T02:45:00,booking_confirmed
LOCK000171,activity_slot,AINV00215,BK000440,2,active,2027-01-26T05:13:00,2027-01-26T05:23:00,booking_confirmed
LOCK000172,activity_slot,ROOM00149,BK000327,4,converted_to_booking,2026-10-19T18:07:00,2026-10-19T18:22:00,user_cancelled
LOCK000173,transport,ROOM00226,BK000519,2,released,2027-01-11T07:43:00,2027-01-11T07:48:00,booking_confirmed
LOCK000174,transport,AINV00180,BK000268,3,active,2027-01-26T02:37:00,2027-01-26T02:52:00,manual_release
LOCK000175,transport,ROOM00195,BK000653,2,converted_to_booking,2027-01-28T11:53:00,2027-01-28T12:53:00,manual_release
LOCK000176,transport,AINV00324,BK000677,4,released,2027-01-02T00:05:00,2027-01-02T01:05:00,payment_failed
LOCK000177,hotel_room,FLT00223,BK000401,2,converted_to_booking,2027-01-18T21:30:00,2027-01-18T22:00:00,
LOCK000178,activity_slot,CAR00005,BK000017,2,released,2027-01-12T01:54:00,2027-01-12T02:09:00,
LOCK000179,hotel_room,AINV00242,BK000505,2,expired,2026-10-22T08:35:00,2026-10-22T08:45:00,user_cancelled
LOCK000180,flight_seat,FLT00067,BK000371,4,released,2027-02-28T17:41:00,2027-02-28T17:46:00,user_cancelled
LOCK000181,hotel_room,AINV00333,BK000346,4,expired,2027-03-20T02:32:00,2027-03-20T02:37:00,manual_release
LOCK000182,flight_seat,AINV00132,BK000133,4,converted_to_booking,2026-12-18T06:28:00,2026-12-18T06:38:00,user_cancelled
LOCK000183,flight_seat,FLT00295,BK000198,2,released,2026-11-07T12:26:00,2026-11-07T13:26:00,
LOCK000184,transport,ROOM00427,BK001000,2,converted_to_booking,2026-12-17T23:22:00,2026-12-17T23:32:00,payment_failed
LOCK000185,flight_seat,FLT00342,BK000098,1,released,2027-02-14T04:39:00,2027-02-14T05:09:00,
LOCK000186,transport,ROOM00225,BK000119,3,converted_to_booking,2026-12-09T23:40:00,2026-12-10T00:10:00,payment_failed
LOCK000187,flight_seat,AINV00133,BK000158,1,released,2026-12-14T11:32:00,2026-12-14T12:32:00,manual_release
LOCK000188,flight_seat,CAR00344,BK000814,1,expired,2027-01-12T16:56:00,2027-01-12T17:56:00,
LOCK000189,hotel_room,AINV00198,BK000372,2,released,2027-01-13T23:05:00,2027-01-14T00:05:00,
LOCK000190,transport,AINV00408,BK000481,2,converted_to_booking,2026-11-10T04:44:00,2026-11-10T05:14:00,manual_release
LOCK000191,hotel_room,CAR00158,BK000945,2,released,2026-11-28T05:09:00,2026-11-28T05:24:00,
LOCK000192,activity_slot,FLT00342,BK000663,4,released,2027-02-18T03:59:00,2027-02-18T04:14:00,payment_failed
LOCK000193,flight_seat,CAR00289,BK000881,1,released,2027-02-10T21:21:00,2027-02-10T21:36:00,booking_confirmed
LOCK000194,hotel_room,CAR00147,BK000969,2,converted_to_booking,2026-11-20T22:20:00,2026-11-20T22:35:00,booking_confirmed
LOCK000195,transport,AINV00145,BK000525,3,active,2026-11-17T10:23:00,2026-11-17T10:28:00,
LOCK000196,transport,FLT00261,BK000885,1,active,2027-02-03T13:01:00,2027-02-03T14:01:00,timeout
LOCK000197,flight_seat,AINV00192,BK000854,4,converted_to_booking,2027-02-05T20:13:00,2027-02-05T21:13:00,manual_release
LOCK000198,activity_slot,CAR00059,BK000363,4,converted_to_booking,2027-01-10T16:43:00,2027-01-10T16:58:00,user_cancelled
LOCK000199,flight_seat,ROOM00158,BK000848,1,converted_to_booking,2026-11-05T03:44:00,2026-11-05T04:44:00,booking_confirmed
LOCK000200,activity_slot,FLT00398,BK000420,2,expired,2027-02-11T13:38:00,2027-02-11T13:48:00,
LOCK000201,flight_seat,CAR00359,BK000120,4,released,2027-01-05T02:46:00,2027-01-05T03:46:00,user_cancelled
LOCK000202,activity_slot,CAR00442,BK000241,2,converted_to_booking,2026-11-05T04:02:00,2026-11-05T05:02:00,booking_confirmed
LOCK000203,transport,ROOM00190,BK000770,4,expired,2026-12-26T11:16:00,2026-12-26T12:16:00,user_cancelled
LOCK000204,hotel_room,CAR00499,BK000540,1,active,2027-02-20T14:07:00,2027-02-20T15:07:00,timeout
LOCK000205,activity_slot,CAR00054,BK000656,3,converted_to_booking,2027-03-09T11:30:00,2027-03-09T11:40:00,payment_failed
LOCK000206,activity_slot,ROOM00030,BK000685,1,released,2027-02-03T17:39:00,2027-02-03T17:54:00,manual_release
LOCK000207,flight_seat,AINV00215,BK000127,4,active,2026-12-26T20:18:00,2026-12-26T20:28:00,
LOCK000208,flight_seat,FLT00084,BK000329,3,converted_to_booking,2027-03-01T15:32:00,2027-03-01T15:37:00,user_cancelled
LOCK000209,activity_slot,FLT00476,BK000951,1,active,2027-02-02T07:34:00,2027-02-02T07:39:00,user_cancelled
LOCK000210,flight_seat,CAR00178,BK000169,4,converted_to_booking,2026-11-18T23:23:00,2026-11-18T23:33:00,timeout
LOCK000211,transport,ROOM00389,BK000736,4,converted_to_booking,2027-01-09T21:06:00,2027-01-09T21:36:00,timeout
LOCK000212,activity_slot,FLT00188,BK000124,4,active,2026-11-20T14:51:00,2026-11-20T15:51:00,
LOCK000213,transport,CAR00440,BK000725,2,expired,2027-03-28T08:54:00,2027-03-28T08:59:00,
LOCK000214,activity_slot,ROOM00338,BK000334,2,expired,2026-11-07T01:51:00,2026-11-07T02:06:00,booking_confirmed
LOCK000215,hotel_room,CAR00242,BK000893,2,converted_to_booking,2027-01-15T11:30:00,2027-01-15T12:30:00,
LOCK000216,transport,ROOM00316,BK000978,3,converted_to_booking,2027-03-09T09:32:00,2027-03-09T10:32:00,manual_release
LOCK000217,activity_slot,AINV00488,BK000850,2,expired,2026-12-03T20:06:00,2026-12-03T20:21:00,timeout
LOCK000218,hotel_room,CAR00315,BK000883,3,released,2027-03-28T06:55:00,2027-03-28T07:10:00,
LOCK000219,activity_slot,FLT00038,BK000931,3,expired,2026-11-24T02:42:00,2026-11-24T02:47:00,
LOCK000220,activity_slot,FLT00054,BK000254,2,converted_to_booking,2026-10-03T16:00:00,2026-10-03T16:30:00,manual_release
LOCK000221,flight_seat,CAR00193,BK000886,3,expired,2026-10-07T19:39:00,2026-10-07T20:39:00,payment_failed
LOCK000222,hotel_room,AINV00314,BK000370,1,expired,2027-02-13T04:54:00,2027-02-13T05:54:00,timeout
LOCK000223,transport,ROOM00410,BK000858,4,converted_to_booking,2027-03-18T13:11:00,2027-03-18T13:16:00,user_cancelled
LOCK000224,hotel_room,CAR00428,BK000832,2,released,2026-12-23T15:31:00,2026-12-23T16:01:00,timeout
LOCK000225,flight_seat,CAR00497,BK000123,4,converted_to_booking,2026-12-09T06:50:00,2026-12-09T07:05:00,manual_release
LOCK000226,flight_seat,FLT00145,BK000352,3,converted_to_booking,2026-10-11T22:56:00,2026-10-11T23:56:00,timeout
LOCK000227,hotel_room,CAR00281,BK000346,2,released,2026-10-16T22:24:00,2026-10-16T22:34:00,booking_confirmed
LOCK000228,hotel_room,AINV00152,BK000576,2,expired,2027-01-23T11:55:00,2027-01-23T12:55:00,user_cancelled
LOCK000229,transport,ROOM00020,BK000147,4,expired,2026-10-23T13:40:00,2026-10-23T14:40:00,manual_release
LOCK000230,transport,CAR00122,BK000861,1,converted_to_booking,2027-01-06T03:42:00,2027-01-06T03:57:00,payment_failed
LOCK000231,hotel_room,FLT00392,BK000364,1,expired,2026-11-17T09:13:00,2026-11-17T09:23:00,
LOCK000232,transport,CAR00204,BK000337,3,released,2027-01-28T20:47:00,2027-01-28T21:17:00,user_cancelled
LOCK000233,activity_slot,FLT00227,BK000824,1,active,2027-03-05T15:20:00,2027-03-05T15:35:00,user_cancelled
LOCK000234,transport,ROOM00499,BK000265,3,active,2026-10-09T14:21:00,2026-10-09T14:36:00,payment_failed
LOCK000235,activity_slot,FLT00153,BK000213,3,released,2027-01-13T01:04:00,2027-01-13T01:34:00,user_cancelled
LOCK000236,transport,FLT00446,BK000961,4,active,2026-12-06T11:08:00,2026-12-06T11:13:00,timeout
LOCK000237,flight_seat,FLT00044,BK000542,1,converted_to_booking,2027-01-05T17:40:00,2027-01-05T18:10:00,manual_release
LOCK000238,activity_slot,FLT00335,BK000102,1,converted_to_booking,2026-12-01T19:12:00,2026-12-01T20:12:00,manual_release
LOCK000239,flight_seat,AINV00131,BK000248,2,released,2026-11-08T11:35:00,2026-11-08T11:40:00,booking_confirmed
LOCK000240,flight_seat,AINV00152,BK000093,2,active,2026-10-24T10:48:00,2026-10-24T11:03:00,booking_confirmed
LOCK000241,transport,CAR00065,BK000060,2,expired,2027-03-08T00:04:00,2027-03-08T01:04:00,user_cancelled
LOCK000242,hotel_room,ROOM00488,BK000478,2,released,2026-11-25T07:55:00,2026-11-25T08:10:00,booking_confirmed
LOCK000243,hotel_room,CAR00359,BK000294,3,active,2026-11-05T17:32:00,2026-11-05T18:02:00,user_cancelled
LOCK000244,activity_slot,AINV00173,BK000781,2,released,2026-10-27T08:51:00,2026-10-27T09:21:00,timeout
LOCK000245,transport,AINV00001,BK000462,1,expired,2026-11-25T15:36:00,2026-11-25T16:36:00,timeout
LOCK000246,flight_seat,FLT00474,BK000296,2,expired,2027-02-17T07:51:00,2027-02-17T08:01:00,user_cancelled
LOCK000247,activity_slot,CAR00249,BK000695,2,converted_to_booking,2027-01-24T07:55:00,2027-01-24T08:00:00,user_cancelled
LOCK000248,hotel_room,FLT00089,BK000545,4,active,2027-02-01T09:06:00,2027-02-01T09:16:00,booking_confirmed
LOCK000249,transport,AINV00479,BK000165,1,released,2026-10-27T19:44:00,2026-10-27T20:44:00,manual_release
LOCK000250,activity_slot,AINV00204,BK000718,3,converted_to_booking,2026-12-17T15:48:00,2026-12-17T15:58:00,payment_failed
LOCK000251,transport,ROOM00330,BK000746,4,expired,2027-03-15T15:26:00,2027-03-15T16:26:00,user_cancelled
LOCK000252,activity_slot,FLT00131,BK000724,4,expired,2026-11-02T03:51:00,2026-11-02T03:56:00,payment_failed
LOCK000253,transport,FLT00386,BK000249,2,converted_to_booking,2027-02-14T01:21:00,2027-02-14T01:36:00,payment_failed
LOCK000254,flight_seat,AINV00147,BK000381,1,released,2026-11-26T01:44:00,2026-11-26T01:59:00,booking_confirmed
LOCK000255,transport,AINV00221,BK000200,3,released,2026-11-05T15:51:00,2026-11-05T16:21:00,user_cancelled
LOCK000256,flight_seat,FLT00034,BK000552,4,active,2026-12-06T09:50:00,2026-12-06T10:20:00,booking_confirmed
LOCK000257,hotel_room,ROOM00192,BK000898,4,converted_to_booking,2026-11-20T06:42:00,2026-11-20T06:52:00,
LOCK000258,transport,CAR00213,BK000595,3,active,2026-10-31T10:45:00,2026-10-31T11:15:00,user_cancelled
LOCK000259,hotel_room,AINV00407,BK000051,1,converted_to_booking,2027-02-01T02:56:00,2027-02-01T03:11:00,
LOCK000260,transport,CAR00158,BK000382,3,converted_to_booking,2026-11-13T04:42:00,2026-11-13T04:52:00,manual_release
LOCK000261,flight_seat,FLT00004,BK000330,1,released,2027-02-08T21:28:00,2027-02-08T21:33:00,booking_confirmed
LOCK000262,hotel_room,AINV00157,BK000952,3,active,2026-11-21T00:09:00,2026-11-21T00:39:00,
LOCK000263,hotel_room,FLT00193,BK000306,1,converted_to_booking,2027-01-28T16:54:00,2027-01-28T16:59:00,timeout
LOCK000264,hotel_room,CAR00051,BK000198,3,active,2026-11-18T18:04:00,2026-11-18T18:34:00,payment_failed
LOCK000265,hotel_room,ROOM00024,BK000749,3,expired,2027-03-09T03:35:00,2027-03-09T03:45:00,payment_failed
LOCK000266,activity_slot,ROOM00488,BK000567,2,released,2026-10-12T11:05:00,2026-10-12T11:10:00,timeout
LOCK000267,activity_slot,CAR00062,BK000995,1,converted_to_booking,2027-02-03T09:23:00,2027-02-03T09:38:00,payment_failed
LOCK000268,hotel_room,AINV00468,BK000250,2,expired,2026-12-02T01:04:00,2026-12-02T01:09:00,timeout
LOCK000269,flight_seat,FLT00433,BK000898,3,converted_to_booking,2027-01-07T15:36:00,2027-01-07T15:46:00,
LOCK000270,transport,CAR00157,BK000102,2,released,2027-02-18T18:13:00,2027-02-18T18:28:00,booking_confirmed
LOCK000271,flight_seat,ROOM00469,BK000967,1,active,2026-11-17T02:20:00,2026-11-17T02:30:00,booking_confirmed
LOCK000272,flight_seat,ROOM00249,BK000241,1,released,2027-03-12T10:17:00,2027-03-12T10:22:00,
LOCK000273,flight_seat,FLT00168,BK000267,1,expired,2026-10-18T02:32:00,2026-10-18T03:02:00,timeout
LOCK000274,transport,FLT00275,BK000703,1,converted_to_booking,2027-03-26T10:15:00,2027-03-26T10:25:00,timeout
LOCK000275,transport,FLT00327,BK000515,4,released,2027-01-17T05:56:00,2027-01-17T06:56:00,
LOCK000276,flight_seat,AINV00377,BK000484,1,active,2027-03-09T12:45:00,2027-03-09T13:45:00,payment_failed
LOCK000277,activity_slot,ROOM00071,BK000766,3,expired,2026-10-26T14:23:00,2026-10-26T14:53:00,user_cancelled
LOCK000278,hotel_room,AINV00349,BK000970,3,expired,2026-10-24T09:14:00,2026-10-24T09:29:00,timeout
LOCK000279,hotel_room,FLT00008,BK000571,1,released,2027-01-16T10:00:00,2027-01-16T10:05:00,booking_confirmed
LOCK000280,flight_seat,CAR00240,BK000169,4,converted_to_booking,2026-10-06T02:12:00,2026-10-06T02:22:00,payment_failed
LOCK000281,flight_seat,AINV00410,BK000289,3,expired,2027-03-21T21:15:00,2027-03-21T22:15:00,payment_failed
LOCK000282,transport,CAR00027,BK000837,3,released,2026-12-05T05:24:00,2026-12-05T05:29:00,
LOCK000283,transport,FLT00448,BK000105,2,active,2027-02-20T02:04:00,2027-02-20T02:19:00,payment_failed
LOCK000284,activity_slot,ROOM00169,BK000233,1,expired,2026-11-14T15:42:00,2026-11-14T15:47:00,
LOCK000285,hotel_room,FLT00088,BK000495,2,converted_to_booking,2026-11-13T15:58:00,2026-11-13T16:28:00,manual_release
LOCK000286,activity_slot,CAR00302,BK000243,2,released,2027-02-25T18:17:00,2027-02-25T18:47:00,
LOCK000287,hotel_room,CAR00088,BK000101,4,expired,2026-11-02T20:06:00,2026-11-02T20:11:00,timeout
LOCK000288,hotel_room,CAR00076,BK000512,4,expired,2027-02-02T16:40:00,2027-02-02T16:55:00,user_cancelled
LOCK000289,hotel_room,ROOM00482,BK000535,2,converted_to_booking,2026-11-24T20:43:00,2026-11-24T21:13:00,user_cancelled
LOCK000290,activity_slot,CAR00139,BK000903,3,converted_to_booking,2027-02-14T06:21:00,2027-02-14T06:31:00,manual_release
LOCK000291,transport,FLT00157,BK000565,3,released,2027-03-16T08:28:00,2027-03-16T08:43:00,payment_failed
LOCK000292,activity_slot,AINV00445,BK000901,2,active,2027-03-03T02:02:00,2027-03-03T02:07:00,booking_confirmed
LOCK000293,transport,CAR00165,BK000049,1,released,2026-12-15T11:09:00,2026-12-15T11:14:00,
LOCK000294,flight_seat,FLT00442,BK000738,4,converted_to_booking,2026-10-12T16:58:00,2026-10-12T17:03:00,manual_release
LOCK000295,flight_seat,CAR00275,BK000531,2,active,2026-10-07T02:15:00,2026-10-07T03:15:00,timeout
LOCK000296,hotel_room,AINV00215,BK000061,2,released,2026-10-16T22:59:00,2026-10-16T23:59:00,
LOCK000297,activity_slot,AINV00373,BK000572,3,released,2026-11-07T13:20:00,2026-11-07T13:50:00,booking_confirmed
LOCK000298,activity_slot,FLT00289,BK000327,2,converted_to_booking,2027-03-28T06:58:00,2027-03-28T07:28:00,payment_failed
LOCK000299,hotel_room,AINV00116,BK000140,2,converted_to_booking,2027-03-25T02:14:00,2027-03-25T02:19:00,user_cancelled
LOCK000300,transport,ROOM00273,BK000033,3,expired,2026-11-11T02:01:00,2026-11-11T02:31:00,timeout
LOCK000301,flight_seat,FLT00158,BK000963,3,active,2026-11-28T10:42:00,2026-11-28T10:52:00,timeout
LOCK000302,transport,CAR00326,BK000476,3,expired,2027-01-14T11:55:00,2027-01-14T12:55:00,user_cancelled
LOCK000303,flight_seat,ROOM00300,BK000518,2,active,2026-11-04T16:56:00,2026-11-04T17:11:00,manual_release
LOCK000304,activity_slot,FLT00301,BK000513,2,expired,2026-11-11T06:20:00,2026-11-11T07:20:00,user_cancelled
LOCK000305,transport,FLT00177,BK000259,1,released,2026-10-04T09:26:00,2026-10-04T09:41:00,
LOCK000306,activity_slot,CAR00266,BK000874,3,expired,2027-02-20T12:12:00,2027-02-20T12:22:00,payment_failed
LOCK000307,hotel_room,FLT00368,BK000244,4,released,2027-02-01T09:24:00,2027-02-01T10:24:00,
LOCK000308,transport,AINV00183,BK000452,4,active,2026-12-29T04:08:00,2026-12-29T05:08:00,user_cancelled
LOCK000309,flight_seat,ROOM00006,BK000742,1,converted_to_booking,2027-02-05T08:50:00,2027-02-05T09:05:00,payment_failed
LOCK000310,flight_seat,AINV00211,BK000443,4,released,2027-02-19T18:37:00,2027-02-19T18:47:00,user_cancelled
LOCK000311,flight_seat,ROOM00090,BK000993,1,converted_to_booking,2026-12-23T17:28:00,2026-12-23T17:38:00,timeout
LOCK000312,hotel_room,CAR00033,BK000127,3,active,2026-12-13T15:22:00,2026-12-13T15:52:00,booking_confirmed
LOCK000313,transport,CAR00422,BK000126,3,released,2027-02-18T16:42:00,2027-02-18T17:42:00,timeout
LOCK000314,transport,ROOM00026,BK000995,2,active,2027-01-14T08:05:00,2027-01-14T08:20:00,manual_release
LOCK000315,hotel_room,CAR00101,BK000374,3,active,2027-01-29T04:45:00,2027-01-29T05:15:00,
LOCK000316,transport,CAR00290,BK000358,3,active,2026-12-24T14:08:00,2026-12-24T14:23:00,timeout
LOCK000317,activity_slot,AINV00370,BK000762,1,converted_to_booking,2026-12-11T14:46:00,2026-12-11T15:01:00,user_cancelled
LOCK000318,transport,CAR00460,BK000931,1,expired,2027-03-03T18:21:00,2027-03-03T18:51:00,
LOCK000319,transport,CAR00402,BK000178,2,released,2026-11-14T07:23:00,2026-11-14T07:38:00,
LOCK000320,hotel_room,AINV00288,BK000831,3,released,2027-02-24T15:53:00,2027-02-24T16:23:00,
LOCK000321,transport,CAR00104,BK000585,4,active,2026-10-09T08:06:00,2026-10-09T09:06:00,timeout
LOCK000322,transport,FLT00237,BK000176,1,expired,2027-02-28T06:25:00,2027-02-28T06:40:00,booking_confirmed
LOCK000323,transport,AINV00029,BK000511,2,expired,2026-12-23T08:55:00,2026-12-23T09:25:00,booking_confirmed
LOCK000324,transport,FLT00417,BK000819,2,converted_to_booking,2027-03-16T00:00:00,2027-03-16T00:05:00,payment_failed
LOCK000325,hotel_room,AINV00107,BK000360,3,released,2026-11-14T03:45:00,2026-11-14T03:55:00,payment_failed
LOCK000326,hotel_room,FLT00027,BK000209,2,converted_to_booking,2027-02-06T04:35:00,2027-02-06T05:35:00,
LOCK000327,hotel_room,ROOM00177,BK000995,3,expired,2027-01-14T00:48:00,2027-01-14T00:58:00,timeout
LOCK000328,transport,CAR00402,BK000349,3,expired,2026-12-01T14:08:00,2026-12-01T14:13:00,timeout
LOCK000329,hotel_room,FLT00325,BK000577,3,active,2027-01-06T13:18:00,2027-01-06T13:48:00,manual_release
LOCK000330,activity_slot,AINV00372,BK000065,2,active,2026-11-18T06:10:00,2026-11-18T06:15:00,user_cancelled
LOCK000331,transport,FLT00382,BK000069,3,expired,2026-12-10T02:49:00,2026-12-10T03:49:00,user_cancelled
LOCK000332,activity_slot,FLT00041,BK000192,2,active,2026-10-04T23:48:00,2026-10-04T23:58:00,manual_release
LOCK000333,activity_slot,FLT00276,BK000362,4,converted_to_booking,2026-10-06T21:35:00,2026-10-06T22:05:00,manual_release
LOCK000334,hotel_room,FLT00257,BK000798,3,expired,2026-11-18T20:51:00,2026-11-18T21:21:00,manual_release
LOCK000335,activity_slot,AINV00193,BK000082,1,expired,2026-12-25T11:44:00,2026-12-25T12:14:00,
LOCK000336,transport,CAR00027,BK000153,4,expired,2026-11-16T00:01:00,2026-11-16T00:11:00,payment_failed
LOCK000337,hotel_room,ROOM00082,BK000451,1,expired,2026-12-27T04:33:00,2026-12-27T04:38:00,timeout
LOCK000338,hotel_room,ROOM00264,BK000718,2,active,2027-03-24T20:38:00,2027-03-24T20:43:00,payment_failed
LOCK000339,hotel_room,FLT00213,BK000935,4,released,2026-12-09T12:29:00,2026-12-09T12:39:00,manual_release
LOCK000340,transport,CAR00174,BK000293,4,converted_to_booking,2027-02-10T23:42:00,2027-02-10T23:57:00,timeout
LOCK000341,activity_slot,FLT00027,BK000087,2,converted_to_booking,2027-01-05T00:01:00,2027-01-05T00:11:00,timeout
LOCK000342,activity_slot,CAR00470,BK000678,1,expired,2027-01-24T04:59:00,2027-01-24T05:04:00,booking_confirmed
LOCK000343,activity_slot,AINV00266,BK000534,2,converted_to_booking,2027-01-24T03:08:00,2027-01-24T03:38:00,user_cancelled
LOCK000344,hotel_room,FLT00160,BK000500,3,expired,2027-03-29T21:57:00,2027-03-29T22:07:00,user_cancelled
LOCK000345,hotel_room,FLT00089,BK000870,2,active,2027-01-27T10:13:00,2027-01-27T10:23:00,booking_confirmed
LOCK000346,hotel_room,ROOM00010,BK000530,3,active,2026-10-02T11:30:00,2026-10-02T12:00:00,booking_confirmed
LOCK000347,transport,AINV00307,BK000104,2,expired,2026-12-11T18:39:00,2026-12-11T18:49:00,
LOCK000348,activity_slot,FLT00308,BK000366,1,active,2027-01-23T11:01:00,2027-01-23T11:06:00,booking_confirmed
LOCK000349,hotel_room,AINV00143,BK000364,2,released,2027-02-19T16:29:00,2027-02-19T16:34:00,payment_failed
LOCK000350,activity_slot,FLT00444,BK000734,4,released,2027-03-21T06:26:00,2027-03-21T06:36:00,manual_release
LOCK000351,activity_slot,AINV00221,BK000572,1,expired,2026-10-20T21:11:00,2026-10-20T21:16:00,manual_release
LOCK000352,hotel_room,FLT00412,BK000525,3,converted_to_booking,2027-01-22T04:51:00,2027-01-22T05:06:00,booking_confirmed
LOCK000353,hotel_room,FLT00224,BK000290,2,converted_to_booking,2027-03-16T21:57:00,2027-03-16T22:12:00,payment_failed
LOCK000354,flight_seat,FLT00169,BK000960,3,active,2026-10-19T20:52:00,2026-10-19T21:52:00,booking_confirmed
LOCK000355,hotel_room,ROOM00077,BK000716,1,released,2027-02-18T02:54:00,2027-02-18T03:54:00,
LOCK000356,transport,ROOM00040,BK000937,3,active,2026-10-13T23:56:00,2026-10-14T00:06:00,manual_release
LOCK000357,activity_slot,FLT00454,BK000569,1,expired,2026-11-25T02:58:00,2026-11-25T03:03:00,user_cancelled
LOCK000358,flight_seat,CAR00198,BK000132,2,expired,2027-03-21T17:51:00,2027-03-21T18:51:00,user_cancelled
LOCK000359,transport,FLT00371,BK000466,4,expired,2026-12-25T19:26:00,2026-12-25T19:31:00,booking_confirmed
LOCK000360,flight_seat,FLT00081,BK000857,3,converted_to_booking,2027-01-23T10:01:00,2027-01-23T11:01:00,booking_confirmed
LOCK000361,hotel_room,ROOM00100,BK000014,1,released,2026-12-21T07:09:00,2026-12-21T07:14:00,booking_confirmed
LOCK000362,activity_slot,ROOM00101,BK000408,1,converted_to_booking,2027-01-23T23:08:00,2027-01-23T23:23:00,user_cancelled
LOCK000363,activity_slot,ROOM00395,BK000853,3,active,2027-03-21T05:57:00,2027-03-21T06:07:00,user_cancelled
LOCK000364,transport,CAR00227,BK000027,2,released,2027-01-15T06:34:00,2027-01-15T07:34:00,
LOCK000365,activity_slot,CAR00270,BK000134,1,converted_to_booking,2026-11-03T21:41:00,2026-11-03T21:56:00,payment_failed
LOCK000366,flight_seat,CAR00413,BK000660,2,converted_to_booking,2026-11-22T05:53:00,2026-11-22T06:23:00,timeout
LOCK000367,transport,CAR00063,BK000919,4,converted_to_booking,2026-10-18T00:36:00,2026-10-18T00:46:00,user_cancelled
LOCK000368,activity_slot,ROOM00347,BK000024,2,active,2026-12-18T09:34:00,2026-12-18T10:34:00,manual_release
LOCK000369,hotel_room,CAR00423,BK000419,2,converted_to_booking,2026-11-29T11:51:00,2026-11-29T12:06:00,manual_release
LOCK000370,flight_seat,FLT00403,BK000521,2,expired,2026-10-08T23:30:00,2026-10-08T23:40:00,user_cancelled
LOCK000371,flight_seat,AINV00002,BK000343,2,expired,2026-10-18T03:38:00,2026-10-18T03:53:00,timeout
LOCK000372,hotel_room,AINV00151,BK000539,1,released,2026-11-05T05:37:00,2026-11-05T05:47:00,timeout
LOCK000373,activity_slot,ROOM00429,BK000467,4,released,2026-11-12T06:15:00,2026-11-12T06:25:00,
LOCK000374,flight_seat,FLT00055,BK000934,4,expired,2026-11-09T12:05:00,2026-11-09T12:20:00,booking_confirmed
LOCK000375,flight_seat,FLT00279,BK000509,4,expired,2026-10-05T18:24:00,2026-10-05T18:34:00,user_cancelled
LOCK000376,hotel_room,ROOM00321,BK000031,1,converted_to_booking,2027-01-30T22:54:00,2027-01-30T23:24:00,user_cancelled
LOCK000377,hotel_room,AINV00158,BK000287,4,released,2027-01-15T03:05:00,2027-01-15T03:15:00,
LOCK000378,hotel_room,CAR00432,BK000284,4,released,2027-02-10T17:55:00,2027-02-10T18:55:00,booking_confirmed
LOCK000379,transport,ROOM00001,BK000946,3,converted_to_booking,2027-01-04T06:49:00,2027-01-04T06:54:00,timeout
LOCK000380,transport,CAR00261,BK000713,2,expired,2027-01-31T12:00:00,2027-01-31T12:05:00,payment_failed
LOCK000381,flight_seat,AINV00427,BK000551,2,released,2026-11-09T10:51:00,2026-11-09T11:51:00,user_cancelled
LOCK000382,hotel_room,FLT00198,BK000437,3,converted_to_booking,2026-10-25T06:53:00,2026-10-25T07:23:00,manual_release
LOCK000383,flight_seat,AINV00249,BK000893,1,released,2027-03-25T05:49:00,2027-03-25T06:04:00,user_cancelled
LOCK000384,hotel_room,ROOM00477,BK000565,3,expired,2026-12-02T10:26:00,2026-12-02T11:26:00,timeout
LOCK000385,activity_slot,CAR00430,BK000264,2,expired,2027-02-12T17:27:00,2027-02-12T17:57:00,payment_failed
LOCK000386,activity_slot,AINV00338,BK000741,3,converted_to_booking,2027-02-04T07:41:00,2027-02-04T07:51:00,payment_failed
LOCK000387,flight_seat,CAR00483,BK000911,4,expired,2026-11-06T19:18:00,2026-11-06T19:33:00,timeout
LOCK000388,activity_slot,FLT00454,BK000092,1,converted_to_booking,2026-12-09T07:10:00,2026-12-09T08:10:00,manual_release
LOCK000389,activity_slot,ROOM00029,BK000688,4,released,2027-01-26T15:10:00,2027-01-26T15:25:00,payment_failed
LOCK000390,hotel_room,CAR00119,BK000705,2,converted_to_booking,2026-11-24T19:21:00,2026-11-24T19:31:00,user_cancelled
LOCK000391,transport,ROOM00323,BK000114,3,active,2026-11-20T21:47:00,2026-11-20T22:47:00,timeout
LOCK000392,activity_slot,FLT00280,BK000227,3,active,2026-11-08T19:47:00,2026-11-08T20:17:00,booking_confirmed
LOCK000393,activity_slot,ROOM00445,BK000592,2,expired,2026-12-18T03:19:00,2026-12-18T03:29:00,user_cancelled
LOCK000394,flight_seat,ROOM00362,BK000362,1,active,2027-01-25T09:19:00,2027-01-25T10:19:00,
LOCK000395,transport,AINV00353,BK000390,1,active,2026-10-11T16:40:00,2026-10-11T16:55:00,timeout
LOCK000396,transport,AINV00061,BK000233,1,converted_to_booking,2027-02-23T09:58:00,2027-02-23T10:58:00,user_cancelled
LOCK000397,transport,CAR00211,BK000608,4,converted_to_booking,2026-11-19T05:44:00,2026-11-19T06:44:00,payment_failed
LOCK000398,flight_seat,CAR00053,BK000006,2,active,2027-03-30T02:40:00,2027-03-30T03:40:00,timeout
LOCK000399,flight_seat,FLT00265,BK000794,3,active,2026-12-13T05:41:00,2026-12-13T06:41:00,
LOCK000400,activity_slot,FLT00054,BK000051,1,released,2027-01-05T23:33:00,2027-01-05T23:43:00,payment_failed
LOCK000401,flight_seat,AINV00177,BK000447,4,expired,2026-10-21T22:36:00,2026-10-21T23:36:00,manual_release
LOCK000402,flight_seat,ROOM00078,BK000995,1,converted_to_booking,2027-01-14T20:34:00,2027-01-14T20:49:00,
LOCK000403,hotel_room,CAR00177,BK000898,4,released,2027-02-28T01:40:00,2027-02-28T02:10:00,user_cancelled
LOCK000404,transport,FLT00196,BK000038,1,expired,2027-01-21T18:44:00,2027-01-21T19:14:00,user_cancelled
LOCK000405,transport,CAR00153,BK000323,1,active,2026-12-03T06:29:00,2026-12-03T06:39:00,booking_confirmed
LOCK000406,transport,FLT00242,BK000514,4,converted_to_booking,2027-03-18T18:32:00,2027-03-18T18:47:00,booking_confirmed
LOCK000407,flight_seat,ROOM00240,BK000392,4,expired,2026-10-12T05:13:00,2026-10-12T06:13:00,timeout
LOCK000408,activity_slot,CAR00040,BK000597,4,expired,2026-11-18T20:22:00,2026-11-18T20:37:00,user_cancelled
LOCK000409,transport,FLT00430,BK000668,4,active,2027-02-26T05:13:00,2027-02-26T05:23:00,payment_failed
LOCK000410,hotel_room,AINV00239,BK000400,2,converted_to_booking,2026-12-24T19:59:00,2026-12-24T20:14:00,manual_release
LOCK000411,activity_slot,AINV00033,BK000310,1,released,2026-10-11T09:34:00,2026-10-11T10:34:00,manual_release
LOCK000412,hotel_room,FLT00473,BK000881,4,active,2026-10-29T20:26:00,2026-10-29T20:56:00,payment_failed
LOCK000413,flight_seat,CAR00425,BK000289,1,expired,2026-11-29T02:31:00,2026-11-29T03:31:00,booking_confirmed
LOCK000414,transport,ROOM00414,BK000052,2,expired,2027-03-15T15:53:00,2027-03-15T16:23:00,timeout
LOCK000415,activity_slot,AINV00075,BK000375,4,released,2027-03-26T04:03:00,2027-03-26T04:08:00,payment_failed
LOCK000416,transport,FLT00496,BK000633,4,expired,2027-01-31T19:24:00,2027-01-31T19:29:00,user_cancelled
LOCK000417,flight_seat,ROOM00492,BK000538,3,expired,2026-12-24T17:54:00,2026-12-24T17:59:00,manual_release
LOCK000418,flight_seat,ROOM00057,BK000845,3,active,2026-10-05T01:17:00,2026-10-05T01:27:00,
LOCK000419,flight_seat,CAR00437,BK000776,1,expired,2026-11-17T10:22:00,2026-11-17T11:22:00,booking_confirmed
LOCK000420,hotel_room,CAR00338,BK000602,2,converted_to_booking,2026-11-08T06:53:00,2026-11-08T06:58:00,booking_confirmed
LOCK000421,flight_seat,ROOM00315,BK000153,2,expired,2026-10-23T05:12:00,2026-10-23T05:42:00,manual_release
LOCK000422,transport,FLT00440,BK000380,1,released,2026-11-13T14:12:00,2026-11-13T14:22:00,booking_confirmed
LOCK000423,hotel_room,CAR00295,BK000520,3,released,2027-03-29T00:06:00,2027-03-29T00:21:00,user_cancelled
LOCK000424,flight_seat,FLT00203,BK000903,2,active,2026-12-19T16:42:00,2026-12-19T16:52:00,manual_release
LOCK000425,hotel_room,FLT00324,BK000854,2,expired,2026-10-21T00:40:00,2026-10-21T00:50:00,
LOCK000426,transport,FLT00496,BK000979,3,active,2026-11-13T03:07:00,2026-11-13T04:07:00,
LOCK000427,transport,ROOM00344,BK000043,4,expired,2027-02-28T07:43:00,2027-02-28T07:53:00,booking_confirmed
LOCK000428,activity_slot,ROOM00208,BK000255,3,released,2027-02-03T11:46:00,2027-02-03T12:16:00,booking_confirmed
LOCK000429,transport,FLT00243,BK000834,3,active,2026-12-15T04:16:00,2026-12-15T04:26:00,booking_confirmed
LOCK000430,flight_seat,FLT00350,BK000157,1,released,2026-10-12T12:01:00,2026-10-12T12:06:00,timeout
LOCK000431,activity_slot,AINV00400,BK000093,4,released,2026-10-26T23:55:00,2026-10-27T00:25:00,
LOCK000432,activity_slot,FLT00158,BK000726,1,converted_to_booking,2027-03-20T08:22:00,2027-03-20T09:22:00,manual_release
LOCK000433,transport,AINV00489,BK000959,2,released,2026-10-17T16:45:00,2026-10-17T17:45:00,payment_failed
LOCK000434,hotel_room,CAR00462,BK000814,1,expired,2027-01-05T15:28:00,2027-01-05T15:38:00,payment_failed
LOCK000435,flight_seat,CAR00317,BK000257,1,converted_to_booking,2027-03-10T22:15:00,2027-03-10T22:20:00,timeout
LOCK000436,transport,AINV00216,BK000065,3,converted_to_booking,2026-12-24T06:53:00,2026-12-24T07:53:00,timeout
LOCK000437,transport,FLT00384,BK000069,4,released,2027-01-31T01:35:00,2027-01-31T01:40:00,payment_failed
LOCK000438,hotel_room,ROOM00320,BK000118,3,released,2026-12-06T00:40:00,2026-12-06T00:45:00,timeout
LOCK000439,activity_slot,FLT00426,BK000880,3,released,2026-12-11T20:04:00,2026-12-11T20:34:00,manual_release
LOCK000440,flight_seat,CAR00260,BK000763,2,active,2026-11-05T07:02:00,2026-11-05T07:07:00,user_cancelled
LOCK000441,flight_seat,CAR00402,BK000460,3,active,2027-02-18T21:13:00,2027-02-18T21:18:00,manual_release
LOCK000442,hotel_room,AINV00348,BK000473,3,expired,2026-11-19T04:00:00,2026-11-19T04:30:00,user_cancelled
LOCK000443,activity_slot,FLT00462,BK000262,3,released,2027-01-02T05:35:00,2027-01-02T06:05:00,payment_failed
LOCK000444,flight_seat,AINV00391,BK000557,4,expired,2027-02-11T05:29:00,2027-02-11T05:39:00,booking_confirmed
LOCK000445,hotel_room,AINV00190,BK000829,1,expired,2027-02-26T22:36:00,2027-02-26T22:51:00,timeout
LOCK000446,transport,AINV00363,BK000382,2,active,2027-02-20T11:46:00,2027-02-20T12:46:00,timeout
LOCK000447,transport,CAR00352,BK000423,2,expired,2026-10-10T07:37:00,2026-10-10T08:07:00,booking_confirmed
LOCK000448,activity_slot,AINV00221,BK000803,3,active,2026-10-14T22:12:00,2026-10-14T22:42:00,booking_confirmed
LOCK000449,transport,ROOM00005,BK000485,3,released,2027-02-03T20:56:00,2027-02-03T21:26:00,
LOCK000450,transport,AINV00041,BK000251,1,converted_to_booking,2026-10-02T05:02:00,2026-10-02T06:02:00,user_cancelled
LOCK000451,activity_slot,FLT00245,BK000645,3,expired,2026-11-16T04:57:00,2026-11-16T05:07:00,manual_release
LOCK000452,transport,ROOM00457,BK000631,4,active,2027-03-07T23:02:00,2027-03-07T23:32:00,payment_failed
LOCK000453,transport,CAR00448,BK000725,2,converted_to_booking,2027-03-10T21:05:00,2027-03-10T21:20:00,booking_confirmed
LOCK000454,flight_seat,AINV00295,BK000982,4,expired,2026-10-25T15:43:00,2026-10-25T15:58:00,booking_confirmed
LOCK000455,transport,AINV00088,BK000508,2,expired,2027-02-12T15:24:00,2027-02-12T16:24:00,user_cancelled
LOCK000456,flight_seat,CAR00003,BK000217,4,expired,2027-03-10T11:14:00,2027-03-10T11:19:00,payment_failed
LOCK000457,activity_slot,ROOM00345,BK000429,3,released,2026-11-20T07:03:00,2026-11-20T07:33:00,user_cancelled
LOCK000458,activity_slot,CAR00381,BK000776,2,converted_to_booking,2026-10-14T04:57:00,2026-10-14T05:27:00,payment_failed
LOCK000459,activity_slot,ROOM00195,BK000601,3,released,2026-12-08T23:07:00,2026-12-08T23:22:00,payment_failed
LOCK000460,hotel_room,FLT00086,BK000445,4,released,2026-12-02T10:19:00,2026-12-02T10:49:00,manual_release
LOCK000461,flight_seat,FLT00424,BK000872,1,active,2026-11-26T01:43:00,2026-11-26T01:48:00,payment_failed
LOCK000462,hotel_room,ROOM00470,BK000455,3,released,2026-10-22T16:12:00,2026-10-22T17:12:00,manual_release
LOCK000463,flight_seat,AINV00353,BK000595,4,converted_to_booking,2027-01-26T10:12:00,2027-01-26T10:17:00,booking_confirmed
LOCK000464,flight_seat,AINV00281,BK000152,3,converted_to_booking,2026-10-14T21:17:00,2026-10-14T21:27:00,payment_failed
LOCK000465,hotel_room,ROOM00413,BK000306,4,expired,2026-10-04T04:11:00,2026-10-04T04:16:00,booking_confirmed
LOCK000466,flight_seat,FLT00050,BK000864,2,converted_to_booking,2027-01-09T11:12:00,2027-01-09T12:12:00,timeout
LOCK000467,transport,FLT00008,BK000719,3,active,2026-10-11T15:48:00,2026-10-11T16:18:00,manual_release
LOCK000468,activity_slot,AINV00248,BK000307,1,expired,2027-03-04T09:52:00,2027-03-04T10:02:00,timeout
LOCK000469,hotel_room,CAR00280,BK000344,2,released,2027-02-04T15:43:00,2027-02-04T15:48:00,booking_confirmed
LOCK000470,activity_slot,AINV00079,BK000546,1,expired,2027-01-24T05:13:00,2027-01-24T05:18:00,
LOCK000471,activity_slot,ROOM00302,BK000656,2,active,2026-10-23T21:34:00,2026-10-23T22:34:00,user_cancelled
LOCK000472,transport,ROOM00473,BK000702,1,converted_to_booking,2027-03-29T19:26:00,2027-03-29T20:26:00,payment_failed
LOCK000473,activity_slot,AINV00149,BK000304,1,converted_to_booking,2027-01-06T08:28:00,2027-01-06T08:58:00,timeout
LOCK000474,hotel_room,ROOM00107,BK000933,1,converted_to_booking,2027-01-08T00:25:00,2027-01-08T00:55:00,payment_failed
LOCK000475,flight_seat,ROOM00324,BK000594,4,active,2026-11-02T05:17:00,2026-11-02T05:32:00,user_cancelled
LOCK000476,activity_slot,ROOM00226,BK000572,1,expired,2027-03-24T00:14:00,2027-03-24T00:44:00,timeout
LOCK000477,activity_slot,CAR00025,BK000717,3,active,2026-12-24T15:00:00,2026-12-24T15:30:00,user_cancelled
LOCK000478,flight_seat,AINV00149,BK000797,4,released,2026-10-26T18:55:00,2026-10-26T19:55:00,manual_release
LOCK000479,activity_slot,FLT00259,BK000298,4,released,2027-01-23T07:14:00,2027-01-23T07:24:00,user_cancelled
LOCK000480,hotel_room,AINV00051,BK000297,2,converted_to_booking,2026-11-14T03:27:00,2026-11-14T03:57:00,user_cancelled
LOCK000481,flight_seat,CAR00242,BK000954,2,expired,2027-02-12T17:17:00,2027-02-12T17:32:00,user_cancelled
LOCK000482,flight_seat,FLT00484,BK000445,1,expired,2026-12-24T19:27:00,2026-12-24T19:57:00,manual_release
LOCK000483,activity_slot,AINV00090,BK000180,1,expired,2026-10-22T20:09:00,2026-10-22T20:14:00,manual_release
LOCK000484,transport,FLT00091,BK000701,3,expired,2027-01-09T08:41:00,2027-01-09T09:11:00,
LOCK000485,hotel_room,FLT00155,BK000275,1,active,2026-12-25T14:46:00,2026-12-25T14:56:00,
LOCK000486,activity_slot,CAR00466,BK000348,3,released,2027-02-24T13:56:00,2027-02-24T14:01:00,payment_failed
LOCK000487,flight_seat,ROOM00175,BK000253,1,released,2026-11-01T12:25:00,2026-11-01T12:40:00,
LOCK000488,activity_slot,FLT00261,BK000518,1,converted_to_booking,2026-10-22T23:48:00,2026-10-22T23:53:00,
LOCK000489,flight_seat,FLT00053,BK000370,4,converted_to_booking,2027-03-21T14:22:00,2027-03-21T15:22:00,manual_release
LOCK000490,activity_slot,AINV00083,BK000534,2,released,2026-10-06T00:32:00,2026-10-06T00:42:00,user_cancelled
LOCK000491,flight_seat,CAR00391,BK000484,2,released,2026-12-31T13:27:00,2026-12-31T13:57:00,timeout
LOCK000492,flight_seat,CAR00129,BK000998,2,expired,2026-12-23T06:37:00,2026-12-23T06:42:00,user_cancelled
LOCK000493,transport,CAR00151,BK000421,1,expired,2026-12-17T19:02:00,2026-12-17T19:32:00,payment_failed
LOCK000494,hotel_room,FLT00500,BK000427,2,active,2026-10-10T10:22:00,2026-10-10T11:22:00,payment_failed
LOCK000495,activity_slot,AINV00426,BK000925,1,released,2027-02-17T18:14:00,2027-02-17T18:29:00,timeout
LOCK000496,flight_seat,FLT00030,BK000231,2,active,2026-12-29T09:39:00,2026-12-29T09:44:00,payment_failed
LOCK000497,transport,ROOM00225,BK000539,2,released,2026-12-01T05:15:00,2026-12-01T05:20:00,
LOCK000498,hotel_room,ROOM00231,BK000257,4,active,2026-12-07T01:57:00,2026-12-07T02:02:00,booking_confirmed
LOCK000499,hotel_room,ROOM00095,BK000274,2,converted_to_booking,2027-01-28T20:45:00,2027-01-28T21:15:00,manual_release
LOCK000500,hotel_room,FLT00135,BK000491,4,released,2027-02-20T15:38:00,2027-02-20T15:53:00,booking_confirmed
LOCK000501,activity_slot,FLT00094,BK000381,2,converted_to_booking,2027-03-19T13:43:00,2027-03-19T13:53:00,timeout
LOCK000502,hotel_room,CAR00408,BK000395,3,active,2026-10-19T07:54:00,2026-10-19T08:24:00,user_cancelled
LOCK000503,hotel_room,CAR00263,BK000552,1,active,2027-01-04T21:34:00,2027-01-04T21:44:00,user_cancelled
LOCK000504,flight_seat,ROOM00441,BK000677,3,released,2026-12-23T07:40:00,2026-12-23T07:45:00,payment_failed
LOCK000505,hotel_room,ROOM00451,BK000444,3,converted_to_booking,2026-11-16T05:04:00,2026-11-16T05:19:00,user_cancelled
LOCK000506,hotel_room,ROOM00026,BK000398,2,converted_to_booking,2026-11-07T21:41:00,2026-11-07T21:51:00,booking_confirmed
LOCK000507,hotel_room,CAR00374,BK000982,2,released,2027-03-05T05:30:00,2027-03-05T06:30:00,manual_release
LOCK000508,flight_seat,CAR00443,BK000248,3,released,2027-01-20T20:27:00,2027-01-20T20:37:00,manual_release
LOCK000509,flight_seat,ROOM00415,BK000482,1,expired,2026-10-20T20:53:00,2026-10-20T21:23:00,timeout
LOCK000510,activity_slot,AINV00495,BK000626,3,converted_to_booking,2027-02-23T14:16:00,2027-02-23T14:26:00,
LOCK000511,activity_slot,ROOM00300,BK000661,2,converted_to_booking,2027-03-01T19:16:00,2027-03-01T19:21:00,timeout
LOCK000512,activity_slot,AINV00087,BK000409,1,expired,2027-03-12T17:02:00,2027-03-12T17:17:00,payment_failed
LOCK000513,flight_seat,FLT00022,BK000411,3,converted_to_booking,2026-12-01T05:25:00,2026-12-01T05:40:00,timeout
LOCK000514,activity_slot,ROOM00341,BK000403,2,expired,2026-11-22T14:15:00,2026-11-22T14:45:00,booking_confirmed
LOCK000515,transport,CAR00500,BK000862,3,converted_to_booking,2027-02-20T06:08:00,2027-02-20T06:18:00,user_cancelled
LOCK000516,activity_slot,FLT00084,BK000855,4,released,2027-02-08T20:51:00,2027-02-08T20:56:00,
LOCK000517,activity_slot,FLT00400,BK000143,3,released,2027-01-11T00:05:00,2027-01-11T00:15:00,manual_release
LOCK000518,activity_slot,AINV00333,BK000220,1,active,2026-11-06T02:32:00,2026-11-06T03:32:00,user_cancelled
LOCK000519,hotel_room,ROOM00315,BK000898,2,released,2027-01-23T20:54:00,2027-01-23T21:24:00,user_cancelled
LOCK000520,hotel_room,AINV00004,BK000419,4,active,2026-12-19T20:18:00,2026-12-19T20:48:00,manual_release
LOCK000521,flight_seat,ROOM00060,BK000169,4,active,2026-11-15T00:25:00,2026-11-15T00:55:00,
LOCK000522,activity_slot,AINV00212,BK000392,4,released,2026-12-29T14:05:00,2026-12-29T14:35:00,booking_confirmed
LOCK000523,transport,AINV00406,BK000734,2,expired,2027-03-22T14:25:00,2027-03-22T14:35:00,
LOCK000524,transport,CAR00102,BK000142,2,active,2027-03-29T15:06:00,2027-03-29T15:16:00,user_cancelled
LOCK000525,hotel_room,CAR00274,BK000817,3,expired,2027-02-14T22:36:00,2027-02-14T22:51:00,timeout
LOCK000526,transport,AINV00209,BK000392,2,active,2027-01-27T06:19:00,2027-01-27T07:19:00,user_cancelled
LOCK000527,flight_seat,ROOM00194,BK000479,4,active,2026-12-19T22:01:00,2026-12-19T22:11:00,
LOCK000528,hotel_room,AINV00111,BK000921,1,released,2026-10-17T08:39:00,2026-10-17T09:39:00,
LOCK000529,flight_seat,FLT00072,BK000560,1,expired,2026-10-12T22:26:00,2026-10-12T22:41:00,user_cancelled
LOCK000530,hotel_room,FLT00357,BK000687,4,converted_to_booking,2027-03-03T13:02:00,2027-03-03T14:02:00,
LOCK000531,activity_slot,AINV00068,BK000813,2,converted_to_booking,2026-12-17T00:11:00,2026-12-17T00:21:00,timeout
LOCK000532,hotel_room,FLT00475,BK000685,1,released,2026-11-09T10:19:00,2026-11-09T10:34:00,
LOCK000533,activity_slot,ROOM00041,BK000949,3,released,2027-01-06T08:15:00,2027-01-06T09:15:00,manual_release
LOCK000534,activity_slot,ROOM00465,BK000649,4,active,2026-11-05T17:34:00,2026-11-05T18:04:00,booking_confirmed
LOCK000535,hotel_room,AINV00276,BK000302,3,active,2026-11-21T13:56:00,2026-11-21T14:01:00,manual_release
LOCK000536,flight_seat,CAR00033,BK000926,2,active,2027-01-29T05:15:00,2027-01-29T05:45:00,payment_failed
LOCK000537,flight_seat,FLT00143,BK000900,3,expired,2027-02-11T19:04:00,2027-02-11T19:19:00,user_cancelled
LOCK000538,activity_slot,CAR00293,BK000847,1,active,2026-12-14T03:19:00,2026-12-14T04:19:00,manual_release
LOCK000539,transport,AINV00046,BK000501,4,released,2027-03-27T15:24:00,2027-03-27T15:39:00,
LOCK000540,flight_seat,FLT00443,BK000554,3,converted_to_booking,2027-01-21T10:33:00,2027-01-21T10:38:00,user_cancelled
LOCK000541,activity_slot,ROOM00447,BK000365,3,converted_to_booking,2026-12-17T03:00:00,2026-12-17T03:15:00,
LOCK000542,transport,ROOM00389,BK000122,4,active,2027-01-26T20:48:00,2027-01-26T21:18:00,booking_confirmed
LOCK000543,activity_slot,AINV00213,BK000361,3,converted_to_booking,2026-11-20T22:57:00,2026-11-20T23:07:00,booking_confirmed
LOCK000544,activity_slot,FLT00243,BK000734,3,expired,2026-12-17T02:48:00,2026-12-17T03:18:00,manual_release
LOCK000545,flight_seat,ROOM00012,BK000376,1,active,2026-10-29T01:39:00,2026-10-29T02:39:00,booking_confirmed
LOCK000546,activity_slot,AINV00372,BK000453,2,converted_to_booking,2027-03-08T00:26:00,2027-03-08T00:41:00,timeout
LOCK000547,hotel_room,FLT00453,BK000600,2,released,2026-11-30T22:30:00,2026-11-30T22:45:00,
LOCK000548,transport,ROOM00369,BK000295,3,released,2026-11-30T14:25:00,2026-11-30T14:35:00,user_cancelled
LOCK000549,flight_seat,FLT00086,BK000127,1,converted_to_booking,2027-01-01T02:33:00,2027-01-01T02:38:00,timeout
LOCK000550,hotel_room,FLT00228,BK000274,2,expired,2026-12-20T19:52:00,2026-12-20T20:02:00,timeout
LOCK000551,transport,ROOM00429,BK000905,3,expired,2027-01-08T19:57:00,2027-01-08T20:07:00,booking_confirmed
LOCK000552,activity_slot,CAR00355,BK000833,1,active,2026-11-28T05:02:00,2026-11-28T05:07:00,user_cancelled
LOCK000553,activity_slot,CAR00033,BK000286,3,expired,2026-12-10T19:27:00,2026-12-10T19:37:00,payment_failed
LOCK000554,flight_seat,FLT00288,BK000267,4,expired,2026-12-02T11:54:00,2026-12-02T12:24:00,booking_confirmed
LOCK000555,hotel_room,AINV00409,BK000823,3,released,2027-03-15T11:07:00,2027-03-15T11:22:00,user_cancelled
LOCK000556,flight_seat,FLT00165,BK000816,1,expired,2027-03-02T17:10:00,2027-03-02T18:10:00,manual_release
LOCK000557,transport,FLT00329,BK000253,2,released,2027-03-06T12:24:00,2027-03-06T13:24:00,user_cancelled
LOCK000558,flight_seat,CAR00101,BK000203,3,released,2026-11-27T02:26:00,2026-11-27T02:31:00,manual_release
LOCK000559,hotel_room,CAR00248,BK000772,2,released,2026-12-12T14:41:00,2026-12-12T14:51:00,manual_release
LOCK000560,transport,CAR00117,BK000270,3,active,2027-01-01T00:03:00,2027-01-01T01:03:00,timeout
LOCK000561,flight_seat,FLT00315,BK000728,3,converted_to_booking,2026-12-27T15:10:00,2026-12-27T15:40:00,timeout
LOCK000562,hotel_room,CAR00042,BK000334,1,converted_to_booking,2027-02-25T05:37:00,2027-02-25T05:47:00,
LOCK000563,hotel_room,CAR00027,BK000348,2,active,2026-12-24T19:35:00,2026-12-24T20:05:00,
LOCK000564,activity_slot,AINV00111,BK000186,2,converted_to_booking,2026-11-20T22:43:00,2026-11-20T22:53:00,booking_confirmed
LOCK000565,hotel_room,ROOM00033,BK000116,4,released,2027-02-17T05:54:00,2027-02-17T06:04:00,payment_failed
LOCK000566,hotel_room,AINV00438,BK000437,1,released,2027-03-04T14:49:00,2027-03-04T14:59:00,
LOCK000567,transport,AINV00225,BK000773,1,released,2026-10-23T18:06:00,2026-10-23T18:36:00,payment_failed
LOCK000568,activity_slot,AINV00189,BK000398,4,converted_to_booking,2026-12-30T18:50:00,2026-12-30T19:00:00,timeout
LOCK000569,activity_slot,CAR00309,BK000248,1,converted_to_booking,2026-11-14T00:07:00,2026-11-14T00:37:00,manual_release
LOCK000570,transport,AINV00349,BK000269,2,expired,2027-03-27T17:35:00,2027-03-27T17:50:00,timeout
LOCK000571,flight_seat,ROOM00204,BK000401,2,released,2027-02-28T21:04:00,2027-02-28T22:04:00,
LOCK000572,flight_seat,AINV00486,BK000346,4,active,2026-10-08T08:54:00,2026-10-08T09:04:00,booking_confirmed
LOCK000573,flight_seat,ROOM00300,BK000702,4,active,2027-03-21T18:54:00,2027-03-21T19:54:00,payment_failed
LOCK000574,activity_slot,AINV00071,BK000143,4,released,2026-10-25T14:30:00,2026-10-25T14:40:00,timeout
LOCK000575,transport,CAR00085,BK000599,2,active,2027-03-09T20:36:00,2027-03-09T20:41:00,user_cancelled
LOCK000576,activity_slot,FLT00470,BK000644,1,active,2027-03-16T19:15:00,2027-03-16T19:20:00,timeout
LOCK000577,activity_slot,FLT00322,BK000996,4,active,2027-01-31T22:52:00,2027-01-31T23:52:00,
LOCK000578,flight_seat,ROOM00310,BK000094,4,active,2026-10-30T11:20:00,2026-10-30T11:50:00,
LOCK000579,activity_slot,ROOM00247,BK000336,2,active,2027-01-12T11:55:00,2027-01-12T12:05:00,booking_confirmed
LOCK000580,activity_slot,AINV00251,BK000032,1,released,2027-01-17T03:38:00,2027-01-17T03:48:00,payment_failed
LOCK000581,flight_seat,ROOM00072,BK000015,1,converted_to_booking,2026-12-24T08:56:00,2026-12-24T09:01:00,booking_confirmed
LOCK000582,hotel_room,AINV00228,BK000555,4,released,2026-11-13T07:48:00,2026-11-13T08:48:00,booking_confirmed
LOCK000583,transport,ROOM00258,BK000014,3,expired,2026-10-03T01:20:00,2026-10-03T01:50:00,booking_confirmed
LOCK000584,activity_slot,AINV00222,BK000397,1,converted_to_booking,2026-11-03T11:21:00,2026-11-03T12:21:00,manual_release
LOCK000585,flight_seat,AINV00078,BK000892,4,converted_to_booking,2027-01-12T17:22:00,2027-01-12T18:22:00,timeout
LOCK000586,flight_seat,CAR00329,BK000885,3,active,2027-03-25T21:51:00,2027-03-25T22:06:00,user_cancelled
LOCK000587,flight_seat,CAR00156,BK000502,4,expired,2026-11-04T01:27:00,2026-11-04T01:42:00,user_cancelled
LOCK000588,hotel_room,FLT00154,BK000499,3,converted_to_booking,2027-01-22T10:22:00,2027-01-22T10:27:00,user_cancelled
LOCK000589,flight_seat,CAR00149,BK000510,3,released,2026-12-09T10:12:00,2026-12-09T10:27:00,manual_release
LOCK000590,transport,CAR00172,BK000058,4,converted_to_booking,2026-11-12T09:05:00,2026-11-12T09:15:00,booking_confirmed
LOCK000591,activity_slot,FLT00081,BK000190,3,expired,2027-01-14T20:00:00,2027-01-14T20:05:00,
LOCK000592,transport,ROOM00298,BK000754,3,converted_to_booking,2026-12-14T15:48:00,2026-12-14T16:03:00,payment_failed
LOCK000593,activity_slot,ROOM00434,BK000217,1,released,2026-10-16T11:17:00,2026-10-16T11:22:00,payment_failed
LOCK000594,hotel_room,AINV00028,BK000342,2,expired,2027-03-12T21:18:00,2027-03-12T21:28:00,user_cancelled
LOCK000595,activity_slot,ROOM00087,BK000761,3,active,2026-11-03T06:16:00,2026-11-03T07:16:00,timeout
LOCK000596,flight_seat,AINV00432,BK000388,1,converted_to_booking,2027-01-30T17:00:00,2027-01-30T17:30:00,timeout
LOCK000597,hotel_room,AINV00006,BK000067,3,active,2027-01-01T05:14:00,2027-01-01T05:44:00,booking_confirmed
LOCK000598,activity_slot,AINV00091,BK000742,3,expired,2027-01-15T23:50:00,2027-01-16T00:50:00,payment_failed
LOCK000599,transport,AINV00304,BK000541,4,released,2026-12-27T19:58:00,2026-12-27T20:03:00,user_cancelled
LOCK000600,flight_seat,AINV00481,BK000884,1,active,2027-03-03T10:34:00,2027-03-03T10:39:00,payment_failed
LOCK000601,flight_seat,AINV00048,BK000448,1,released,2027-02-01T10:17:00,2027-02-01T10:27:00,user_cancelled
LOCK000602,flight_seat,ROOM00016,BK000560,2,converted_to_booking,2027-01-05T22:31:00,2027-01-05T23:31:00,booking_confirmed
LOCK000603,hotel_room,FLT00348,BK000982,4,released,2026-12-06T19:43:00,2026-12-06T20:43:00,payment_failed
LOCK000604,activity_slot,FLT00338,BK000204,2,expired,2026-10-12T07:44:00,2026-10-12T07:54:00,user_cancelled
LOCK000605,hotel_room,CAR00108,BK000817,2,converted_to_booking,2027-01-08T13:15:00,2027-01-08T14:15:00,
LOCK000606,flight_seat,ROOM00275,BK000676,2,converted_to_booking,2026-11-09T17:03:00,2026-11-09T18:03:00,manual_release
LOCK000607,flight_seat,FLT00006,BK000949,1,expired,2026-10-22T02:40:00,2026-10-22T02:45:00,manual_release
LOCK000608,transport,CAR00276,BK000141,1,active,2027-02-18T21:47:00,2027-02-18T21:52:00,booking_confirmed
LOCK000609,transport,CAR00437,BK000972,2,active,2027-03-15T00:23:00,2027-03-15T01:23:00,booking_confirmed
LOCK000610,transport,CAR00357,BK000469,3,expired,2027-01-20T08:06:00,2027-01-20T08:36:00,booking_confirmed
LOCK000611,hotel_room,ROOM00206,BK000667,3,active,2027-03-12T22:39:00,2027-03-12T23:09:00,timeout
LOCK000612,hotel_room,ROOM00398,BK000897,1,converted_to_booking,2026-12-17T07:34:00,2026-12-17T07:49:00,timeout
LOCK000613,transport,CAR00066,BK000563,2,expired,2027-03-30T02:34:00,2027-03-30T03:04:00,manual_release
LOCK000614,flight_seat,FLT00405,BK000311,1,expired,2026-12-04T05:23:00,2026-12-04T05:33:00,booking_confirmed
LOCK000615,transport,CAR00053,BK000933,1,released,2026-11-02T01:16:00,2026-11-02T02:16:00,
LOCK000616,hotel_room,CAR00082,BK000330,3,active,2027-01-05T13:33:00,2027-01-05T13:43:00,booking_confirmed
LOCK000617,activity_slot,FLT00200,BK000683,4,expired,2027-02-02T22:31:00,2027-02-02T23:01:00,timeout
LOCK000618,flight_seat,FLT00408,BK000537,4,converted_to_booking,2026-12-18T21:53:00,2026-12-18T22:03:00,payment_failed
LOCK000619,activity_slot,AINV00018,BK000007,2,converted_to_booking,2026-11-14T21:17:00,2026-11-14T21:22:00,booking_confirmed
LOCK000620,activity_slot,ROOM00430,BK000375,1,expired,2026-11-12T07:18:00,2026-11-12T07:23:00,manual_release
LOCK000621,flight_seat,CAR00420,BK000605,3,released,2026-12-07T20:28:00,2026-12-07T20:38:00,user_cancelled
LOCK000622,transport,AINV00217,BK000207,3,active,2027-03-13T11:03:00,2027-03-13T12:03:00,manual_release
LOCK000623,flight_seat,AINV00134,BK000767,1,released,2027-02-06T01:09:00,2027-02-06T01:19:00,timeout
LOCK000624,activity_slot,FLT00299,BK000331,2,expired,2026-10-09T11:29:00,2026-10-09T11:39:00,manual_release
LOCK000625,transport,AINV00016,BK000302,4,expired,2027-01-17T09:09:00,2027-01-17T09:19:00,timeout
LOCK000626,transport,CAR00110,BK000967,1,converted_to_booking,2027-01-15T22:40:00,2027-01-15T22:50:00,manual_release
LOCK000627,activity_slot,AINV00314,BK000912,4,released,2027-01-13T07:52:00,2027-01-13T08:52:00,
LOCK000628,flight_seat,FLT00372,BK000544,3,expired,2027-02-10T20:08:00,2027-02-10T21:08:00,manual_release
LOCK000629,transport,ROOM00305,BK000314,4,released,2027-02-08T15:12:00,2027-02-08T16:12:00,timeout
LOCK000630,hotel_room,AINV00481,BK000537,4,expired,2027-01-14T14:38:00,2027-01-14T14:43:00,user_cancelled
LOCK000631,activity_slot,CAR00437,BK000697,1,released,2027-01-15T01:40:00,2027-01-15T01:45:00,manual_release
LOCK000632,activity_slot,AINV00466,BK000966,1,released,2026-12-30T10:10:00,2026-12-30T10:20:00,timeout
LOCK000633,activity_slot,AINV00048,BK000612,1,expired,2026-10-19T19:14:00,2026-10-19T19:29:00,timeout
LOCK000634,activity_slot,FLT00067,BK000097,3,expired,2027-01-15T04:37:00,2027-01-15T04:47:00,manual_release
LOCK000635,activity_slot,AINV00194,BK000067,4,released,2027-02-22T11:44:00,2027-02-22T11:54:00,manual_release
LOCK000636,transport,FLT00344,BK000427,4,converted_to_booking,2026-11-09T08:17:00,2026-11-09T08:27:00,
LOCK000637,flight_seat,AINV00222,BK000860,1,released,2027-02-03T21:02:00,2027-02-03T21:07:00,payment_failed
LOCK000638,activity_slot,FLT00457,BK000458,1,converted_to_booking,2026-12-10T15:52:00,2026-12-10T16:02:00,
LOCK000639,activity_slot,ROOM00447,BK000749,1,expired,2027-02-09T18:56:00,2027-02-09T19:06:00,
LOCK000640,hotel_room,FLT00398,BK000961,3,released,2027-02-11T14:09:00,2027-02-11T14:19:00,
LOCK000641,hotel_room,CAR00204,BK000320,1,released,2027-03-03T08:10:00,2027-03-03T08:25:00,timeout
LOCK000642,activity_slot,CAR00010,BK000962,3,expired,2026-12-26T15:13:00,2026-12-26T16:13:00,user_cancelled
LOCK000643,activity_slot,ROOM00186,BK000624,1,expired,2026-10-31T21:00:00,2026-10-31T21:15:00,booking_confirmed
LOCK000644,flight_seat,AINV00175,BK000304,4,converted_to_booking,2026-10-09T08:08:00,2026-10-09T09:08:00,user_cancelled
LOCK000645,flight_seat,AINV00016,BK000062,4,active,2027-01-20T05:55:00,2027-01-20T06:55:00,
LOCK000646,flight_seat,ROOM00057,BK000163,4,expired,2026-12-09T04:52:00,2026-12-09T05:52:00,user_cancelled
LOCK000647,hotel_room,AINV00020,BK001000,1,converted_to_booking,2027-03-13T18:24:00,2027-03-13T18:29:00,user_cancelled
LOCK000648,flight_seat,ROOM00076,BK000102,2,expired,2027-01-08T10:25:00,2027-01-08T10:30:00,manual_release
LOCK000649,transport,CAR00072,BK000691,4,released,2026-11-23T20:30:00,2026-11-23T20:35:00,manual_release
LOCK000650,activity_slot,AINV00395,BK000413,1,converted_to_booking,2026-10-10T17:35:00,2026-10-10T18:05:00,booking_confirmed
LOCK000651,transport,FLT00164,BK000271,3,released,2027-01-19T22:02:00,2027-01-19T22:07:00,
LOCK000652,hotel_room,CAR00184,BK000197,4,released,2026-12-16T17:11:00,2026-12-16T17:21:00,manual_release
LOCK000653,transport,AINV00423,BK000385,1,expired,2027-01-21T10:19:00,2027-01-21T10:34:00,
LOCK000654,transport,AINV00443,BK000217,2,active,2026-10-12T01:26:00,2026-10-12T01:31:00,payment_failed
LOCK000655,activity_slot,CAR00034,BK000920,2,expired,2027-01-02T12:41:00,2027-01-02T12:46:00,payment_failed
LOCK000656,flight_seat,FLT00320,BK000700,4,released,2026-10-07T19:22:00,2026-10-07T19:52:00,timeout
LOCK000657,flight_seat,ROOM00152,BK000819,1,active,2026-12-22T03:37:00,2026-12-22T04:37:00,manual_release
LOCK000658,transport,AINV00415,BK000346,1,active,2027-01-21T02:30:00,2027-01-21T02:40:00,timeout
LOCK000659,activity_slot,AINV00373,BK000742,3,converted_to_booking,2027-03-06T23:36:00,2027-03-06T23:51:00,booking_confirmed
LOCK000660,activity_slot,AINV00289,BK000480,2,released,2026-11-30T12:55:00,2026-11-30T13:00:00,
LOCK000661,activity_slot,CAR00035,BK000531,4,converted_to_booking,2027-01-27T06:55:00,2027-01-27T07:55:00,user_cancelled
LOCK000662,flight_seat,FLT00346,BK000814,4,released,2026-12-20T17:17:00,2026-12-20T17:47:00,user_cancelled
LOCK000663,activity_slot,CAR00193,BK000500,4,expired,2026-12-06T06:05:00,2026-12-06T06:20:00,manual_release
LOCK000664,transport,AINV00208,BK000246,4,converted_to_booking,2027-02-19T00:38:00,2027-02-19T00:53:00,timeout
LOCK000665,hotel_room,AINV00399,BK000494,3,expired,2026-12-16T08:55:00,2026-12-16T09:05:00,timeout
LOCK000666,transport,AINV00165,BK000252,3,released,2026-11-19T04:12:00,2026-11-19T04:17:00,booking_confirmed
LOCK000667,hotel_room,AINV00244,BK000237,2,active,2027-02-26T20:35:00,2027-02-26T20:45:00,manual_release
LOCK000668,transport,ROOM00311,BK000392,2,active,2026-11-03T18:20:00,2026-11-03T18:25:00,booking_confirmed
LOCK000669,activity_slot,AINV00413,BK000005,4,converted_to_booking,2026-11-17T08:09:00,2026-11-17T09:09:00,user_cancelled
LOCK000670,transport,AINV00377,BK000523,4,released,2027-03-19T12:37:00,2027-03-19T12:47:00,booking_confirmed
LOCK000671,activity_slot,FLT00338,BK000360,3,active,2027-03-19T00:36:00,2027-03-19T00:46:00,booking_confirmed
LOCK000672,activity_slot,AINV00074,BK000748,3,expired,2026-10-16T19:31:00,2026-10-16T20:01:00,booking_confirmed
LOCK000673,flight_seat,ROOM00465,BK000302,4,released,2027-01-22T01:21:00,2027-01-22T01:51:00,payment_failed
LOCK000674,activity_slot,ROOM00207,BK000738,1,released,2027-03-19T03:11:00,2027-03-19T03:21:00,user_cancelled
LOCK000675,transport,FLT00029,BK000912,3,released,2026-12-27T07:25:00,2026-12-27T07:40:00,user_cancelled
LOCK000676,flight_seat,FLT00362,BK000044,3,released,2027-01-02T01:31:00,2027-01-02T01:36:00,payment_failed
LOCK000677,flight_seat,AINV00003,BK000467,2,released,2027-01-16T04:49:00,2027-01-16T05:19:00,timeout
LOCK000678,flight_seat,ROOM00252,BK000315,2,converted_to_booking,2027-01-30T21:07:00,2027-01-30T21:37:00,user_cancelled
LOCK000679,hotel_room,CAR00466,BK000117,1,released,2026-12-19T03:35:00,2026-12-19T04:05:00,manual_release
LOCK000680,flight_seat,ROOM00147,BK000262,3,active,2026-11-19T02:11:00,2026-11-19T02:16:00,user_cancelled
LOCK000681,hotel_room,ROOM00354,BK000858,3,converted_to_booking,2026-11-28T05:17:00,2026-11-28T05:22:00,
LOCK000682,flight_seat,ROOM00135,BK000462,3,active,2026-12-14T14:04:00,2026-12-14T14:09:00,timeout
LOCK000683,transport,ROOM00485,BK000916,1,converted_to_booking,2026-10-19T04:36:00,2026-10-19T04:46:00,user_cancelled
LOCK000684,hotel_room,ROOM00257,BK000279,2,released,2026-10-03T00:08:00,2026-10-03T00:23:00,payment_failed
LOCK000685,flight_seat,ROOM00080,BK000432,3,active,2027-02-24T09:22:00,2027-02-24T09:32:00,user_cancelled
LOCK000686,activity_slot,AINV00022,BK000362,4,expired,2026-10-14T22:18:00,2026-10-14T22:28:00,booking_confirmed
LOCK000687,transport,FLT00301,BK000083,4,converted_to_booking,2026-11-16T22:46:00,2026-11-16T23:16:00,
LOCK000688,flight_seat,FLT00485,BK000233,3,converted_to_booking,2026-10-14T02:10:00,2026-10-14T02:20:00,timeout
LOCK000689,transport,AINV00046,BK000692,3,converted_to_booking,2027-01-15T05:04:00,2027-01-15T06:04:00,
LOCK000690,flight_seat,CAR00234,BK000629,4,active,2027-01-15T07:22:00,2027-01-15T07:27:00,
LOCK000691,transport,AINV00386,BK000934,1,expired,2027-02-16T01:25:00,2027-02-16T01:40:00,user_cancelled
LOCK000692,hotel_room,AINV00119,BK000827,4,converted_to_booking,2027-02-04T23:23:00,2027-02-04T23:53:00,timeout
LOCK000693,hotel_room,CAR00423,BK000644,4,released,2027-01-28T18:59:00,2027-01-28T19:09:00,manual_release
LOCK000694,flight_seat,ROOM00357,BK000962,1,active,2026-12-10T10:58:00,2026-12-10T11:28:00,booking_confirmed
LOCK000695,activity_slot,ROOM00006,BK000023,3,released,2026-11-17T11:57:00,2026-11-17T12:07:00,manual_release
LOCK000696,hotel_room,ROOM00419,BK000391,4,active,2026-12-19T10:32:00,2026-12-19T10:42:00,user_cancelled
LOCK000697,flight_seat,CAR00209,BK000528,1,released,2026-11-30T16:32:00,2026-11-30T17:32:00,manual_release
LOCK000698,flight_seat,ROOM00455,BK000146,4,released,2026-11-07T14:47:00,2026-11-07T14:57:00,booking_confirmed
LOCK000699,transport,FLT00469,BK000399,4,converted_to_booking,2026-12-24T04:31:00,2026-12-24T04:36:00,manual_release
LOCK000700,transport,AINV00429,BK000317,2,active,2027-02-28T00:13:00,2027-02-28T00:28:00,user_cancelled
LOCK000701,activity_slot,ROOM00085,BK000324,2,active,2026-10-14T19:12:00,2026-10-14T19:22:00,payment_failed
LOCK000702,flight_seat,ROOM00405,BK000603,4,released,2027-03-13T17:04:00,2027-03-13T17:14:00,user_cancelled
LOCK000703,transport,CAR00359,BK000513,3,expired,2027-01-03T08:32:00,2027-01-03T08:47:00,
LOCK000704,hotel_room,ROOM00188,BK000403,4,active,2027-03-09T11:06:00,2027-03-09T11:11:00,user_cancelled
LOCK000705,hotel_room,AINV00058,BK000010,4,active,2027-01-09T11:41:00,2027-01-09T12:11:00,user_cancelled
LOCK000706,activity_slot,CAR00245,BK000647,4,converted_to_booking,2026-11-07T04:41:00,2026-11-07T04:51:00,payment_failed
LOCK000707,flight_seat,CAR00081,BK000626,4,converted_to_booking,2026-12-17T19:45:00,2026-12-17T19:55:00,user_cancelled
LOCK000708,activity_slot,ROOM00057,BK000701,4,expired,2027-01-16T17:22:00,2027-01-16T17:32:00,user_cancelled
LOCK000709,activity_slot,AINV00327,BK000108,1,active,2027-03-09T13:56:00,2027-03-09T14:01:00,payment_failed
LOCK000710,flight_seat,ROOM00234,BK000384,3,converted_to_booking,2026-10-10T15:10:00,2026-10-10T15:25:00,booking_confirmed
LOCK000711,flight_seat,ROOM00365,BK000053,1,active,2026-10-27T06:49:00,2026-10-27T07:49:00,
LOCK000712,transport,FLT00383,BK000330,3,expired,2026-12-08T12:30:00,2026-12-08T12:45:00,payment_failed
LOCK000713,transport,CAR00088,BK000976,2,released,2027-03-29T09:01:00,2027-03-29T10:01:00,payment_failed
LOCK000714,activity_slot,CAR00127,BK000966,4,expired,2027-03-23T05:22:00,2027-03-23T05:52:00,manual_release
LOCK000715,flight_seat,ROOM00122,BK000711,2,active,2026-11-24T15:27:00,2026-11-24T15:42:00,user_cancelled
LOCK000716,hotel_room,FLT00371,BK000693,2,active,2026-11-04T09:53:00,2026-11-04T10:08:00,payment_failed
LOCK000717,hotel_room,ROOM00078,BK000006,3,released,2026-11-22T15:46:00,2026-11-22T16:16:00,timeout
LOCK000718,transport,ROOM00056,BK000312,2,active,2027-01-10T02:41:00,2027-01-10T02:56:00,payment_failed
LOCK000719,transport,CAR00142,BK000956,1,expired,2026-12-07T21:14:00,2026-12-07T21:44:00,timeout
LOCK000720,flight_seat,ROOM00007,BK000074,3,converted_to_booking,2027-03-24T13:38:00,2027-03-24T13:48:00,user_cancelled
LOCK000721,hotel_room,FLT00437,BK000638,1,active,2026-10-14T19:18:00,2026-10-14T20:18:00,user_cancelled
LOCK000722,activity_slot,CAR00067,BK000827,2,converted_to_booking,2026-12-17T07:56:00,2026-12-17T08:56:00,booking_confirmed
LOCK000723,transport,FLT00111,BK000049,1,converted_to_booking,2027-01-02T21:14:00,2027-01-02T21:44:00,
LOCK000724,transport,CAR00122,BK000958,4,released,2026-10-18T13:36:00,2026-10-18T13:51:00,timeout
LOCK000725,transport,ROOM00216,BK000052,3,expired,2027-03-01T18:18:00,2027-03-01T18:23:00,manual_release
LOCK000726,flight_seat,FLT00051,BK000673,1,converted_to_booking,2027-03-12T15:53:00,2027-03-12T16:08:00,payment_failed
LOCK000727,activity_slot,AINV00091,BK000931,4,released,2026-10-19T05:05:00,2026-10-19T05:20:00,booking_confirmed
LOCK000728,hotel_room,FLT00194,BK000482,4,active,2027-01-06T15:21:00,2027-01-06T15:26:00,
LOCK000729,activity_slot,CAR00457,BK000265,4,released,2026-10-02T19:26:00,2026-10-02T19:36:00,manual_release
LOCK000730,flight_seat,CAR00416,BK000827,3,released,2027-02-01T10:45:00,2027-02-01T11:00:00,payment_failed
LOCK000731,flight_seat,ROOM00173,BK000566,2,released,2026-12-04T21:31:00,2026-12-04T22:01:00,payment_failed
LOCK000732,flight_seat,AINV00228,BK000296,3,released,2026-11-02T06:24:00,2026-11-02T06:39:00,manual_release
LOCK000733,hotel_room,CAR00047,BK000085,2,active,2026-11-08T00:30:00,2026-11-08T01:00:00,
LOCK000734,flight_seat,CAR00002,BK000703,1,converted_to_booking,2026-11-05T22:49:00,2026-11-05T22:59:00,manual_release
LOCK000735,flight_seat,CAR00452,BK000203,3,active,2026-10-24T15:49:00,2026-10-24T16:49:00,user_cancelled
LOCK000736,transport,ROOM00344,BK000165,4,active,2026-12-06T10:48:00,2026-12-06T10:53:00,
LOCK000737,activity_slot,ROOM00485,BK000284,1,released,2027-03-18T06:26:00,2027-03-18T06:41:00,timeout
LOCK000738,hotel_room,ROOM00141,BK000623,4,active,2027-03-20T07:48:00,2027-03-20T08:18:00,payment_failed
LOCK000739,hotel_room,ROOM00059,BK000825,4,active,2026-11-01T15:33:00,2026-11-01T15:48:00,timeout
LOCK000740,transport,ROOM00126,BK000522,4,active,2026-10-06T23:06:00,2026-10-06T23:11:00,
LOCK000741,flight_seat,AINV00002,BK000998,4,expired,2027-03-05T09:17:00,2027-03-05T09:22:00,timeout
LOCK000742,activity_slot,ROOM00085,BK000084,2,expired,2027-03-16T19:33:00,2027-03-16T19:43:00,payment_failed
LOCK000743,transport,AINV00448,BK000954,3,active,2027-03-03T16:36:00,2027-03-03T16:51:00,
LOCK000744,flight_seat,FLT00084,BK000357,3,active,2027-02-03T13:03:00,2027-02-03T13:18:00,payment_failed
LOCK000745,flight_seat,CAR00178,BK000767,1,expired,2026-12-18T20:46:00,2026-12-18T20:56:00,user_cancelled
LOCK000746,hotel_room,AINV00384,BK000483,4,converted_to_booking,2027-03-12T20:43:00,2027-03-12T20:48:00,timeout
LOCK000747,hotel_room,CAR00183,BK000480,4,released,2026-11-16T04:55:00,2026-11-16T05:00:00,manual_release
LOCK000748,activity_slot,ROOM00348,BK000265,2,released,2026-11-11T21:50:00,2026-11-11T21:55:00,timeout
LOCK000749,transport,FLT00166,BK000027,4,released,2026-11-26T00:02:00,2026-11-26T01:02:00,payment_failed
LOCK000750,flight_seat,CAR00308,BK000144,2,expired,2026-11-01T06:22:00,2026-11-01T06:27:00,user_cancelled
LOCK000751,transport,AINV00101,BK000181,4,active,2027-02-26T09:20:00,2027-02-26T09:50:00,timeout
LOCK000752,flight_seat,ROOM00090,BK000298,3,expired,2026-11-09T17:33:00,2026-11-09T17:48:00,booking_confirmed
LOCK000753,activity_slot,FLT00446,BK000441,4,released,2027-02-12T22:43:00,2027-02-12T22:53:00,user_cancelled
LOCK000754,flight_seat,ROOM00440,BK000749,1,active,2027-03-17T01:28:00,2027-03-17T02:28:00,booking_confirmed
LOCK000755,transport,AINV00183,BK000441,2,released,2027-02-13T01:25:00,2027-02-13T01:55:00,manual_release
LOCK000756,activity_slot,AINV00187,BK000566,4,expired,2026-11-28T01:14:00,2026-11-28T01:29:00,booking_confirmed
LOCK000757,hotel_room,FLT00223,BK000100,1,active,2026-12-27T11:34:00,2026-12-27T12:34:00,user_cancelled
LOCK000758,transport,FLT00342,BK000278,1,released,2026-12-26T18:03:00,2026-12-26T18:13:00,booking_confirmed
LOCK000759,activity_slot,CAR00350,BK000165,1,active,2026-11-14T04:12:00,2026-11-14T05:12:00,user_cancelled
LOCK000760,flight_seat,FLT00316,BK000797,2,converted_to_booking,2026-11-05T18:55:00,2026-11-05T19:25:00,user_cancelled
LOCK000761,activity_slot,FLT00007,BK000964,3,active,2026-10-16T06:30:00,2026-10-16T07:30:00,user_cancelled
LOCK000762,transport,CAR00165,BK000072,1,expired,2027-03-01T10:35:00,2027-03-01T10:45:00,manual_release
LOCK000763,hotel_room,FLT00188,BK000397,1,expired,2027-02-19T03:45:00,2027-02-19T04:15:00,
LOCK000764,activity_slot,CAR00417,BK000220,3,released,2027-03-01T15:11:00,2027-03-01T15:41:00,payment_failed
LOCK000765,activity_slot,ROOM00285,BK000317,2,released,2027-01-16T06:03:00,2027-01-16T06:18:00,timeout
LOCK000766,transport,AINV00266,BK000774,1,active,2026-10-08T10:43:00,2026-10-08T10:48:00,payment_failed
LOCK000767,flight_seat,CAR00023,BK000420,1,active,2027-02-02T04:49:00,2027-02-02T04:54:00,booking_confirmed
LOCK000768,transport,FLT00445,BK000298,1,active,2027-01-28T02:21:00,2027-01-28T02:51:00,
LOCK000769,flight_seat,FLT00197,BK000992,1,released,2027-02-28T21:29:00,2027-02-28T21:34:00,booking_confirmed
LOCK000770,activity_slot,FLT00374,BK000455,3,active,2026-11-21T21:49:00,2026-11-21T21:54:00,manual_release
LOCK000771,activity_slot,AINV00431,BK000502,4,released,2026-10-15T07:27:00,2026-10-15T07:42:00,timeout
LOCK000772,activity_slot,CAR00377,BK000361,3,expired,2027-03-17T15:19:00,2027-03-17T16:19:00,user_cancelled
LOCK000773,transport,CAR00108,BK000553,4,converted_to_booking,2027-02-04T01:42:00,2027-02-04T02:42:00,user_cancelled
LOCK000774,flight_seat,ROOM00041,BK000380,4,expired,2027-01-13T15:30:00,2027-01-13T15:45:00,payment_failed
LOCK000775,transport,ROOM00289,BK000324,3,released,2026-10-19T11:54:00,2026-10-19T12:24:00,payment_failed
LOCK000776,hotel_room,FLT00470,BK000640,2,active,2027-02-12T03:58:00,2027-02-12T04:28:00,user_cancelled
LOCK000777,hotel_room,CAR00393,BK000268,3,converted_to_booking,2027-02-18T14:27:00,2027-02-18T14:42:00,
LOCK000778,transport,FLT00451,BK000696,1,expired,2027-03-15T06:34:00,2027-03-15T06:39:00,payment_failed
LOCK000779,hotel_room,FLT00097,BK000713,4,expired,2027-01-12T20:36:00,2027-01-12T21:06:00,manual_release
LOCK000780,hotel_room,FLT00080,BK000207,3,expired,2027-01-10T17:30:00,2027-01-10T17:35:00,manual_release
LOCK000781,hotel_room,FLT00383,BK000934,3,active,2026-10-27T18:42:00,2026-10-27T19:12:00,user_cancelled
LOCK000782,activity_slot,AINV00057,BK000592,4,converted_to_booking,2026-10-12T00:22:00,2026-10-12T01:22:00,user_cancelled
LOCK000783,hotel_room,ROOM00264,BK000539,2,converted_to_booking,2026-11-24T16:16:00,2026-11-24T16:46:00,booking_confirmed
LOCK000784,activity_slot,CAR00135,BK000202,2,active,2026-10-23T01:30:00,2026-10-23T02:00:00,user_cancelled
LOCK000785,transport,CAR00474,BK000072,4,expired,2026-11-23T16:19:00,2026-11-23T16:34:00,
LOCK000786,flight_seat,ROOM00267,BK000473,3,converted_to_booking,2026-12-13T21:27:00,2026-12-13T21:37:00,
LOCK000787,flight_seat,FLT00207,BK000507,1,expired,2026-10-20T09:25:00,2026-10-20T09:40:00,user_cancelled
LOCK000788,flight_seat,AINV00401,BK000914,2,expired,2027-01-01T02:24:00,2027-01-01T02:54:00,manual_release
LOCK000789,transport,ROOM00420,BK000880,4,active,2027-01-23T02:04:00,2027-01-23T02:19:00,timeout
LOCK000790,activity_slot,FLT00049,BK000582,1,active,2027-02-15T10:52:00,2027-02-15T11:22:00,manual_release
LOCK000791,flight_seat,CAR00425,BK000565,2,converted_to_booking,2027-02-23T06:06:00,2027-02-23T07:06:00,booking_confirmed
LOCK000792,flight_seat,ROOM00044,BK000078,3,expired,2027-02-21T16:16:00,2027-02-21T16:21:00,
LOCK000793,flight_seat,AINV00290,BK000568,1,released,2027-03-01T04:04:00,2027-03-01T05:04:00,manual_release
LOCK000794,transport,FLT00481,BK000950,3,active,2026-12-05T18:30:00,2026-12-05T18:45:00,manual_release
LOCK000795,hotel_room,CAR00165,BK000727,1,released,2026-12-07T12:43:00,2026-12-07T12:48:00,payment_failed
LOCK000796,activity_slot,AINV00102,BK000175,2,released,2027-03-21T07:39:00,2027-03-21T07:49:00,
LOCK000797,transport,AINV00042,BK000501,2,expired,2026-10-08T12:57:00,2026-10-08T13:07:00,payment_failed
LOCK000798,hotel_room,CAR00096,BK000276,1,active,2027-03-22T21:16:00,2027-03-22T22:16:00,
LOCK000799,flight_seat,CAR00094,BK000123,4,converted_to_booking,2027-02-04T19:05:00,2027-02-04T19:20:00,manual_release
LOCK000800,hotel_room,CAR00052,BK000737,3,converted_to_booking,2027-03-23T12:02:00,2027-03-23T12:17:00,booking_confirmed
LOCK000801,hotel_room,FLT00128,BK000489,2,expired,2026-10-30T01:07:00,2026-10-30T01:22:00,user_cancelled
LOCK000802,hotel_room,CAR00236,BK000303,1,released,2027-03-05T17:59:00,2027-03-05T18:59:00,
LOCK000803,hotel_room,CAR00292,BK000216,1,expired,2026-11-07T03:12:00,2026-11-07T03:17:00,
LOCK000804,transport,AINV00172,BK000823,3,released,2027-02-22T06:55:00,2027-02-22T07:25:00,payment_failed
LOCK000805,flight_seat,CAR00325,BK000332,2,expired,2027-03-03T07:27:00,2027-03-03T08:27:00,booking_confirmed
LOCK000806,activity_slot,AINV00155,BK000216,1,released,2026-10-16T12:19:00,2026-10-16T13:19:00,payment_failed
LOCK000807,hotel_room,FLT00486,BK000534,1,converted_to_booking,2027-03-14T06:26:00,2027-03-14T06:41:00,
LOCK000808,flight_seat,CAR00105,BK000405,3,released,2027-03-25T21:00:00,2027-03-25T21:30:00,manual_release
LOCK000809,flight_seat,AINV00035,BK000162,3,expired,2027-01-23T04:21:00,2027-01-23T04:26:00,
LOCK000810,transport,CAR00134,BK000893,4,converted_to_booking,2026-11-06T01:55:00,2026-11-06T02:05:00,user_cancelled
LOCK000811,flight_seat,ROOM00302,BK000157,2,converted_to_booking,2027-02-26T04:04:00,2027-02-26T04:19:00,
LOCK000812,transport,ROOM00282,BK000358,3,released,2027-02-07T20:02:00,2027-02-07T20:32:00,manual_release
LOCK000813,activity_slot,FLT00335,BK000163,2,converted_to_booking,2026-10-08T02:02:00,2026-10-08T02:12:00,booking_confirmed
LOCK000814,hotel_room,ROOM00327,BK000602,2,released,2026-12-23T15:34:00,2026-12-23T16:04:00,user_cancelled
LOCK000815,activity_slot,FLT00407,BK000920,1,released,2026-11-11T09:22:00,2026-11-11T09:52:00,booking_confirmed
LOCK000816,activity_slot,AINV00285,BK000735,2,released,2026-10-07T08:09:00,2026-10-07T09:09:00,payment_failed
LOCK000817,flight_seat,CAR00497,BK000126,3,active,2026-11-15T01:48:00,2026-11-15T01:53:00,manual_release
LOCK000818,hotel_room,CAR00430,BK000077,4,converted_to_booking,2026-12-09T21:37:00,2026-12-09T22:07:00,manual_release
LOCK000819,activity_slot,AINV00034,BK000105,3,released,2026-12-24T13:53:00,2026-12-24T14:23:00,
LOCK000820,flight_seat,CAR00113,BK000343,3,active,2026-12-12T06:43:00,2026-12-12T07:43:00,timeout
LOCK000821,flight_seat,ROOM00396,BK000933,4,active,2026-10-05T01:14:00,2026-10-05T01:24:00,timeout
LOCK000822,activity_slot,AINV00131,BK000087,4,released,2026-11-28T18:35:00,2026-11-28T18:40:00,payment_failed
LOCK000823,activity_slot,FLT00035,BK000682,2,active,2026-10-28T03:30:00,2026-10-28T03:35:00,
LOCK000824,flight_seat,ROOM00219,BK000553,3,expired,2026-10-29T02:40:00,2026-10-29T02:55:00,
LOCK000825,activity_slot,CAR00465,BK000390,3,expired,2026-11-17T21:56:00,2026-11-17T22:11:00,timeout
LOCK000826,hotel_room,AINV00255,BK000043,1,active,2026-11-19T09:19:00,2026-11-19T09:49:00,manual_release
LOCK000827,transport,ROOM00005,BK000063,2,expired,2026-11-07T13:27:00,2026-11-07T14:27:00,manual_release
LOCK000828,flight_seat,ROOM00374,BK000568,4,active,2026-11-09T23:00:00,2026-11-09T23:30:00,timeout
LOCK000829,flight_seat,CAR00217,BK000080,4,released,2027-01-14T03:56:00,2027-01-14T04:26:00,timeout
LOCK000830,transport,FLT00484,BK000545,4,expired,2027-03-14T17:14:00,2027-03-14T17:24:00,booking_confirmed
LOCK000831,activity_slot,AINV00004,BK000735,3,released,2027-01-23T09:40:00,2027-01-23T09:55:00,user_cancelled
LOCK000832,transport,ROOM00460,BK000832,1,released,2027-02-18T01:09:00,2027-02-18T02:09:00,booking_confirmed
LOCK000833,hotel_room,FLT00322,BK000456,2,converted_to_booking,2027-02-28T03:33:00,2027-02-28T03:38:00,payment_failed
LOCK000834,flight_seat,FLT00002,BK000888,3,converted_to_booking,2026-12-31T14:40:00,2026-12-31T15:10:00,timeout
LOCK000835,transport,AINV00307,BK000514,2,expired,2026-12-05T22:15:00,2026-12-05T22:30:00,timeout
LOCK000836,flight_seat,AINV00331,BK000068,1,converted_to_booking,2027-03-02T17:37:00,2027-03-02T17:47:00,user_cancelled
LOCK000837,transport,AINV00446,BK000014,4,released,2027-01-08T01:52:00,2027-01-08T02:52:00,payment_failed
LOCK000838,activity_slot,ROOM00072,BK000635,1,released,2027-01-28T01:12:00,2027-01-28T01:27:00,
LOCK000839,activity_slot,AINV00115,BK000261,2,active,2026-12-04T02:59:00,2026-12-04T03:59:00,booking_confirmed
LOCK000840,flight_seat,FLT00395,BK000800,1,expired,2026-12-06T22:02:00,2026-12-06T23:02:00,user_cancelled
LOCK000841,hotel_room,FLT00393,BK000549,2,active,2027-01-31T12:25:00,2027-01-31T12:30:00,booking_confirmed
LOCK000842,flight_seat,ROOM00096,BK000018,3,expired,2027-03-04T20:26:00,2027-03-04T20:31:00,timeout
LOCK000843,hotel_room,ROOM00313,BK000141,3,expired,2027-03-22T19:57:00,2027-03-22T20:07:00,booking_confirmed
LOCK000844,flight_seat,CAR00273,BK000926,1,expired,2026-11-14T09:25:00,2026-11-14T09:55:00,timeout
LOCK000845,flight_seat,AINV00467,BK000592,1,released,2026-11-10T23:52:00,2026-11-11T00:22:00,booking_confirmed
LOCK000846,hotel_room,AINV00295,BK000397,4,converted_to_booking,2027-01-20T14:42:00,2027-01-20T14:57:00,timeout
LOCK000847,hotel_room,FLT00395,BK000941,1,active,2026-12-12T21:00:00,2026-12-12T21:15:00,user_cancelled
LOCK000848,activity_slot,CAR00460,BK000035,2,released,2026-11-14T14:44:00,2026-11-14T15:14:00,timeout
LOCK000849,flight_seat,ROOM00091,BK000429,4,released,2026-10-20T09:04:00,2026-10-20T09:34:00,timeout
LOCK000850,activity_slot,CAR00100,BK000847,2,converted_to_booking,2026-12-25T07:40:00,2026-12-25T08:40:00,manual_release
LOCK000851,hotel_room,ROOM00100,BK000834,2,active,2026-11-16T11:35:00,2026-11-16T11:40:00,booking_confirmed
LOCK000852,flight_seat,ROOM00203,BK000554,2,converted_to_booking,2027-01-10T14:40:00,2027-01-10T15:10:00,booking_confirmed
LOCK000853,activity_slot,CAR00376,BK000094,4,converted_to_booking,2026-11-25T20:21:00,2026-11-25T21:21:00,
LOCK000854,activity_slot,AINV00215,BK000973,4,released,2027-01-16T07:11:00,2027-01-16T07:21:00,payment_failed
LOCK000855,transport,ROOM00045,BK000615,4,active,2026-10-12T07:56:00,2026-10-12T08:01:00,booking_confirmed
LOCK000856,activity_slot,AINV00200,BK000898,4,expired,2027-02-25T23:19:00,2027-02-25T23:34:00,payment_failed
LOCK000857,activity_slot,AINV00453,BK000626,1,expired,2027-03-05T02:49:00,2027-03-05T02:59:00,booking_confirmed
LOCK000858,hotel_room,FLT00432,BK000395,4,active,2027-02-16T16:35:00,2027-02-16T17:35:00,manual_release
LOCK000859,transport,CAR00110,BK000412,4,active,2027-01-21T17:14:00,2027-01-21T18:14:00,manual_release
LOCK000860,transport,ROOM00274,BK000564,1,released,2026-10-27T16:40:00,2026-10-27T17:10:00,timeout
LOCK000861,hotel_room,CAR00051,BK000872,3,converted_to_booking,2026-10-12T23:49:00,2026-10-12T23:59:00,
LOCK000862,flight_seat,CAR00495,BK000669,2,released,2027-03-29T05:44:00,2027-03-29T05:54:00,manual_release
LOCK000863,activity_slot,FLT00217,BK000373,3,active,2026-10-27T10:11:00,2026-10-27T10:21:00,timeout
LOCK000864,activity_slot,FLT00227,BK000470,3,released,2027-01-09T00:19:00,2027-01-09T00:29:00,timeout
LOCK000865,transport,AINV00065,BK000939,2,expired,2027-01-10T09:08:00,2027-01-10T09:18:00,timeout
LOCK000866,activity_slot,ROOM00042,BK000650,1,released,2026-11-03T13:20:00,2026-11-03T14:20:00,
LOCK000867,flight_seat,FLT00354,BK000595,4,expired,2026-10-05T04:43:00,2026-10-05T04:48:00,payment_failed
LOCK000868,transport,ROOM00336,BK000853,3,converted_to_booking,2027-03-27T20:58:00,2027-03-27T21:28:00,payment_failed
LOCK000869,transport,CAR00139,BK000656,1,active,2027-02-11T07:02:00,2027-02-11T08:02:00,user_cancelled
LOCK000870,flight_seat,CAR00115,BK000486,3,active,2027-02-22T22:06:00,2027-02-22T22:16:00,
LOCK000871,hotel_room,CAR00197,BK000799,2,converted_to_booking,2026-10-19T09:26:00,2026-10-19T10:26:00,
LOCK000872,hotel_room,FLT00447,BK000637,4,active,2026-11-11T22:17:00,2026-11-11T23:17:00,booking_confirmed
LOCK000873,transport,FLT00216,BK000574,1,released,2026-12-04T00:29:00,2026-12-04T00:59:00,manual_release
LOCK000874,transport,CAR00218,BK000886,3,expired,2026-11-14T01:36:00,2026-11-14T02:06:00,manual_release
LOCK000875,flight_seat,FLT00323,BK000106,2,active,2026-12-29T03:25:00,2026-12-29T03:35:00,timeout
LOCK000876,activity_slot,ROOM00267,BK000793,2,converted_to_booking,2027-01-24T17:56:00,2027-01-24T18:01:00,booking_confirmed
LOCK000877,hotel_room,ROOM00341,BK000327,3,released,2027-03-24T07:46:00,2027-03-24T08:01:00,
LOCK000878,flight_seat,CAR00082,BK000493,4,expired,2027-02-26T08:04:00,2027-02-26T09:04:00,timeout
LOCK000879,flight_seat,ROOM00212,BK000409,3,active,2027-02-20T07:02:00,2027-02-20T07:12:00,timeout
LOCK000880,flight_seat,FLT00384,BK000036,3,released,2027-03-24T17:35:00,2027-03-24T17:45:00,
LOCK000881,flight_seat,FLT00393,BK000012,2,released,2026-12-10T00:09:00,2026-12-10T00:24:00,booking_confirmed
LOCK000882,flight_seat,FLT00006,BK000124,2,expired,2026-11-14T00:07:00,2026-11-14T00:22:00,payment_failed
LOCK000883,transport,ROOM00204,BK000968,4,active,2026-12-14T13:10:00,2026-12-14T13:15:00,timeout
LOCK000884,transport,FLT00167,BK000625,4,active,2026-12-16T00:38:00,2026-12-16T00:53:00,
LOCK000885,flight_seat,ROOM00268,BK000579,2,converted_to_booking,2026-12-13T01:32:00,2026-12-13T01:47:00,booking_confirmed
LOCK000886,transport,FLT00110,BK000970,4,active,2026-11-21T05:15:00,2026-11-21T05:45:00,manual_release
LOCK000887,hotel_room,AINV00157,BK000762,3,active,2026-10-17T14:50:00,2026-10-17T15:50:00,manual_release
LOCK000888,activity_slot,ROOM00405,BK000120,3,expired,2026-12-05T19:13:00,2026-12-05T19:28:00,manual_release
LOCK000889,flight_seat,CAR00122,BK000543,1,converted_to_booking,2027-01-07T01:51:00,2027-01-07T02:06:00,timeout
LOCK000890,activity_slot,FLT00105,BK000161,3,released,2027-02-01T12:11:00,2027-02-01T12:41:00,
LOCK000891,transport,FLT00244,BK000371,4,active,2026-12-09T01:40:00,2026-12-09T01:55:00,manual_release
LOCK000892,transport,CAR00164,BK000067,4,released,2026-10-08T11:04:00,2026-10-08T11:34:00,payment_failed
LOCK000893,flight_seat,CAR00157,BK000107,4,released,2027-02-08T17:08:00,2027-02-08T18:08:00,manual_release
LOCK000894,hotel_room,CAR00488,BK000222,2,active,2026-11-13T03:41:00,2026-11-13T03:46:00,booking_confirmed
LOCK000895,activity_slot,FLT00484,BK000437,2,active,2027-02-01T04:44:00,2027-02-01T04:54:00,user_cancelled
LOCK000896,activity_slot,AINV00484,BK000175,1,converted_to_booking,2026-11-19T20:34:00,2026-11-19T20:39:00,timeout
LOCK000897,activity_slot,FLT00197,BK000730,4,converted_to_booking,2027-02-28T03:19:00,2027-02-28T03:34:00,payment_failed
LOCK000898,activity_slot,FLT00324,BK000305,1,released,2026-12-28T15:15:00,2026-12-28T15:45:00,manual_release
LOCK000899,hotel_room,CAR00273,BK000351,2,active,2027-03-25T17:37:00,2027-03-25T17:47:00,user_cancelled
LOCK000900,hotel_room,CAR00141,BK000457,4,converted_to_booking,2026-12-14T22:42:00,2026-12-14T22:52:00,booking_confirmed
LOCK000901,hotel_room,ROOM00143,BK000077,1,expired,2026-10-03T09:34:00,2026-10-03T09:49:00,manual_release
LOCK000902,hotel_room,CAR00346,BK000406,3,converted_to_booking,2026-12-07T16:30:00,2026-12-07T17:30:00,payment_failed
LOCK000903,hotel_room,ROOM00242,BK000698,3,active,2026-10-24T20:58:00,2026-10-24T21:08:00,payment_failed
LOCK000904,transport,FLT00188,BK000831,4,expired,2027-01-09T03:45:00,2027-01-09T04:00:00,user_cancelled
LOCK000905,transport,AINV00279,BK000393,4,active,2026-12-06T08:41:00,2026-12-06T08:56:00,
LOCK000906,hotel_room,FLT00076,BK000801,3,active,2027-01-29T08:28:00,2027-01-29T08:38:00,user_cancelled
LOCK000907,flight_seat,FLT00308,BK000342,3,expired,2027-03-27T20:53:00,2027-03-27T21:53:00,user_cancelled
LOCK000908,flight_seat,ROOM00182,BK000404,4,converted_to_booking,2026-10-05T03:15:00,2026-10-05T03:30:00,booking_confirmed
LOCK000909,hotel_room,ROOM00135,BK000752,1,converted_to_booking,2026-12-22T06:45:00,2026-12-22T07:15:00,user_cancelled
LOCK000910,transport,AINV00449,BK000238,4,expired,2026-11-27T12:51:00,2026-11-27T13:01:00,timeout
LOCK000911,flight_seat,ROOM00355,BK000986,2,active,2026-11-03T12:07:00,2026-11-03T12:12:00,booking_confirmed
LOCK000912,activity_slot,ROOM00365,BK000506,4,expired,2026-12-31T09:36:00,2026-12-31T09:41:00,timeout
LOCK000913,activity_slot,FLT00362,BK000171,2,converted_to_booking,2027-01-02T22:46:00,2027-01-02T23:46:00,timeout
LOCK000914,transport,ROOM00101,BK000669,3,released,2026-10-18T03:45:00,2026-10-18T04:45:00,user_cancelled
LOCK000915,transport,AINV00365,BK000904,1,expired,2027-01-07T05:02:00,2027-01-07T06:02:00,
LOCK000916,activity_slot,CAR00344,BK000310,4,expired,2026-12-07T20:48:00,2026-12-07T21:48:00,timeout
LOCK000917,hotel_room,FLT00139,BK000517,2,expired,2027-01-01T19:30:00,2027-01-01T19:40:00,booking_confirmed
LOCK000918,hotel_room,ROOM00351,BK000627,3,converted_to_booking,2026-10-31T08:52:00,2026-10-31T09:07:00,manual_release
LOCK000919,transport,FLT00076,BK000666,4,released,2026-11-24T12:47:00,2026-11-24T13:02:00,payment_failed
LOCK000920,activity_slot,FLT00055,BK000141,3,expired,2027-01-04T07:34:00,2027-01-04T07:39:00,user_cancelled
LOCK000921,transport,FLT00002,BK000695,3,active,2026-10-16T06:56:00,2026-10-16T07:26:00,
LOCK000922,hotel_room,ROOM00222,BK000834,1,active,2027-01-14T08:57:00,2027-01-14T09:02:00,user_cancelled
LOCK000923,transport,ROOM00342,BK000712,3,active,2027-02-07T12:46:00,2027-02-07T13:01:00,timeout
LOCK000924,flight_seat,AINV00131,BK000619,4,expired,2026-12-01T02:21:00,2026-12-01T03:21:00,payment_failed
LOCK000925,flight_seat,ROOM00099,BK000064,3,converted_to_booking,2027-01-24T05:27:00,2027-01-24T06:27:00,manual_release
LOCK000926,hotel_room,FLT00155,BK000807,1,converted_to_booking,2026-12-28T17:57:00,2026-12-28T18:12:00,booking_confirmed
LOCK000927,flight_seat,ROOM00030,BK000074,3,released,2026-10-07T17:53:00,2026-10-07T17:58:00,timeout
LOCK000928,flight_seat,ROOM00488,BK000019,1,expired,2026-10-19T06:04:00,2026-10-19T06:34:00,
LOCK000929,flight_seat,ROOM00252,BK000573,2,active,2027-03-24T20:16:00,2027-03-24T21:16:00,manual_release
LOCK000930,hotel_room,CAR00390,BK000392,1,converted_to_booking,2027-03-27T12:06:00,2027-03-27T12:16:00,manual_release
LOCK000931,transport,ROOM00392,BK000988,2,released,2027-02-10T20:11:00,2027-02-10T20:21:00,user_cancelled
LOCK000932,flight_seat,AINV00427,BK000466,4,released,2026-10-20T08:32:00,2026-10-20T08:47:00,manual_release
LOCK000933,flight_seat,FLT00347,BK000180,4,converted_to_booking,2027-01-11T22:59:00,2027-01-11T23:29:00,manual_release
LOCK000934,flight_seat,ROOM00280,BK000979,2,active,2027-03-21T02:35:00,2027-03-21T02:50:00,user_cancelled
LOCK000935,transport,AINV00216,BK000503,2,converted_to_booking,2026-12-05T20:23:00,2026-12-05T20:33:00,timeout
LOCK000936,transport,FLT00465,BK000179,2,released,2027-02-23T03:52:00,2027-02-23T04:02:00,user_cancelled
LOCK000937,flight_seat,CAR00327,BK000127,3,active,2026-10-05T07:35:00,2026-10-05T07:45:00,payment_failed
LOCK000938,hotel_room,FLT00413,BK000857,2,released,2027-03-19T04:19:00,2027-03-19T04:49:00,
LOCK000939,hotel_room,FLT00261,BK000096,4,released,2026-11-18T10:08:00,2026-11-18T11:08:00,user_cancelled
LOCK000940,hotel_room,CAR00344,BK000258,2,converted_to_booking,2027-01-27T17:42:00,2027-01-27T18:12:00,manual_release
LOCK000941,transport,FLT00336,BK000384,1,converted_to_booking,2027-01-14T05:57:00,2027-01-14T06:27:00,payment_failed
LOCK000942,flight_seat,ROOM00470,BK000848,3,active,2026-11-13T10:40:00,2026-11-13T10:50:00,user_cancelled
LOCK000943,hotel_room,FLT00266,BK000035,1,expired,2026-10-04T06:23:00,2026-10-04T07:23:00,timeout
LOCK000944,activity_slot,AINV00385,BK000321,4,active,2027-03-14T04:53:00,2027-03-14T05:03:00,booking_confirmed
LOCK000945,activity_slot,AINV00320,BK000723,4,released,2027-03-06T16:29:00,2027-03-06T16:39:00,booking_confirmed
LOCK000946,flight_seat,AINV00123,BK000438,2,expired,2026-12-16T06:44:00,2026-12-16T07:44:00,payment_failed
LOCK000947,transport,AINV00363,BK000816,2,released,2027-01-04T08:00:00,2027-01-04T09:00:00,
LOCK000948,transport,CAR00326,BK000536,1,released,2026-12-04T10:41:00,2026-12-04T10:51:00,user_cancelled
LOCK000949,hotel_room,FLT00428,BK000218,2,expired,2026-10-16T11:17:00,2026-10-16T11:47:00,user_cancelled
LOCK000950,activity_slot,AINV00059,BK000172,4,released,2026-11-15T11:50:00,2026-11-15T12:20:00,timeout
LOCK000951,transport,FLT00231,BK000316,1,released,2026-11-26T01:14:00,2026-11-26T02:14:00,booking_confirmed
LOCK000952,flight_seat,ROOM00137,BK000327,4,active,2026-10-30T08:17:00,2026-10-30T09:17:00,manual_release
LOCK000953,flight_seat,FLT00142,BK000494,1,converted_to_booking,2026-11-14T12:51:00,2026-11-14T12:56:00,timeout
LOCK000954,activity_slot,ROOM00481,BK000268,2,active,2027-03-05T10:15:00,2027-03-05T11:15:00,manual_release
LOCK000955,flight_seat,ROOM00341,BK000092,4,expired,2027-03-07T09:46:00,2027-03-07T10:16:00,
LOCK000956,activity_slot,AINV00120,BK000514,1,active,2026-10-15T16:30:00,2026-10-15T16:40:00,timeout
LOCK000957,hotel_room,FLT00272,BK000946,3,active,2027-03-29T05:02:00,2027-03-29T05:12:00,timeout
LOCK000958,flight_seat,CAR00406,BK000415,3,released,2026-11-24T11:27:00,2026-11-24T11:37:00,payment_failed
LOCK000959,activity_slot,ROOM00025,BK000180,2,converted_to_booking,2026-10-13T11:59:00,2026-10-13T12:29:00,user_cancelled
LOCK000960,flight_seat,ROOM00335,BK000631,1,expired,2027-02-02T02:58:00,2027-02-02T03:03:00,manual_release
LOCK000961,flight_seat,CAR00131,BK000142,2,released,2027-03-13T09:41:00,2027-03-13T09:46:00,timeout
LOCK000962,activity_slot,FLT00162,BK000238,4,active,2027-02-26T03:50:00,2027-02-26T04:00:00,user_cancelled
LOCK000963,flight_seat,CAR00017,BK000783,3,converted_to_booking,2026-10-24T03:40:00,2026-10-24T04:40:00,timeout
LOCK000964,flight_seat,CAR00306,BK000555,3,expired,2027-02-02T11:00:00,2027-02-02T11:10:00,timeout
LOCK000965,hotel_room,FLT00426,BK000531,1,expired,2027-02-15T23:10:00,2027-02-16T00:10:00,booking_confirmed
LOCK000966,transport,FLT00059,BK000973,3,released,2026-10-24T03:25:00,2026-10-24T03:30:00,booking_confirmed
LOCK000967,transport,FLT00011,BK000827,3,expired,2026-12-23T10:56:00,2026-12-23T11:06:00,manual_release
LOCK000968,activity_slot,CAR00028,BK000201,1,expired,2026-10-25T06:04:00,2026-10-25T07:04:00,user_cancelled
LOCK000969,hotel_room,AINV00469,BK000975,4,converted_to_booking,2026-10-04T01:23:00,2026-10-04T01:33:00,user_cancelled
LOCK000970,hotel_room,ROOM00265,BK000760,3,active,2026-10-12T14:14:00,2026-10-12T14:19:00,manual_release
LOCK000971,transport,ROOM00135,BK000422,4,active,2027-03-28T16:49:00,2027-03-28T16:54:00,
LOCK000972,flight_seat,AINV00405,BK000984,3,released,2027-03-08T20:58:00,2027-03-08T21:13:00,payment_failed
LOCK000973,flight_seat,AINV00215,BK000238,4,active,2027-02-28T15:22:00,2027-02-28T15:32:00,booking_confirmed
LOCK000974,transport,AINV00054,BK000953,1,converted_to_booking,2027-03-16T13:32:00,2027-03-16T13:42:00,timeout
LOCK000975,activity_slot,CAR00428,BK000539,2,converted_to_booking,2026-11-11T07:06:00,2026-11-11T07:11:00,manual_release
LOCK000976,hotel_room,FLT00170,BK000673,3,active,2026-12-25T22:16:00,2026-12-25T22:31:00,timeout
LOCK000977,flight_seat,ROOM00358,BK000806,2,expired,2027-02-06T17:34:00,2027-02-06T17:39:00,booking_confirmed
LOCK000978,hotel_room,AINV00017,BK000705,3,expired,2026-12-05T10:13:00,2026-12-05T11:13:00,payment_failed
LOCK000979,activity_slot,ROOM00343,BK000067,2,converted_to_booking,2027-01-16T07:06:00,2027-01-16T07:21:00,user_cancelled
LOCK000980,activity_slot,CAR00414,BK000842,3,converted_to_booking,2027-01-24T10:23:00,2027-01-24T10:38:00,manual_release
LOCK000981,transport,AINV00389,BK000757,4,active,2027-02-01T22:22:00,2027-02-01T22:37:00,payment_failed
LOCK000982,hotel_room,CAR00229,BK000193,3,converted_to_booking,2027-01-04T12:24:00,2027-01-04T12:29:00,user_cancelled
LOCK000983,hotel_room,CAR00271,BK000314,1,released,2027-01-05T06:49:00,2027-01-05T07:49:00,
LOCK000984,activity_slot,CAR00486,BK000835,3,active,2027-01-03T22:18:00,2027-01-03T22:28:00,manual_release
LOCK000985,activity_slot,AINV00462,BK000246,4,released,2026-12-04T17:39:00,2026-12-04T18:39:00,payment_failed
LOCK000986,activity_slot,FLT00112,BK000811,2,active,2026-11-11T00:31:00,2026-11-11T01:01:00,booking_confirmed
LOCK000987,flight_seat,FLT00132,BK000081,3,expired,2026-11-21T12:35:00,2026-11-21T13:35:00,booking_confirmed
LOCK000988,hotel_room,ROOM00020,BK000312,1,expired,2026-11-24T09:23:00,2026-11-24T09:38:00,payment_failed
LOCK000989,flight_seat,ROOM00184,BK000023,3,active,2026-10-29T14:58:00,2026-10-29T15:58:00,
LOCK000990,hotel_room,AINV00071,BK000744,2,converted_to_booking,2026-11-02T22:39:00,2026-11-02T23:09:00,manual_release
LOCK000991,transport,CAR00031,BK000470,1,active,2026-11-11T23:09:00,2026-11-11T23:14:00,timeout
LOCK000992,flight_seat,AINV00218,BK000922,3,active,2026-11-23T00:19:00,2026-11-23T01:19:00,user_cancelled
LOCK000993,activity_slot,ROOM00391,BK000605,4,converted_to_booking,2027-01-22T20:59:00,2027-01-22T21:04:00,manual_release
LOCK000994,transport,FLT00039,BK000012,4,active,2026-11-02T00:23:00,2026-11-02T00:33:00,
LOCK000995,transport,ROOM00372,BK000651,1,released,2027-01-12T09:15:00,2027-01-12T09:30:00,payment_failed
LOCK000996,flight_seat,CAR00276,BK000033,2,released,2026-11-17T06:45:00,2026-11-17T06:55:00,booking_confirmed
LOCK000997,activity_slot,FLT00134,BK000174,1,active,2027-02-27T22:37:00,2027-02-27T22:52:00,timeout
LOCK000998,hotel_room,FLT00471,BK000647,3,active,2027-02-12T11:20:00,2027-02-12T11:35:00,
LOCK000999,hotel_room,AINV00300,BK000222,1,expired,2027-01-29T11:30:00,2027-01-29T12:00:00,timeout
LOCK001000,hotel_room,ROOM00426,BK000889,2,released,2026-12-01T14:26:00,2026-12-01T14:41:00,payment_failed
